Micro_Expression_Rate,Eye_Movement_Variability,Heart_Rate_Variability,Breathing_Rate,Reaction_Time_ms,Error_Rate_Per_Task,Sleep_Hours_Last_Night,Caffeine_Intake_mg,Experience_Level,Time_Of_Day,Task_Type,Subconscious_Stability_Score
,22.7,81.9,14.7,308.5,4.6,,93.7,Beginner,Evening,Cognitive,82.2
8.6,24.8,56.7,16.0,369.9,3.6,6.4,85.1,Expert,Afternoon,Creative,80.4
16.2,26.7,48.0,19.2,270.5,1.0,5.0,180.0,Intermediate,Afternoon,Cognitive,72.5
18.8,37.5,,17.6,388.9,3.2,9.4,172.8,Intermediate,Afternoon,Creative,74.8
18.5,26.6,62.0,18.2,259.4,3.6,7.3,208.6,Beginner,Afternoon,Cognitive,69.7
5.5,22.4,65.6,17.8,260.7,5.0,6.5,71.3,Beginner,Morning,Creative,81.9
14.0,30.8,67.6,14.9,326.9,4.6,9.3,82.9,Beginner,Morning,Cognitive,79.1
10.6,30.2,79.6,20.9,322.7,7.5,7.4,219.3,Expert,Afternoon,Analytical,93.2
15.6,27.0,54.0,14.0,349.0,2.0,6.7,199.4,Intermediate,Afternoon,Cognitive,81.3
13.3,29.0,,7.7,261.2,5.1,5.8,60.6,Intermediate,Afternoon,Cognitive,85.5
17.4,35.9,41.5,10.6,337.7,5.3,7.8,66.3,Beginner,Morning,Analytical,82.3
14.9,34.0,,15.6,236.1,4.6,7.8,135.2,Expert,Afternoon,Cognitive,96.1
7.4,33.5,51.1,15.0,210.2,3.4,8.0,194.5,Expert,Morning,Analytical,91.8
,22.9,68.9,14.4,411.4,2.6,,65.7,Beginner,Morning,Creative,67.4
15.0,47.3,55.1,16.5,372.3,3.9,9.2,125.2,Beginner,Morning,Analytical,79.2
,36.3,77.3,19.6,319.8,0.4,5.8,185.4,Beginner,Morning,Analytical,79.0
9.4,33.1,45.7,17.4,218.9,2.2,10.4,107.8,Beginner,Morning,Creative,79.1
8.9,23.0,70.2,17.9,297.1,2.1,9.7,115.4,Intermediate,Evening,Analytical,82.4
15.2,35.7,69.0,12.8,342.4,5.0,,205.3,Intermediate,Morning,Analytical,74.1
9.4,27.0,65.3,14.4,297.0,5.3,6.7,94.9,Beginner,Afternoon,Creative,78.8
8.3,28.8,48.8,18.1,398.1,1.9,5.9,196.1,Intermediate,Morning,Cognitive,76.5
13.2,19.9,65.3,16.3,351.5,1.4,7.2,111.0,Beginner,Evening,Cognitive,74.2
13.0,22.6,61.3,17.4,273.8,1.1,7.4,54.9,Beginner,Afternoon,Analytical,88.1
11.5,32.6,,17.8,240.2,6.0,8.3,153.4,Beginner,Morning,Cognitive,64.2
12.2,36.0,75.6,16.5,775.7,5.8,6.8,160.5,Intermediate,Afternoon,Cognitive,67.3
15.1,34.1,56.5,20.7,362.1,5.3,8.4,49.7,Intermediate,Afternoon,Analytical,82.2
12.1,33.9,,14.4,357.8,7.0,6.5,,Beginner,Afternoon,Creative,71.1
15.3,29.6,59.3,13.5,404.3,7.6,7.1,,Intermediate,Morning,Cognitive,74.6
13.5,27.6,69.8,10.7,342.9,2.0,8.1,100.9,Intermediate,Evening,Analytical,83.4
15.7,31.7,51.4,18.2,324.7,3.2,7.2,102.0,Beginner,Afternoon,Creative,73.6
18.5,34.9,62.1,14.3,358.2,5.6,6.0,211.8,Intermediate,Morning,Cognitive,71.7
18.4,30.0,61.4,19.8,381.7,-1.5,5.6,216.3,Beginner,Afternoon,Creative,68.5
20.2,37.3,56.8,16.7,354.4,3.5,8.6,87.3,Beginner,Afternoon,Analytical,69.5
,28.7,51.3,15.0,321.6,5.9,7.7,135.9,Expert,Evening,Creative,75.7
16.0,24.1,29.3,12.8,368.4,3.3,9.1,98.0,Expert,Afternoon,Creative,69.5
13.3,29.9,51.5,18.5,324.8,5.5,8.7,166.1,Expert,Afternoon,Analytical,83.6
13.4,30.6,67.0,15.8,295.6,-0.0,6.6,98.8,Beginner,Morning,Cognitive,79.2
,29.5,46.0,16.8,326.1,4.6,8.5,4.1,Beginner,Evening,Cognitive,73.3
15.0,37.7,48.1,17.8,304.0,3.1,7.5,58.1,Intermediate,Afternoon,Creative,70.6
17.8,34.8,45.7,16.8,315.7,3.5,6.8,182.5,Intermediate,Morning,Creative,69.3
12.1,21.4,62.1,13.5,277.7,2.1,11.0,76.8,Beginner,Morning,Creative,87.4
14.9,39.2,51.1,17.6,370.0,7.2,,167.1,Intermediate,Morning,Creative,79.8
12.3,13.6,72.2,18.5,330.7,4.1,8.0,142.3,Beginner,Evening,Cognitive,83.4
,42.9,67.3,17.1,355.5,4.3,5.7,77.3,Expert,Morning,Analytical,84.2
12.8,28.3,,17.9,344.1,8.1,6.3,110.7,Beginner,Afternoon,Analytical,58.8
12.0,28.9,63.0,18.2,274.9,2.2,6.2,82.5,Intermediate,Morning,Analytical,83.7
12.3,29.6,52.4,14.8,386.2,4.3,8.2,97.2,Beginner,Afternoon,Creative,67.6
17.0,32.3,52.4,14.7,308.7,2.6,7.6,12.9,Intermediate,Afternoon,Creative,84.3
14.6,30.0,67.1,22.7,301.9,2.5,6.5,113.1,Intermediate,Evening,Analytical,83.1
13.3,29.2,69.1,20.0,330.7,4.6,10.1,85.3,Beginner,Afternoon,Cognitive,82.2
16.0,37.9,67.0,15.9,331.7,3.4,6.4,124.6,Expert,Evening,Analytical,73.4
13.3,33.4,55.3,18.0,450.0,8.0,9.8,151.6,Intermediate,Afternoon,Cognitive,75.7
19.5,24.2,56.1,13.2,349.8,7.6,8.8,157.2,Expert,Morning,Creative,83.6
11.1,34.4,50.7,14.2,295.7,3.7,8.0,86.0,Expert,Morning,Analytical,86.4
14.3,33.1,67.7,12.3,414.9,0.9,5.8,81.3,Intermediate,Afternoon,Analytical,74.4
9.4,26.7,40.4,16.9,238.5,3.4,9.4,110.9,Expert,Evening,Creative,79.3
13.6,34.8,38.0,16.9,295.9,6.1,10.0,185.6,Beginner,Evening,Cognitive,65.7
8.3,29.1,40.0,19.3,292.2,2.2,7.4,89.2,Beginner,Morning,Analytical,80.4
18.0,28.7,38.6,15.4,319.8,7.2,,78.9,Beginner,Morning,Analytical,71.6
18.1,28.5,73.6,19.2,337.3,5.2,7.1,,Beginner,Morning,Cognitive,81.7
18.1,15.4,67.9,18.0,341.8,1.7,9.3,150.5,Beginner,Evening,Analytical,66.0
15.1,26.8,48.0,23.4,340.9,2.7,5.6,102.5,Beginner,Evening,Analytical,74.9
11.5,34.3,58.9,21.0,351.5,3.0,8.5,59.7,Expert,Evening,Creative,80.1
11.8,29.9,74.7,20.5,317.0,2.4,3.2,72.2,Beginner,Afternoon,Cognitive,78.1
21.1,22.3,65.0,18.5,384.5,1.7,5.2,160.1,Beginner,Afternoon,Analytical,67.4
20.7,35.8,81.1,13.3,239.4,2.8,5.4,128.6,Intermediate,Afternoon,Analytical,88.5
,28.2,58.9,16.9,192.4,3.2,7.0,79.8,Beginner,Morning,Creative,87.8
12.9,22.7,53.4,22.7,357.0,6.6,5.7,154.5,Expert,Afternoon,Analytical,79.0
20.5,43.2,49.2,17.5,303.4,4.9,,182.1,Beginner,Morning,Creative,68.0
12.2,23.7,60.2,13.5,405.9,5.0,6.7,159.4,Expert,Morning,Analytical,87.4
,35.3,69.4,17.0,372.1,4.7,6.8,,Intermediate,Evening,Creative,76.1
20.4,25.4,61.0,13.0,349.4,2.4,5.3,220.6,Beginner,Evening,Cognitive,54.8
11.7,30.8,56.4,13.4,295.7,6.3,5.0,199.5,Beginner,Afternoon,Cognitive,69.3
18.3,24.6,72.6,17.2,353.8,3.1,5.7,123.8,Expert,Afternoon,Analytical,89.8
,22.6,65.3,18.2,300.2,3.3,8.5,180.6,Intermediate,Afternoon,Analytical,85.6
14.8,33.1,58.9,13.6,323.0,4.8,11.0,159.1,Intermediate,Afternoon,Creative,81.2
11.0,32.4,52.3,14.3,303.7,9.0,9.2,88.0,Intermediate,Evening,Creative,73.6
12.1,36.9,57.5,11.7,333.0,2.9,6.5,216.0,Beginner,Evening,Cognitive,72.0
16.2,29.8,64.7,15.6,651.1,0.7,7.6,435.3,Beginner,Afternoon,Analytical,49.8
,43.3,52.2,10.2,370.0,4.6,7.0,191.9,Beginner,Morning,Creative,66.5
15.5,31.6,,15.1,342.6,5.4,6.8,157.8,Expert,Morning,Cognitive,75.7
17.2,33.4,55.2,16.2,294.5,3.1,7.2,176.7,Intermediate,Afternoon,Cognitive,63.8
,21.8,59.5,10.7,297.6,2.8,7.4,99.9,Beginner,Morning,Creative,79.8
9.4,26.3,73.6,13.0,256.5,1.5,4.4,185.7,Beginner,Evening,Analytical,77.7
20.3,33.1,48.4,15.8,222.4,4.7,6.1,42.6,Beginner,Morning,Cognitive,76.8
21.8,29.5,62.3,15.4,366.6,7.9,6.9,100.4,Beginner,Morning,Creative,66.8
,31.1,,15.5,463.3,7.4,10.6,-60.9,Intermediate,Afternoon,Cognitive,81.3
10.8,25.1,57.7,16.9,259.1,4.6,8.0,144.0,Intermediate,Evening,Analytical,78.9
13.7,30.7,75.4,11.0,342.2,3.2,8.7,181.8,Expert,Morning,Creative,78.7
14.8,30.7,60.8,18.1,283.9,4.8,6.8,219.0,Intermediate,Afternoon,Analytical,74.2
16.1,22.9,50.9,15.0,316.5,3.4,9.2,107.1,Beginner,Afternoon,Analytical,73.0
15.1,33.9,68.9,14.2,255.4,2.7,7.4,133.9,Intermediate,Morning,Cognitive,90.4
16.1,19.8,68.2,10.4,352.5,4.3,8.2,119.1,Intermediate,Afternoon,Analytical,91.6
14.6,31.1,50.0,15.2,324.4,6.6,7.3,228.5,Intermediate,Afternoon,Cognitive,82.4
,40.6,,17.5,345.0,3.6,7.8,139.9,Intermediate,Afternoon,Creative,76.4
13.2,34.1,64.1,16.4,298.6,3.6,6.3,,Intermediate,Evening,Creative,69.3
,34.0,59.7,16.5,332.4,3.5,,194.7,Intermediate,Morning,Cognitive,82.0
12.7,24.6,55.3,15.0,247.2,5.6,6.3,165.2,Intermediate,Morning,Cognitive,81.0
22.7,40.6,70.6,15.8,433.7,5.7,5.6,86.6,Beginner,Evening,Cognitive,55.8
20.9,38.3,54.1,12.7,340.7,1.8,,,Beginner,Afternoon,Analytical,77.0
17.2,24.9,64.2,16.0,405.4,3.6,9.8,125.3,Beginner,Afternoon,Creative,70.7
20.3,27.2,71.7,14.5,306.7,6.2,6.0,125.8,Intermediate,Evening,Creative,75.2
18.2,37.5,56.6,12.6,267.5,3.3,6.7,,Beginner,Morning,Analytical,78.0
15.7,40.8,41.7,18.3,295.4,6.8,7.4,185.0,Intermediate,Afternoon,Cognitive,76.5
9.0,22.4,56.0,11.3,317.8,5.4,5.0,131.0,Expert,Morning,Creative,83.2
14.0,24.0,61.9,17.6,314.2,7.5,4.9,155.2,Beginner,Morning,Analytical,70.5
13.7,29.1,70.0,17.8,413.1,3.4,8.7,221.9,Intermediate,Morning,Cognitive,85.4
10.5,17.0,54.8,14.4,277.2,5.4,7.1,73.4,Intermediate,Evening,Creative,72.2
9.1,30.1,77.2,19.1,289.8,5.5,5.4,-5.0,Beginner,Morning,Cognitive,86.8
17.0,37.1,47.0,14.4,355.7,6.2,6.5,,Beginner,Afternoon,Analytical,77.3
,21.4,61.6,14.2,240.7,4.7,6.2,223.8,Beginner,Evening,Creative,69.9
10.3,30.8,57.6,12.4,318.0,6.2,7.0,120.5,Beginner,Afternoon,Cognitive,68.3
12.0,26.5,73.5,16.0,327.1,2.7,7.3,,Expert,Afternoon,Cognitive,94.7
19.6,39.8,45.3,13.1,341.7,3.9,3.8,89.0,Expert,Afternoon,Cognitive,75.5
11.5,26.6,64.3,13.6,337.4,1.0,9.0,,Intermediate,Morning,Analytical,71.9
15.7,39.1,57.6,15.8,419.4,3.5,7.1,85.8,Expert,Afternoon,Cognitive,81.1
14.2,26.4,75.3,15.9,275.8,2.3,6.0,90.5,Expert,Afternoon,Creative,91.0
17.0,34.6,51.7,19.8,287.8,4.7,8.3,,Beginner,Evening,Creative,64.6
11.6,31.5,64.2,18.8,350.5,6.0,5.4,275.5,Expert,Evening,Cognitive,84.7
15.4,29.2,51.6,17.7,331.3,5.1,6.5,69.4,Intermediate,Evening,Analytical,70.8
15.7,25.3,61.9,15.6,337.6,5.6,5.2,87.8,Expert,Evening,Creative,81.7
15.9,31.9,,14.8,249.7,4.2,8.1,86.5,Expert,Afternoon,Creative,94.2
,27.4,56.1,15.9,429.1,3.7,8.8,215.5,Beginner,Afternoon,Creative,68.8
16.4,25.9,40.1,14.3,342.6,1.7,7.6,165.5,Beginner,Evening,Cognitive,69.2
,38.8,64.1,13.9,240.9,0.2,6.7,104.6,Beginner,Afternoon,Creative,90.8
25.2,33.3,49.2,15.8,350.6,1.0,5.1,89.9,Intermediate,Evening,Cognitive,67.5
12.4,33.9,48.8,13.4,264.8,2.7,6.3,213.8,Expert,Afternoon,Cognitive,80.6
5.7,27.7,44.4,13.5,366.5,5.8,7.3,122.5,Expert,Afternoon,Cognitive,71.7
17.4,28.9,49.4,18.9,254.2,1.5,6.1,117.7,Beginner,Afternoon,Cognitive,73.1
,28.5,65.0,11.9,370.3,2.4,6.3,-9.6,Intermediate,Evening,Cognitive,77.3
19.2,32.0,64.5,12.9,259.0,3.1,5.3,167.7,Intermediate,Morning,Creative,79.2
16.1,33.9,66.6,19.8,271.3,6.6,5.9,119.6,Beginner,Afternoon,Cognitive,81.7
,29.8,49.7,14.8,326.9,3.9,4.8,126.4,Beginner,Afternoon,Cognitive,69.5
19.5,25.2,62.1,20.1,289.4,4.3,7.4,126.2,Beginner,Morning,Cognitive,75.9
20.1,34.6,53.8,12.5,292.3,4.8,7.1,176.4,Expert,Evening,Cognitive,73.6
9.5,30.2,69.5,16.2,243.5,6.8,7.1,-14.0,Beginner,Afternoon,Cognitive,83.6
11.7,21.4,64.3,18.3,303.5,4.2,6.5,48.2,Intermediate,Afternoon,Cognitive,86.2
14.6,17.2,53.4,13.3,364.2,0.5,6.1,237.5,Intermediate,Morning,Creative,68.4
15.4,31.8,70.4,21.0,413.9,4.3,6.6,46.4,Beginner,Afternoon,Cognitive,76.7
14.1,25.0,,14.8,361.4,6.9,6.4,74.2,Expert,Afternoon,Cognitive,92.5
16.7,32.6,46.1,17.5,354.2,5.3,7.2,195.1,Expert,Afternoon,Creative,72.7
19.0,25.3,43.3,14.0,235.6,4.4,9.7,,Beginner,Morning,Creative,70.2
21.9,30.8,46.5,20.5,318.6,4.7,6.7,123.6,Intermediate,Evening,Analytical,68.0
17.3,27.7,76.5,16.9,287.4,0.3,6.1,215.4,Beginner,Afternoon,Creative,79.1
11.6,40.5,,22.3,244.5,0.0,6.6,85.5,Beginner,Afternoon,Creative,81.6
14.4,35.7,78.8,19.5,256.4,5.8,6.3,87.8,Beginner,Afternoon,Cognitive,85.5
14.7,38.1,49.3,18.5,353.4,6.6,6.3,165.6,Intermediate,Afternoon,Analytical,75.5
17.1,30.1,48.3,13.1,292.1,2.7,,129.6,Intermediate,Afternoon,Cognitive,83.2
16.6,34.9,68.8,16.3,246.2,4.4,8.0,181.7,Beginner,Afternoon,Analytical,88.3
23.2,30.5,69.3,15.0,288.2,5.2,8.0,81.3,Beginner,Afternoon,Cognitive,77.6
13.2,38.8,65.6,16.1,334.5,7.3,8.4,132.0,Expert,Afternoon,Creative,86.3
,29.6,66.8,16.4,286.3,3.8,,115.6,Beginner,Afternoon,Creative,77.7
24.4,21.6,52.0,13.3,259.5,5.5,6.5,96.5,Beginner,Morning,Analytical,82.5
12.7,18.0,68.3,15.5,274.0,8.0,4.6,,Intermediate,Afternoon,Cognitive,82.8
15.6,40.0,62.4,15.7,364.2,3.4,10.0,,Expert,Morning,Cognitive,75.3
11.2,32.9,56.3,13.0,216.1,4.1,3.6,87.7,Beginner,Morning,Creative,79.7
15.3,33.3,,18.4,306.6,1.8,6.5,195.2,Intermediate,Evening,Creative,77.8
11.9,38.9,70.6,16.7,314.2,1.9,4.9,154.0,Intermediate,Afternoon,Analytical,85.3
19.2,20.1,63.9,18.4,282.2,5.8,7.6,146.7,Beginner,Afternoon,Creative,69.4
15.6,27.8,38.4,17.5,272.1,6.4,5.6,109.1,Intermediate,Afternoon,Analytical,65.3
11.3,28.6,,10.9,369.2,6.3,8.7,66.5,Beginner,Evening,Analytical,76.0
18.4,34.5,68.1,13.5,369.0,1.9,7.3,133.4,Intermediate,Afternoon,Analytical,79.0
15.7,25.8,,21.0,325.3,3.6,9.3,205.1,Intermediate,Evening,Analytical,70.4
18.8,22.8,61.2,18.4,292.8,5.0,7.2,,Intermediate,Afternoon,Creative,76.7
10.4,22.7,61.1,11.1,325.6,-0.6,8.7,147.2,Beginner,Evening,Analytical,68.8
,36.9,40.2,17.4,340.2,4.9,,92.8,Expert,Evening,Creative,70.0
18.1,25.5,56.0,13.5,314.4,7.8,8.5,,Beginner,Evening,Analytical,65.9
13.3,26.7,56.4,9.7,341.6,6.3,6.8,110.7,Beginner,Morning,Creative,70.1
10.0,33.8,58.4,21.0,302.3,-0.8,7.4,147.0,Beginner,Morning,Analytical,85.3
14.8,25.8,54.7,16.2,162.4,4.8,8.4,110.6,Intermediate,Morning,Creative,97.9
,19.8,66.6,16.7,310.3,4.4,7.6,89.8,Intermediate,Morning,Cognitive,82.0
19.5,20.5,51.9,12.2,354.2,4.5,,25.4,Beginner,Evening,Analytical,60.3
13.3,29.7,69.1,12.5,321.5,4.2,6.3,133.2,Intermediate,Morning,Analytical,84.0
9.9,33.0,66.2,11.2,337.2,3.3,5.4,156.6,Beginner,Morning,Cognitive,73.8
13.3,28.8,73.6,20.3,306.4,-0.7,8.1,123.8,Intermediate,Morning,Cognitive,91.7
13.1,32.6,77.3,11.1,310.4,4.6,6.5,115.6,Beginner,Morning,Analytical,82.9
16.8,20.3,77.4,20.9,328.5,5.3,6.3,209.2,Intermediate,Morning,Creative,81.7
14.6,20.7,48.1,13.0,417.2,2.9,7.3,217.3,Beginner,Evening,Analytical,56.7
12.0,43.5,63.4,12.3,362.1,6.5,6.6,184.3,Expert,Afternoon,Creative,82.5
19.4,37.4,52.8,15.8,355.5,0.7,,,Beginner,Morning,Cognitive,71.1
15.6,34.6,92.8,13.9,330.2,0.5,8.2,125.8,Beginner,Afternoon,Creative,81.7
16.7,26.0,66.1,16.3,253.4,4.2,8.1,56.8,Beginner,Afternoon,Analytical,83.2
8.1,28.6,74.2,13.4,381.3,2.6,6.4,5.6,Expert,Morning,Cognitive,95.9
5.3,30.0,64.4,15.1,365.4,5.9,8.1,202.3,Expert,Afternoon,Cognitive,83.8
9.2,37.9,33.6,13.7,338.3,3.1,7.8,126.8,Beginner,Afternoon,Analytical,77.3
13.1,32.4,,18.6,317.8,6.7,5.2,323.5,Intermediate,Afternoon,Analytical,69.0
17.3,33.2,53.1,17.5,347.3,2.6,6.6,85.0,Expert,Afternoon,Cognitive,80.9
5.6,29.0,56.1,16.7,308.4,4.3,6.7,145.6,Intermediate,Morning,Creative,83.6
21.4,34.8,63.6,19.2,356.4,0.0,9.2,181.3,Intermediate,Evening,Creative,65.3
15.7,31.8,65.0,16.8,278.1,3.9,6.4,80.8,Beginner,Evening,Creative,71.9
20.4,30.3,33.7,16.5,224.5,4.1,7.7,103.8,Beginner,Evening,Analytical,72.6
,25.5,57.6,15.6,259.9,6.4,9.0,108.3,Expert,Morning,Cognitive,90.9
,29.3,55.1,13.9,327.1,1.0,5.6,95.6,Expert,Evening,Creative,79.1
15.3,23.5,,13.9,304.9,3.4,7.4,143.9,Intermediate,Evening,Cognitive,74.3
18.3,29.8,,16.4,312.6,6.9,10.0,123.3,Beginner,Evening,Creative,70.8
14.1,30.5,58.2,19.1,255.2,7.2,4.6,-2.2,Beginner,Morning,Cognitive,74.2
,15.6,62.2,17.7,335.1,2.3,6.1,126.6,Intermediate,Afternoon,Analytical,76.4
19.4,28.6,,17.7,268.2,2.6,7.4,142.4,Expert,Evening,Analytical,75.1
12.4,22.9,,12.7,344.8,0.6,,117.6,Expert,Afternoon,Analytical,97.2
16.0,33.0,56.0,17.6,249.3,-0.2,7.2,218.8,Intermediate,Afternoon,Creative,79.0
7.4,33.8,51.9,14.8,278.1,3.2,7.8,140.9,Intermediate,Evening,Analytical,82.1
17.8,27.4,73.1,16.5,271.3,2.7,,121.4,Beginner,Afternoon,Analytical,80.5
22.8,33.3,62.7,17.7,348.7,8.1,7.1,174.6,Beginner,Afternoon,Analytical,71.6
10.0,33.5,53.3,12.5,296.9,4.7,6.9,256.0,Expert,Afternoon,Cognitive,76.4
14.6,28.6,54.0,16.5,341.2,3.6,7.9,111.4,Intermediate,Evening,Cognitive,69.7
,39.2,63.7,16.7,377.0,5.3,10.0,183.2,Beginner,Morning,Cognitive,75.4
15.1,25.6,62.9,19.0,409.0,6.1,7.9,230.3,Beginner,Afternoon,Cognitive,65.6
15.7,38.8,,14.4,331.6,6.4,8.6,106.2,Intermediate,Afternoon,Cognitive,82.5
13.4,28.6,48.0,15.8,264.9,4.5,4.6,49.6,Beginner,Evening,Cognitive,60.0
13.3,24.9,49.4,16.5,382.6,4.0,6.7,146.3,Beginner,Afternoon,Cognitive,65.1
14.7,27.9,52.5,14.4,395.6,4.3,5.2,200.8,Intermediate,Evening,Analytical,76.6
15.2,23.4,58.0,14.4,317.0,3.9,7.0,102.9,Intermediate,Evening,Analytical,87.9
10.3,34.7,59.6,14.3,385.9,2.9,9.1,185.7,Intermediate,Morning,Creative,78.7
14.7,20.4,58.4,15.6,336.7,6.1,5.1,68.4,Beginner,Afternoon,Analytical,71.7
21.3,38.3,58.9,21.2,237.0,3.6,9.6,105.2,Intermediate,Morning,Cognitive,87.7
13.3,24.4,78.8,15.7,288.4,2.0,7.0,,Beginner,Morning,Cognitive,85.9
10.1,35.0,68.5,17.5,294.7,4.0,,111.6,Beginner,Afternoon,Creative,75.2
14.4,30.1,71.9,16.1,301.8,5.4,8.5,68.4,Intermediate,Evening,Analytical,86.2
12.1,31.6,64.6,15.1,273.3,1.1,10.0,99.9,Intermediate,Evening,Analytical,83.5
9.6,26.5,,15.9,271.8,3.5,,2.0,Expert,Morning,Creative,95.5
15.6,32.1,64.1,18.3,387.3,2.4,5.7,161.6,Intermediate,Morning,Cognitive,83.4
12.2,30.8,62.3,15.8,233.2,8.4,,122.2,Intermediate,Afternoon,Cognitive,82.0
12.5,21.3,68.1,15.5,283.8,4.2,3.0,189.0,Beginner,Afternoon,Cognitive,72.0
15.6,24.2,50.2,15.3,351.1,7.1,5.6,114.6,Beginner,Morning,Cognitive,72.2
8.9,26.8,67.2,13.0,292.1,4.5,6.1,12.1,Beginner,Evening,Creative,84.4
8.0,25.5,61.7,19.1,340.0,4.7,3.8,139.1,Beginner,Evening,Analytical,77.3
17.7,37.5,41.9,14.7,299.9,3.9,9.5,80.3,Expert,Afternoon,Cognitive,73.1
7.3,30.0,60.9,20.4,341.9,3.6,9.0,,Beginner,Evening,Analytical,70.4
11.1,25.3,46.9,16.7,268.1,3.9,7.7,107.3,Expert,Afternoon,Analytical,87.8
7.8,27.1,54.7,20.2,227.1,2.7,8.5,240.9,Intermediate,Afternoon,Cognitive,82.4
13.1,27.0,58.4,15.4,299.9,4.0,7.5,66.3,Intermediate,Afternoon,Cognitive,86.3
16.7,28.3,44.9,13.8,230.6,0.8,8.3,,Intermediate,Morning,Cognitive,80.0
15.4,23.5,59.5,19.1,316.7,4.3,,155.9,Intermediate,Evening,Analytical,84.2
24.6,25.1,60.7,14.3,263.2,1.6,4.8,100.2,Intermediate,Afternoon,Creative,73.8
19.3,34.6,67.6,19.9,263.8,4.2,8.4,40.0,Beginner,Afternoon,Cognitive,79.6
,31.1,55.5,17.7,393.6,4.6,8.7,108.0,Intermediate,Afternoon,Analytical,70.8
10.2,29.1,62.7,20.4,333.7,6.8,6.1,10.9,Beginner,Morning,Analytical,70.9
25.8,30.0,59.0,13.1,243.2,4.6,6.7,78.1,Beginner,Morning,Cognitive,86.1
19.3,29.7,,18.9,317.6,3.5,5.8,109.3,Intermediate,Afternoon,Creative,78.8
17.4,28.7,43.3,13.8,312.9,2.7,7.5,180.1,Beginner,Afternoon,Cognitive,74.2
15.3,33.1,58.9,8.8,216.6,5.4,7.6,136.8,Expert,Morning,Cognitive,83.6
16.1,32.7,67.4,18.7,337.4,3.8,7.3,95.8,Expert,Afternoon,Creative,87.5
9.1,20.6,50.7,16.0,367.6,2.5,5.9,92.1,Expert,Afternoon,Cognitive,91.5
15.6,29.2,57.8,18.9,298.9,4.3,9.1,,Beginner,Afternoon,Cognitive,77.7
15.3,21.0,59.3,16.3,305.4,0.3,6.1,175.2,Beginner,Afternoon,Creative,78.9
11.4,33.8,71.0,16.1,292.1,4.2,7.8,30.9,Expert,Evening,Analytical,97.9
12.8,34.6,60.3,20.5,339.3,2.4,,69.2,Intermediate,Afternoon,Analytical,81.1
21.1,26.3,62.9,16.4,307.5,3.3,4.4,30.6,Expert,Afternoon,Analytical,88.8
14.5,29.3,59.9,14.6,309.5,8.0,7.5,155.1,Expert,Morning,Analytical,92.5
23.3,17.3,55.1,15.7,279.5,3.0,8.9,210.9,Expert,Morning,Analytical,84.1
8.0,35.8,48.7,16.5,422.1,5.6,,154.4,Beginner,Morning,Cognitive,59.7
12.9,34.3,57.1,7.5,307.0,6.1,8.3,158.8,Beginner,Afternoon,Creative,76.6
8.8,36.9,63.9,17.5,355.0,5.7,6.0,,Expert,Morning,Analytical,85.5
10.2,38.9,61.2,20.1,333.3,4.7,8.6,149.3,Beginner,Morning,Creative,77.2
11.7,22.7,,15.9,192.0,1.8,5.3,74.9,Beginner,Evening,Analytical,84.8
16.3,35.3,69.5,14.7,301.5,2.7,7.0,85.5,Intermediate,Morning,Cognitive,83.8
16.1,38.9,72.4,17.2,262.4,1.7,8.9,117.7,Expert,Morning,Analytical,99.6
12.3,21.0,39.7,21.2,368.8,3.3,8.8,122.5,Intermediate,Morning,Analytical,75.3
6.1,29.0,75.8,17.4,256.7,3.3,5.1,227.5,Intermediate,Evening,Creative,88.5
,27.8,62.7,16.6,344.7,2.2,6.7,172.0,Beginner,Morning,Creative,67.6
13.9,35.1,,14.8,369.8,5.1,6.1,126.9,Intermediate,Afternoon,Cognitive,81.5
10.5,15.6,69.0,12.8,334.0,3.0,8.8,222.6,Expert,Afternoon,Creative,82.0
,40.9,60.2,16.1,320.2,3.3,6.9,264.2,Beginner,Afternoon,Creative,69.0
15.8,29.3,49.3,16.1,300.2,0.9,7.2,121.2,Intermediate,Afternoon,Creative,76.1
13.7,35.5,74.5,10.2,473.7,4.1,7.7,273.7,Expert,Evening,Cognitive,84.1
15.6,29.6,52.3,13.8,253.0,3.8,5.2,45.7,Intermediate,Morning,Cognitive,76.8
10.4,33.0,50.1,19.5,328.9,2.8,7.4,129.9,Intermediate,Morning,Cognitive,77.7
18.0,16.1,,15.2,372.6,4.8,5.5,79.3,Intermediate,Morning,Creative,77.2
11.0,27.7,,8.6,276.4,4.2,6.3,6.8,Beginner,Morning,Creative,79.4
12.6,35.1,60.0,20.8,320.9,5.2,6.3,179.4,Beginner,Morning,Cognitive,79.1
17.6,31.7,59.0,13.3,314.8,5.3,7.7,126.4,Expert,Morning,Creative,79.4
19.8,20.2,73.5,14.6,335.6,5.4,5.8,67.9,Expert,Afternoon,Creative,90.8
21.3,30.4,64.6,19.2,293.2,7.3,6.3,10.4,Expert,Afternoon,Analytical,84.2
19.2,25.1,51.4,13.8,244.6,4.3,7.5,83.5,Expert,Afternoon,Cognitive,83.9
13.7,24.6,52.8,10.1,264.0,2.1,9.1,79.6,Intermediate,Afternoon,Cognitive,83.1
8.8,20.9,56.1,16.7,204.1,3.1,7.7,113.4,Intermediate,Morning,Creative,99.6
20.6,33.7,56.2,18.4,358.8,3.2,8.7,,Intermediate,Morning,Creative,77.1
20.5,36.7,54.9,14.6,339.9,2.2,3.8,145.8,Intermediate,Afternoon,Analytical,75.1
12.3,42.7,49.0,15.6,319.3,-1.0,9.2,158.5,Intermediate,Morning,Cognitive,79.7
18.7,21.2,62.9,12.5,285.1,4.5,5.7,41.9,Intermediate,Morning,Cognitive,91.0
13.7,34.6,55.4,13.0,311.9,4.1,6.1,18.3,Expert,Afternoon,Creative,86.6
,35.0,50.5,15.0,318.6,7.8,9.9,180.9,Beginner,Evening,Cognitive,61.2
,26.5,64.9,17.9,293.9,7.7,7.3,111.1,Beginner,Afternoon,Creative,75.0
22.9,24.5,68.5,16.3,295.8,5.4,5.9,158.4,Beginner,Morning,Analytical,79.6
18.1,23.5,57.5,19.1,385.5,5.1,6.1,126.6,Intermediate,Evening,Creative,66.5
22.2,26.8,77.8,21.0,257.5,2.3,4.9,114.7,Beginner,Afternoon,Analytical,82.7
13.1,31.2,82.2,18.7,369.6,4.4,7.0,182.1,Intermediate,Afternoon,Creative,75.4
,38.2,65.0,11.2,239.2,3.8,6.5,170.4,Intermediate,Evening,Analytical,94.1
11.1,36.6,55.3,15.1,400.4,4.3,8.0,143.1,Beginner,Afternoon,Analytical,77.6
18.4,20.3,62.7,18.6,200.5,2.5,9.6,147.2,Intermediate,Morning,Cognitive,91.6
18.6,25.3,47.8,15.6,343.3,4.8,5.1,94.0,Beginner,Afternoon,Creative,68.2
24.6,37.8,,11.1,287.1,1.3,7.9,153.3,Beginner,Afternoon,Cognitive,66.4
16.9,25.6,43.2,14.3,311.6,10.1,4.7,213.2,Expert,Afternoon,Cognitive,73.1
17.9,29.7,53.7,9.2,313.2,6.9,7.7,181.4,Beginner,Afternoon,Creative,71.1
13.1,19.8,47.7,15.2,350.3,6.7,5.2,7.7,Beginner,Evening,Cognitive,65.8
17.2,36.9,66.2,13.9,221.9,1.4,5.0,147.1,Intermediate,Evening,Cognitive,82.7
13.5,18.5,52.5,14.9,318.5,0.8,10.8,152.0,Intermediate,Evening,Cognitive,65.3
15.5,20.1,62.8,19.5,329.3,4.5,10.2,188.0,Beginner,Evening,Creative,79.4
15.7,36.3,67.5,12.0,286.9,3.4,,194.3,Intermediate,Evening,Cognitive,80.8
13.6,41.5,71.7,13.8,314.4,7.7,9.9,149.7,Beginner,Morning,Cognitive,78.3
15.3,28.3,56.5,12.6,286.8,5.3,6.9,45.7,Beginner,Morning,Cognitive,81.6
13.5,29.7,63.1,19.2,347.7,3.9,4.9,113.2,Intermediate,Afternoon,Creative,79.5
,35.4,63.4,19.4,338.2,7.0,8.0,72.4,Intermediate,Evening,Analytical,81.6
19.3,31.7,72.7,17.1,330.8,4.4,8.4,50.0,Intermediate,Afternoon,Analytical,78.5
15.7,27.8,67.8,16.9,353.1,4.5,,203.8,Intermediate,Afternoon,Analytical,77.8
16.4,27.1,73.0,12.4,382.4,6.1,4.5,,Expert,Morning,Analytical,85.2
9.2,20.6,43.4,16.6,474.4,2.6,5.3,470.6,Intermediate,Morning,Cognitive,65.1
16.7,31.4,,12.6,431.1,6.0,8.4,96.9,Beginner,Afternoon,Creative,67.9
17.1,29.4,70.3,16.1,339.7,5.1,5.3,77.1,Intermediate,Morning,Cognitive,75.1
13.4,27.4,65.8,15.0,294.9,2.2,8.5,156.1,Beginner,Afternoon,Creative,85.5
23.3,24.0,58.7,14.2,435.0,7.9,6.5,115.3,Intermediate,Morning,Cognitive,67.4
5.8,24.6,55.3,16.1,299.2,3.1,4.5,136.7,Beginner,Morning,Analytical,73.8
18.1,33.7,67.9,18.0,259.4,0.7,5.0,,Beginner,Afternoon,Analytical,81.9
17.9,35.3,40.2,21.3,294.5,2.4,7.7,87.6,Expert,Afternoon,Creative,82.8
17.2,28.0,67.9,17.7,292.1,1.9,7.8,90.6,Expert,Afternoon,Cognitive,84.8
15.7,27.4,60.9,22.8,374.2,4.4,,57.5,Intermediate,Morning,Analytical,77.8
17.2,24.9,55.1,16.6,314.4,7.2,7.0,178.0,Intermediate,Evening,Creative,72.7
18.5,35.6,65.0,21.4,325.0,4.5,,132.3,Beginner,Afternoon,Cognitive,79.1
12.1,30.2,56.1,17.3,323.2,7.2,9.7,,Beginner,Afternoon,Creative,78.4
16.2,32.2,60.3,16.7,378.3,6.1,5.7,160.0,Beginner,Afternoon,Cognitive,68.2
14.3,32.2,,15.5,303.9,-1.3,6.6,141.4,Intermediate,Morning,Cognitive,84.5
10.6,28.2,67.4,16.9,309.7,5.8,7.7,255.8,Intermediate,Evening,Cognitive,71.1
17.9,23.0,61.6,17.3,285.6,2.8,,145.6,Intermediate,Afternoon,Creative,78.5
12.7,24.0,40.9,11.7,299.0,5.0,7.7,,Beginner,Afternoon,Creative,76.3
,36.8,46.1,18.1,346.3,3.9,7.0,90.4,Expert,Morning,Cognitive,71.7
12.8,25.6,49.2,11.5,356.4,9.6,8.7,64.1,Intermediate,Evening,Analytical,77.4
11.8,27.5,64.6,18.1,405.0,4.9,6.4,148.1,Intermediate,Evening,Cognitive,67.7
19.1,23.2,65.6,17.8,314.8,5.2,,95.2,Intermediate,Morning,Creative,74.7
15.6,22.7,76.7,20.3,306.8,6.2,9.9,150.1,Intermediate,Morning,Cognitive,89.8
20.5,25.4,49.9,13.4,339.9,1.0,8.3,79.0,Beginner,Evening,Creative,64.1
12.3,40.1,73.1,13.0,296.6,6.2,,131.6,Beginner,Afternoon,Cognitive,87.4
18.5,33.9,40.6,19.3,288.0,3.6,8.3,88.4,Intermediate,Evening,Cognitive,62.6
26.4,26.8,60.2,12.8,336.2,2.6,6.0,99.6,Beginner,Afternoon,Analytical,71.9
,36.5,62.5,12.5,300.4,5.6,5.6,133.5,Beginner,Afternoon,Analytical,85.2
18.4,29.1,62.4,16.6,305.5,1.0,5.6,147.1,Beginner,Afternoon,Creative,78.3
17.8,38.1,,15.9,350.3,5.9,,205.7,Beginner,Morning,Cognitive,66.7
9.3,43.3,61.2,16.5,335.5,3.7,,187.9,Expert,Afternoon,Creative,79.5
17.3,36.2,47.6,17.6,420.0,3.8,7.0,176.6,Intermediate,Evening,Cognitive,66.4
16.2,30.6,68.7,17.6,366.1,-0.5,8.4,145.9,Intermediate,Morning,Cognitive,79.3
14.0,34.2,62.5,15.8,281.6,5.8,8.2,90.7,Beginner,Afternoon,Cognitive,75.1
,30.1,63.6,16.1,300.0,4.5,9.4,157.3,Intermediate,Afternoon,Analytical,80.3
17.8,19.0,57.2,15.8,251.4,3.1,8.2,191.6,Intermediate,Afternoon,Creative,79.4
11.1,26.1,56.7,16.1,271.4,2.1,,191.7,Beginner,Evening,Cognitive,78.7
23.5,24.3,65.2,11.8,383.1,5.6,5.1,121.0,Intermediate,Evening,Cognitive,71.6
15.5,25.9,75.9,18.3,306.1,4.7,,99.4,Beginner,Morning,Creative,77.0
10.1,40.8,46.1,19.1,250.7,4.0,8.6,167.5,Intermediate,Evening,Creative,81.2
12.9,36.7,45.6,17.9,222.6,2.0,7.6,-26.1,Intermediate,Evening,Cognitive,73.2
13.9,32.6,62.7,17.7,246.4,4.6,7.3,215.8,Beginner,Evening,Analytical,74.6
,34.9,56.7,13.0,279.9,4.5,4.3,193.7,Beginner,Afternoon,Analytical,75.7
11.5,18.6,,11.8,320.2,6.6,7.6,103.2,Intermediate,Evening,Cognitive,74.1
,34.4,59.8,18.5,300.2,1.6,6.2,100.1,Intermediate,Morning,Analytical,77.8
12.8,35.6,66.2,16.1,354.9,2.6,4.5,244.6,Expert,Morning,Creative,84.7
17.0,16.6,57.1,16.5,273.2,7.9,6.3,57.9,Intermediate,Evening,Analytical,76.6
12.9,34.6,47.9,16.6,381.3,4.4,7.4,104.3,Beginner,Morning,Creative,77.6
10.4,21.5,,16.8,313.2,4.5,,225.1,Beginner,Morning,Creative,69.8
14.2,18.2,58.4,17.9,342.9,5.9,,55.6,Intermediate,Evening,Creative,69.3
13.8,38.0,47.5,15.7,294.0,7.6,5.0,129.7,Beginner,Evening,Creative,65.3
12.6,24.0,59.6,10.3,370.8,1.7,6.5,105.7,Intermediate,Morning,Analytical,79.7
12.8,25.7,60.6,18.1,253.6,8.4,7.9,243.6,Expert,Evening,Creative,88.1
19.7,35.9,56.4,17.7,258.3,3.9,5.8,87.4,Intermediate,Afternoon,Cognitive,83.8
,28.2,62.1,12.1,271.5,4.5,,38.6,Beginner,Afternoon,Creative,83.2
10.5,28.9,43.9,12.5,378.8,4.1,7.3,134.5,Intermediate,Evening,Cognitive,71.1
13.2,28.8,50.5,18.6,308.1,7.0,5.8,87.4,Intermediate,Afternoon,Creative,76.7
15.2,32.1,48.6,19.4,272.6,5.9,4.0,155.8,Intermediate,Morning,Creative,70.0
9.7,28.6,68.8,8.0,310.2,3.7,7.5,146.0,Expert,Morning,Analytical,91.0
21.5,30.7,83.1,17.3,328.6,1.7,4.4,49.8,Beginner,Afternoon,Creative,75.3
18.5,27.0,,15.3,266.1,3.5,7.5,230.4,Expert,Afternoon,Creative,79.4
20.7,32.1,57.6,16.2,328.0,1.3,6.7,83.4,Expert,Evening,Analytical,75.0
16.6,31.9,53.1,16.4,313.2,5.8,6.7,89.8,Beginner,Evening,Analytical,74.0
6.6,41.4,62.2,13.7,294.7,2.6,5.3,154.7,Beginner,Afternoon,Cognitive,84.3
21.1,27.7,53.9,18.0,256.7,3.8,6.5,218.0,Beginner,Evening,Analytical,73.7
11.5,28.9,62.8,13.9,364.4,6.3,5.7,42.8,Beginner,Morning,Cognitive,84.5
11.9,31.4,66.7,18.2,296.6,5.6,11.3,92.3,Beginner,Morning,Creative,85.3
15.6,35.8,47.8,18.9,173.3,4.8,5.8,,Intermediate,Evening,Cognitive,75.0
20.5,23.5,62.7,13.4,337.8,2.4,8.6,85.6,Beginner,Morning,Analytical,80.0
19.2,30.6,42.1,13.5,339.0,5.0,6.2,,Beginner,Morning,Creative,77.5
18.6,15.0,57.4,16.3,366.6,2.4,7.4,95.2,Expert,Afternoon,Cognitive,78.2
13.8,28.4,56.8,20.5,340.7,5.0,7.0,149.7,Beginner,Afternoon,Cognitive,78.8
13.7,36.4,,14.2,326.9,1.4,6.8,45.1,Expert,Evening,Cognitive,88.5
16.4,25.6,56.9,14.8,295.7,6.4,6.7,139.0,Beginner,Morning,Creative,74.9
14.5,31.1,55.1,17.0,295.8,4.4,7.4,149.1,Beginner,Morning,Cognitive,74.3
18.6,26.8,,18.0,353.8,4.0,9.1,160.9,Intermediate,Morning,Cognitive,76.3
18.3,24.8,62.4,17.6,312.2,4.8,,88.5,Intermediate,Afternoon,Analytical,88.2
17.4,35.8,62.7,16.1,248.1,3.8,4.3,206.9,Expert,Afternoon,Cognitive,80.2
4.9,23.7,61.2,15.1,302.8,4.1,5.8,-6.0,Intermediate,Afternoon,Creative,86.2
15.5,31.8,,17.0,317.3,6.6,7.2,80.2,Expert,Evening,Analytical,74.6
14.6,31.9,70.8,6.4,220.5,6.1,6.6,266.6,Beginner,Evening,Creative,69.6
15.7,24.9,75.3,21.6,357.3,5.4,,121.7,Beginner,Morning,Analytical,86.4
12.0,30.9,47.1,15.4,320.0,4.5,9.1,187.5,Intermediate,Afternoon,Analytical,82.0
9.7,24.4,61.6,16.5,251.9,3.4,6.3,,Expert,Afternoon,Cognitive,88.5
16.9,33.1,55.3,22.3,305.1,6.1,9.3,224.3,Expert,Evening,Creative,80.6
13.6,22.1,69.3,13.8,314.9,2.2,7.6,108.5,Intermediate,Evening,Cognitive,78.1
17.3,28.0,59.9,23.0,367.3,7.6,5.9,133.4,Beginner,Morning,Analytical,70.9
12.3,28.5,60.5,18.2,365.9,5.4,6.8,172.5,Intermediate,Afternoon,Cognitive,70.6
20.7,36.7,64.9,17.3,373.9,6.4,6.7,212.0,Beginner,Afternoon,Analytical,65.5
19.0,30.8,57.0,17.9,338.8,4.9,5.9,9.3,Expert,Morning,Analytical,92.5
,35.7,76.8,13.5,287.3,3.8,6.0,,Expert,Morning,Creative,89.6
14.1,33.3,65.1,11.1,274.6,5.9,7.7,68.8,Intermediate,Afternoon,Creative,80.4
18.4,33.3,69.3,12.5,285.0,1.2,,116.7,Intermediate,Afternoon,Creative,79.6
16.6,28.0,,19.3,672.0,2.8,6.6,173.9,Intermediate,Morning,Creative,58.6
16.0,36.1,58.8,13.2,318.7,3.6,6.7,-14.5,Beginner,Afternoon,Cognitive,74.3
19.2,27.9,,11.0,371.4,1.2,6.7,183.5,Expert,Morning,Creative,83.7
20.7,19.6,67.1,15.8,307.3,5.3,8.4,,Intermediate,Afternoon,Creative,83.4
10.0,28.7,47.5,17.7,218.8,6.5,5.8,115.8,Expert,Morning,Creative,90.6
10.8,32.7,61.3,16.1,260.4,0.6,7.3,,Beginner,Morning,Analytical,88.1
11.9,20.4,64.7,17.8,271.2,3.2,4.7,72.3,Expert,Afternoon,Analytical,94.9
9.0,24.7,58.7,19.5,271.2,3.7,6.2,,Beginner,Morning,Creative,75.8
14.7,22.6,63.8,17.7,179.7,4.6,5.0,98.1,Beginner,Afternoon,Analytical,81.0
17.4,34.7,59.1,15.5,398.5,5.7,9.4,,Expert,Morning,Analytical,84.9
14.9,40.0,37.5,14.4,210.9,3.4,7.2,32.7,Beginner,Afternoon,Cognitive,77.1
12.9,28.7,46.9,18.3,291.3,5.9,6.4,64.5,Beginner,Morning,Analytical,69.1
19.5,33.2,69.7,16.8,352.9,4.2,4.4,145.4,Expert,Afternoon,Cognitive,81.1
,33.0,57.6,13.4,349.5,2.8,5.0,0.1,Expert,Evening,Analytical,72.6
16.4,39.3,61.9,19.9,246.5,4.5,8.3,220.7,Intermediate,Morning,Creative,85.1
19.6,26.1,60.0,16.8,380.3,1.5,7.5,110.9,Intermediate,Afternoon,Analytical,80.0
14.5,28.7,51.7,18.0,373.1,3.5,4.8,67.9,Intermediate,Morning,Analytical,74.2
23.2,28.0,55.3,14.8,310.9,3.6,4.8,155.7,Beginner,Afternoon,Cognitive,69.7
13.2,30.5,63.3,19.4,321.4,2.8,9.8,94.9,Beginner,Morning,Creative,78.1
23.0,45.0,64.3,11.2,274.3,9.1,9.0,173.4,Intermediate,Afternoon,Cognitive,79.9
11.1,30.2,81.9,21.0,332.6,6.6,7.4,56.2,Intermediate,Afternoon,Creative,85.6
17.1,24.9,55.2,10.2,331.3,4.4,7.2,60.6,Intermediate,Evening,Creative,81.8
12.4,23.1,76.7,11.9,295.7,4.9,6.7,155.7,Intermediate,Afternoon,Cognitive,86.3
19.5,37.5,51.4,16.8,352.3,5.0,5.1,191.9,Beginner,Afternoon,Analytical,69.1
13.1,24.8,64.9,14.4,336.6,5.2,8.3,131.7,Intermediate,Afternoon,Creative,79.0
16.2,34.0,61.8,15.0,480.7,7.1,,133.8,Beginner,Evening,Analytical,61.7
12.4,25.9,58.7,14.4,274.9,5.9,8.1,70.0,Intermediate,Evening,Cognitive,84.0
18.7,22.4,59.9,13.7,386.6,0.0,6.4,89.1,Intermediate,Morning,Cognitive,76.0
12.4,33.6,53.8,17.0,428.8,5.7,,,Expert,Evening,Cognitive,77.4
21.7,26.2,69.0,15.9,346.4,2.3,6.3,197.7,Beginner,Afternoon,Cognitive,71.9
11.0,32.6,51.6,18.7,190.0,2.9,7.1,203.4,Beginner,Evening,Creative,77.0
9.6,33.0,63.2,16.2,294.4,6.0,8.2,151.2,Beginner,Evening,Cognitive,73.7
18.8,33.3,67.6,14.7,343.6,0.3,6.2,240.7,Intermediate,Morning,Analytical,80.6
12.6,28.4,73.8,18.3,332.0,7.4,10.0,,Intermediate,Afternoon,Analytical,81.0
15.0,34.1,69.7,10.5,219.7,5.6,6.1,191.0,Beginner,Morning,Creative,85.2
13.7,24.5,65.7,8.3,299.4,4.7,7.2,106.9,Beginner,Morning,Cognitive,77.9
9.7,15.3,53.6,11.2,393.8,5.7,9.1,110.6,Intermediate,Morning,Creative,72.5
14.7,34.2,52.1,15.0,371.4,6.3,9.2,,Beginner,Afternoon,Creative,65.3
20.1,31.0,48.6,17.2,368.0,4.4,7.7,63.8,Expert,Morning,Creative,77.1
19.0,26.3,47.7,8.0,437.6,5.5,7.4,,Intermediate,Morning,Cognitive,74.1
15.9,21.2,60.0,16.0,232.8,2.0,7.1,139.7,Beginner,Afternoon,Analytical,84.3
19.4,17.8,52.7,14.9,300.3,5.6,9.0,84.1,Beginner,Morning,Analytical,76.0
10.8,30.3,72.0,16.4,321.6,5.2,8.4,153.4,Expert,Morning,Creative,81.4
13.7,39.9,54.2,10.3,283.4,6.9,8.6,75.6,Beginner,Morning,Creative,74.6
16.6,29.2,60.9,23.8,326.2,4.3,9.5,,Beginner,Afternoon,Analytical,75.9
14.5,27.8,57.4,16.1,385.0,4.6,7.7,120.8,Expert,Afternoon,Analytical,73.6
14.0,29.9,46.0,12.3,325.5,2.2,6.4,-2.5,Expert,Morning,Cognitive,78.7
10.2,43.1,70.9,16.4,209.8,4.0,,184.8,Expert,Evening,Creative,91.9
6.7,34.5,67.0,20.5,353.8,5.2,7.1,162.4,Intermediate,Afternoon,Cognitive,86.0
18.3,24.4,68.1,12.1,319.3,5.4,6.7,169.0,Beginner,Morning,Analytical,80.7
16.0,30.2,65.9,11.5,211.0,7.4,6.4,164.6,Beginner,Morning,Analytical,87.7
18.6,32.0,52.4,15.6,289.2,4.9,7.8,113.1,Intermediate,Afternoon,Analytical,82.9
13.3,23.7,52.6,15.9,233.2,3.8,8.0,,Intermediate,Afternoon,Analytical,80.8
12.1,34.6,64.5,18.1,305.6,5.1,6.0,,Intermediate,Morning,Cognitive,80.1
15.0,25.1,75.4,20.4,294.8,2.9,7.5,32.9,Expert,Morning,Analytical,97.4
18.4,20.9,63.9,18.3,243.7,6.7,9.4,132.1,Beginner,Evening,Creative,72.1
14.1,30.5,69.8,11.8,332.6,2.6,5.9,97.4,Intermediate,Morning,Analytical,85.2
18.2,29.5,54.7,12.8,265.9,3.2,9.1,230.8,Beginner,Afternoon,Creative,79.1
11.0,30.0,71.0,13.6,386.2,1.8,5.7,,Intermediate,Evening,Analytical,71.8
14.4,25.4,55.8,18.3,328.4,4.2,7.5,112.5,Beginner,Afternoon,Cognitive,60.5
14.7,26.2,62.4,17.8,307.0,5.3,4.3,46.8,Beginner,Morning,Creative,86.7
19.9,36.8,56.3,19.8,382.7,7.3,8.0,96.5,Beginner,Afternoon,Cognitive,67.4
15.8,32.6,,17.7,333.0,3.9,6.7,-6.9,Intermediate,Morning,Analytical,85.8
22.0,24.3,69.0,14.1,337.3,3.6,,231.5,Intermediate,Afternoon,Cognitive,67.6
9.6,18.3,45.2,15.4,316.7,-1.3,6.3,,Intermediate,Afternoon,Analytical,69.5
15.5,24.5,73.3,11.6,304.3,4.4,9.6,98.0,Expert,Evening,Cognitive,85.1
15.7,30.9,83.8,17.9,340.2,4.1,7.9,150.2,Beginner,Evening,Cognitive,79.1
,26.2,56.4,14.1,396.2,4.0,7.2,62.4,Beginner,Evening,Creative,59.7
11.7,25.7,58.7,19.7,149.0,7.0,,,Expert,Evening,Analytical,85.2
21.7,26.5,72.4,17.8,413.4,5.1,8.5,53.5,Beginner,Afternoon,Cognitive,67.8
15.1,29.6,60.7,21.8,269.6,3.2,9.3,28.2,Expert,Afternoon,Analytical,90.7
10.7,34.7,60.0,17.3,329.6,2.2,6.6,165.9,Beginner,Afternoon,Creative,68.7
14.9,30.0,79.0,17.2,234.1,1.7,7.9,113.7,Expert,Afternoon,Cognitive,100.0
13.7,30.4,46.5,15.5,394.6,3.1,7.7,16.3,Beginner,Evening,Analytical,63.7
26.1,28.7,52.1,14.8,250.9,4.7,7.2,70.3,Expert,Morning,Cognitive,84.6
19.2,27.0,,15.2,376.1,-0.2,6.7,198.3,Intermediate,Evening,Cognitive,78.1
15.2,35.4,43.8,19.0,307.9,3.7,9.4,76.6,Expert,Evening,Cognitive,86.3
,34.5,56.3,12.0,311.9,5.6,7.4,157.3,Beginner,Evening,Cognitive,63.8
18.8,42.3,56.2,16.2,257.0,1.9,,75.8,Intermediate,Evening,Creative,64.3
19.0,33.7,,11.0,381.0,3.6,,134.6,Expert,Morning,Creative,76.2
3.4,27.0,66.9,17.1,312.6,2.0,8.4,151.5,Intermediate,Morning,Analytical,85.3
17.6,24.6,43.2,14.6,355.9,-1.4,6.4,80.3,Intermediate,Morning,Analytical,67.4
15.1,35.7,53.1,17.5,216.7,2.4,6.8,112.0,Intermediate,Morning,Cognitive,87.7
9.8,25.1,53.1,13.8,275.4,1.9,7.6,138.5,Intermediate,Afternoon,Cognitive,84.5
,34.9,57.8,15.2,332.5,5.6,,85.9,Intermediate,Evening,Cognitive,65.5
24.0,25.4,49.0,17.9,241.1,5.0,9.0,107.4,Intermediate,Evening,Creative,68.5
17.2,32.1,64.5,16.4,338.1,1.9,6.7,63.4,Expert,Afternoon,Cognitive,84.1
19.4,23.6,53.1,20.6,286.9,6.6,8.1,,Beginner,Morning,Analytical,79.3
22.2,34.7,65.9,14.6,281.1,5.5,6.1,,Beginner,Morning,Cognitive,73.9
11.7,22.6,60.0,14.3,345.6,3.5,8.2,50.2,Expert,Morning,Creative,100.0
7.6,31.6,50.3,19.7,328.5,4.7,5.8,77.7,Expert,Afternoon,Cognitive,81.3
17.6,28.8,73.9,14.9,263.8,2.1,7.3,-2.6,Intermediate,Afternoon,Creative,92.6
14.0,30.6,74.2,14.8,376.2,-0.9,7.3,150.7,Intermediate,Morning,Creative,82.8
9.5,27.6,62.9,17.1,345.3,4.2,5.4,,Beginner,Morning,Creative,86.0
14.7,27.5,57.6,15.5,219.3,1.3,6.1,150.1,Beginner,Morning,Creative,77.6
17.9,30.9,,15.1,304.8,3.5,3.7,154.2,Intermediate,Afternoon,Analytical,74.5
14.4,24.0,70.7,13.9,338.7,4.8,6.4,174.6,Beginner,Afternoon,Creative,82.7
,24.0,68.2,20.1,314.4,0.1,8.7,142.1,Intermediate,Afternoon,Analytical,82.3
14.1,27.8,51.9,15.5,153.8,4.4,10.0,29.4,Beginner,Afternoon,Analytical,95.0
14.9,27.6,53.1,14.3,323.2,5.7,9.2,112.1,Expert,Evening,Cognitive,83.4
7.3,24.0,64.6,15.1,357.9,-0.2,6.4,131.8,Expert,Morning,Cognitive,91.9
14.4,35.5,48.2,17.1,315.9,5.4,7.0,152.0,Intermediate,Afternoon,Creative,68.2
9.6,28.0,53.7,20.4,322.8,7.8,6.9,154.2,Intermediate,Afternoon,Cognitive,72.8
17.6,28.6,49.6,15.5,371.0,3.5,6.7,,Beginner,Afternoon,Creative,69.4
8.8,22.0,49.9,13.4,240.8,5.5,8.5,113.5,Expert,Evening,Cognitive,90.6
19.1,42.4,52.8,21.8,356.8,2.0,6.2,114.1,Intermediate,Afternoon,Creative,64.8
13.4,44.6,69.1,16.4,337.0,5.8,9.2,44.0,Beginner,Afternoon,Cognitive,73.6
12.8,25.3,42.5,15.7,238.8,5.0,,62.0,Expert,Morning,Cognitive,86.1
16.2,37.4,64.3,16.2,354.9,4.4,,115.7,Expert,Afternoon,Analytical,90.6
11.5,29.4,62.6,12.3,410.3,4.3,6.9,69.7,Expert,Morning,Cognitive,80.4
16.1,39.6,69.7,15.9,336.7,4.8,7.7,32.2,Intermediate,Morning,Cognitive,78.3
12.1,32.0,62.6,18.3,347.7,3.9,8.5,28.9,Intermediate,Afternoon,Creative,82.7
,30.6,56.2,19.7,266.7,2.1,8.1,161.7,Intermediate,Afternoon,Analytical,88.2
16.6,15.0,51.8,14.9,289.1,3.7,6.5,141.3,Expert,Morning,Creative,70.5
10.4,24.7,69.9,16.6,269.1,3.9,6.2,128.9,Expert,Afternoon,Cognitive,84.4
9.9,30.1,,19.7,339.8,1.7,9.6,100.4,Beginner,Afternoon,Creative,73.3
16.0,31.2,,16.1,294.1,3.8,7.0,85.1,Beginner,Morning,Analytical,78.3
14.9,22.7,69.1,18.2,291.0,3.9,5.3,-1.0,Beginner,Afternoon,Creative,72.5
15.7,25.6,,17.3,355.2,3.0,6.1,155.6,Expert,Afternoon,Cognitive,88.8
16.3,33.3,60.0,14.0,403.5,4.7,4.1,95.6,Expert,Afternoon,Creative,70.2
15.2,21.7,54.0,13.3,315.6,5.2,4.6,157.3,Beginner,Afternoon,Cognitive,80.5
17.4,30.8,65.3,19.2,241.3,2.7,6.2,63.7,Intermediate,Morning,Analytical,89.3
15.4,37.4,50.1,8.0,322.0,4.3,5.8,218.9,Beginner,Afternoon,Analytical,74.9
7.0,32.3,57.0,14.0,329.6,5.8,6.0,131.2,Expert,Evening,Creative,78.6
8.0,32.0,53.5,11.8,361.6,2.0,8.2,112.7,Expert,Afternoon,Analytical,87.7
22.7,17.9,62.6,19.2,303.8,0.7,8.3,58.8,Expert,Morning,Creative,85.0
15.0,25.1,63.9,20.1,364.1,2.1,5.3,129.9,Intermediate,Afternoon,Cognitive,85.7
18.8,42.3,,13.8,356.4,5.1,9.8,157.0,Intermediate,Evening,Creative,73.3
13.6,26.4,64.1,24.3,305.1,3.1,7.2,-14.5,Beginner,Morning,Cognitive,83.8
14.8,37.6,,20.1,361.0,1.5,7.0,111.9,Beginner,Evening,Analytical,70.9
13.2,26.3,,16.6,366.5,6.5,,112.9,Expert,Evening,Cognitive,85.2
24.9,28.3,54.9,20.5,265.4,1.6,6.5,147.1,Expert,Morning,Cognitive,86.0
16.0,33.1,70.5,14.1,368.0,3.7,10.0,19.4,Expert,Evening,Cognitive,84.4
12.9,30.6,62.0,15.2,314.0,5.5,5.4,,Expert,Afternoon,Cognitive,81.8
8.4,32.3,62.4,17.4,307.6,5.3,7.4,164.2,Intermediate,Evening,Cognitive,66.4
22.9,25.1,48.3,13.9,314.6,4.8,6.2,166.5,Intermediate,Afternoon,Creative,64.2
14.3,23.2,68.4,12.1,382.1,2.7,4.3,80.3,Expert,Afternoon,Cognitive,82.5
,24.7,,13.2,381.9,5.1,4.7,187.3,Expert,Afternoon,Cognitive,79.3
18.4,26.8,64.7,15.4,343.8,4.0,7.9,71.2,Beginner,Evening,Cognitive,81.6
13.1,28.6,59.1,17.4,333.5,4.8,4.4,-6.8,Intermediate,Morning,Cognitive,86.4
17.7,36.2,61.3,15.0,314.8,6.7,5.1,138.7,Beginner,Afternoon,Cognitive,67.1
12.6,30.5,51.1,11.1,454.9,1.6,8.2,116.3,Expert,Morning,Cognitive,84.3
11.0,32.9,58.5,17.4,285.8,4.8,8.1,193.2,Intermediate,Morning,Analytical,79.1
19.7,30.8,55.8,19.8,297.6,4.3,7.1,57.9,Beginner,Morning,Creative,79.7
14.4,23.3,52.9,14.0,335.1,5.9,5.2,99.3,Intermediate,Afternoon,Cognitive,73.2
17.1,30.1,61.3,21.0,274.7,7.6,5.2,93.9,Intermediate,Morning,Creative,78.0
16.6,30.8,63.6,18.6,372.4,7.5,5.0,,Beginner,Morning,Analytical,75.1
17.6,34.6,62.5,12.8,246.4,5.7,6.8,54.9,Beginner,Morning,Analytical,81.1
8.8,23.6,59.0,14.1,284.3,2.8,8.0,196.4,Intermediate,Morning,Cognitive,88.8
12.7,17.8,64.1,15.1,299.9,3.2,6.4,75.9,Intermediate,Afternoon,Creative,74.0
13.7,31.1,62.4,15.4,269.8,5.4,8.3,93.4,Intermediate,Evening,Cognitive,80.2
11.7,32.1,61.0,8.7,372.0,1.4,9.4,122.5,Intermediate,Morning,Analytical,82.2
16.7,28.9,61.7,13.7,254.3,3.5,7.6,59.1,Expert,Evening,Analytical,76.6
19.7,30.2,71.8,14.3,271.8,2.5,5.1,,Intermediate,Afternoon,Creative,82.9
20.4,35.3,47.9,21.7,286.2,1.6,7.1,,Intermediate,Afternoon,Cognitive,70.1
13.6,27.2,56.8,16.7,362.1,4.5,9.0,82.8,Expert,Afternoon,Creative,85.4
16.2,28.3,63.4,13.6,392.6,5.6,6.1,137.1,Intermediate,Evening,Creative,85.1
16.8,30.5,44.2,14.7,346.1,5.2,6.0,138.8,Beginner,Morning,Analytical,68.2
,22.7,73.8,17.3,254.3,4.2,8.7,,Beginner,Afternoon,Creative,79.7
11.5,29.1,62.5,14.9,289.0,3.3,,186.1,Intermediate,Afternoon,Analytical,81.1
22.3,29.6,,14.2,398.6,3.0,7.3,145.0,Intermediate,Afternoon,Cognitive,81.6
18.7,39.8,71.2,14.3,321.4,5.7,6.1,149.1,Intermediate,Evening,Creative,73.6
18.8,28.2,64.1,17.4,247.7,3.0,6.4,53.8,Beginner,Morning,Creative,81.2
19.8,31.2,37.7,11.9,429.7,2.9,9.6,28.0,Beginner,Afternoon,Cognitive,66.3
17.1,35.5,,12.7,291.5,4.8,6.3,86.8,Beginner,Afternoon,Creative,71.9
10.9,25.0,62.1,13.2,316.4,2.0,7.2,139.6,Beginner,Afternoon,Cognitive,83.4
14.4,38.3,49.1,12.7,285.8,4.2,8.5,144.9,Intermediate,Morning,Analytical,86.8
8.4,40.6,,13.5,272.2,2.9,5.1,-31.5,Beginner,Afternoon,Analytical,77.1
16.7,29.8,64.6,18.7,384.8,2.7,,127.9,Intermediate,Evening,Creative,72.7
14.3,26.8,,19.1,329.8,3.5,6.3,187.6,Expert,Afternoon,Analytical,85.0
14.8,39.8,80.6,16.8,335.8,5.5,5.1,,Beginner,Evening,Analytical,70.6
19.8,34.8,62.6,16.6,256.0,4.4,6.3,,Intermediate,Afternoon,Cognitive,71.4
13.2,30.5,,14.0,305.0,4.6,7.1,88.7,Intermediate,Morning,Analytical,85.2
14.0,38.6,60.3,9.8,288.9,5.5,7.4,85.2,Beginner,Morning,Analytical,83.9
15.1,37.9,67.5,16.4,278.7,5.2,5.9,149.5,Intermediate,Morning,Analytical,90.8
7.6,28.0,60.5,16.9,343.4,3.6,6.7,168.5,Expert,Afternoon,Cognitive,89.4
13.9,31.5,70.1,14.0,303.1,5.1,4.9,187.4,Expert,Morning,Creative,89.2
,33.5,39.6,12.8,354.6,3.7,5.9,155.9,Beginner,Afternoon,Cognitive,62.0
12.7,30.2,68.9,12.2,356.0,4.9,5.0,46.5,Expert,Afternoon,Creative,88.1
18.4,21.7,66.7,16.5,298.2,6.1,6.9,36.5,Intermediate,Morning,Creative,86.1
16.8,24.4,58.5,16.2,342.7,5.0,5.7,207.5,Beginner,Morning,Analytical,76.8
12.6,21.9,55.9,19.6,296.9,1.5,10.1,110.1,Intermediate,Morning,Analytical,90.6
15.2,33.0,57.0,13.6,280.6,3.0,7.6,61.9,Expert,Afternoon,Cognitive,83.6
10.7,22.9,62.8,15.1,267.0,5.3,4.6,52.1,Intermediate,Morning,Cognitive,92.4
15.0,31.2,72.1,16.1,324.3,-0.3,5.9,87.4,Beginner,Morning,Cognitive,87.7
26.7,41.0,54.7,14.4,282.9,4.6,8.1,215.6,Intermediate,Evening,Analytical,66.3
22.4,38.6,43.0,18.5,388.9,4.5,7.4,105.4,Beginner,Evening,Creative,64.1
15.2,19.0,84.8,19.7,401.3,9.5,4.6,163.4,Beginner,Morning,Cognitive,77.5
15.6,22.3,66.7,12.7,343.7,4.9,5.8,141.0,Beginner,Afternoon,Creative,73.1
11.1,25.3,56.1,14.6,332.2,3.8,8.0,116.5,Beginner,Afternoon,Analytical,79.5
11.8,23.0,71.9,20.0,320.9,6.3,7.6,1.6,Beginner,Evening,Analytical,77.4
16.4,20.1,69.3,17.0,438.7,3.3,7.9,170.2,Beginner,Afternoon,Analytical,70.6
12.9,29.9,64.9,16.4,418.1,4.1,6.6,75.4,Intermediate,Morning,Analytical,84.7
18.6,34.2,55.2,17.0,309.8,4.2,5.7,,Beginner,Afternoon,Creative,78.2
,35.7,66.7,18.0,310.1,5.2,5.1,,Beginner,Afternoon,Creative,66.3
16.3,27.2,70.9,17.2,336.3,2.2,8.4,155.3,Expert,Morning,Cognitive,84.6
15.4,28.4,42.8,16.6,261.0,5.7,9.9,168.4,Intermediate,Afternoon,Creative,69.2
8.3,32.1,62.2,16.0,230.0,2.9,7.4,-17.1,Intermediate,Afternoon,Creative,85.3
18.0,29.3,63.0,20.0,253.1,8.1,,88.7,Beginner,Morning,Creative,75.6
10.4,34.9,62.7,15.2,304.9,1.0,,141.8,Beginner,Morning,Cognitive,84.4
13.3,32.6,60.5,16.0,272.8,2.5,7.0,129.3,Beginner,Afternoon,Creative,75.3
18.8,27.7,71.9,20.7,392.7,-0.1,6.9,89.1,Beginner,Morning,Creative,78.7
19.1,18.9,57.9,17.0,499.5,9.9,7.6,186.4,Beginner,Evening,Creative,54.3
13.1,39.0,60.0,15.8,253.2,1.5,7.1,176.8,Beginner,Morning,Analytical,87.4
,25.9,63.2,17.9,228.3,5.5,11.2,146.2,Beginner,Morning,Creative,77.6
12.2,32.1,58.2,16.7,287.7,5.5,8.2,158.8,Beginner,Afternoon,Cognitive,76.0
10.2,18.5,46.1,13.8,300.1,2.2,8.9,93.8,Intermediate,Evening,Cognitive,67.3
12.5,29.9,62.1,16.7,316.0,5.5,7.4,,Beginner,Evening,Cognitive,72.2
8.5,30.6,62.3,13.6,318.3,1.9,3.8,134.6,Beginner,Afternoon,Cognitive,77.9
17.7,30.9,56.3,21.5,288.9,2.4,7.7,168.0,Intermediate,Morning,Analytical,91.4
16.6,48.1,58.7,16.7,410.7,0.9,8.6,134.9,Intermediate,Afternoon,Cognitive,86.3
17.2,26.2,28.2,13.2,340.9,5.3,,134.0,Beginner,Afternoon,Analytical,71.9
11.2,34.9,72.1,14.8,275.0,0.1,6.9,119.8,Intermediate,Morning,Analytical,89.8
10.2,33.1,69.0,18.3,359.1,4.8,4.8,20.2,Intermediate,Evening,Analytical,73.8
15.2,25.9,46.6,12.7,245.9,3.8,6.6,110.5,Beginner,Morning,Cognitive,73.0
15.3,34.8,53.2,24.2,282.6,7.5,4.8,130.5,Expert,Evening,Cognitive,85.0
14.4,29.0,74.5,11.6,422.1,4.1,8.9,92.1,Expert,Evening,Analytical,78.4
13.8,35.3,,18.8,428.9,5.7,7.7,185.5,Beginner,Afternoon,Analytical,66.3
21.8,41.8,64.8,14.5,251.9,5.0,6.2,45.2,Beginner,Evening,Cognitive,75.6
16.7,30.9,,13.6,380.4,3.8,8.1,249.1,Expert,Afternoon,Creative,80.2
22.9,28.3,64.1,17.6,400.7,6.2,9.2,119.8,Intermediate,Morning,Creative,69.4
20.1,36.3,60.5,14.6,373.2,4.8,,108.5,Beginner,Afternoon,Creative,58.4
21.8,38.4,57.2,20.8,316.7,5.8,10.0,174.9,Beginner,Morning,Cognitive,72.4
,24.7,63.9,11.8,223.5,2.1,5.7,30.3,Beginner,Afternoon,Cognitive,77.1
17.4,27.3,55.1,17.7,324.2,5.1,8.5,256.6,Intermediate,Afternoon,Analytical,70.8
13.3,34.1,42.2,15.2,340.6,5.6,4.8,,Intermediate,Afternoon,Cognitive,70.3
8.3,29.2,50.7,16.9,331.9,1.8,9.8,173.2,Beginner,Morning,Cognitive,82.7
21.0,24.3,49.5,17.5,343.8,3.9,8.1,120.1,Intermediate,Afternoon,Cognitive,68.1
13.8,33.2,44.0,10.8,279.4,0.5,6.4,58.9,Intermediate,Evening,Analytical,77.1
10.8,34.0,63.7,16.7,295.8,0.8,5.3,181.1,Beginner,Morning,Analytical,74.7
13.3,28.0,58.3,19.3,200.3,3.9,6.2,151.7,Beginner,Afternoon,Creative,84.6
11.8,30.4,63.5,17.4,364.5,7.6,6.6,303.0,Intermediate,Morning,Creative,72.9
12.2,26.5,65.2,14.9,275.1,7.8,7.3,143.2,Expert,Afternoon,Cognitive,80.7
14.1,23.4,67.6,11.8,307.5,3.4,7.0,82.0,Intermediate,Morning,Cognitive,78.6
21.9,27.0,64.1,17.5,332.7,2.1,6.0,8.7,Intermediate,Afternoon,Analytical,83.4
12.3,30.4,50.2,21.6,292.0,5.9,8.7,75.4,Beginner,Morning,Creative,76.3
21.6,21.1,65.8,18.0,266.4,-0.0,4.5,,Intermediate,Morning,Creative,77.9
18.4,27.5,62.2,19.5,332.8,3.2,7.9,97.6,Intermediate,Evening,Creative,69.0
16.6,30.5,81.9,18.8,230.8,2.5,7.3,165.8,Beginner,Morning,Cognitive,81.3
18.0,37.2,60.1,14.8,358.3,3.8,7.0,141.7,Beginner,Afternoon,Cognitive,82.6
15.1,28.1,,16.3,353.0,6.8,7.9,45.2,Beginner,Morning,Cognitive,70.5
20.1,22.5,59.1,18.6,292.5,-1.2,,,Beginner,Afternoon,Analytical,76.7
17.3,28.7,60.5,11.3,295.3,4.6,5.8,68.1,Beginner,Afternoon,Creative,73.6
8.3,26.6,59.8,18.0,270.6,4.7,,140.7,Beginner,Morning,Analytical,81.3
16.2,33.3,55.7,19.8,300.9,3.9,6.2,145.9,Beginner,Morning,Creative,63.1
18.1,28.0,61.8,15.8,310.0,4.6,6.6,,Beginner,Afternoon,Cognitive,84.4
,13.7,66.2,18.4,496.9,5.0,8.1,41.8,Expert,Afternoon,Analytical,85.3
15.5,52.1,,14.3,392.4,4.3,7.2,288.7,Intermediate,Evening,Analytical,70.3
12.5,30.9,,16.1,232.5,-0.1,7.0,139.4,Intermediate,Afternoon,Cognitive,86.6
9.5,30.5,67.1,15.2,274.6,2.2,7.3,139.2,Intermediate,Afternoon,Creative,80.6
8.8,20.8,51.2,17.4,356.6,7.2,6.5,7.5,Intermediate,Morning,Creative,84.9
8.9,21.2,50.4,15.7,422.7,1.7,8.4,163.4,Beginner,Morning,Creative,71.3
17.7,29.4,64.5,11.0,276.8,4.2,7.8,183.8,Intermediate,Morning,Creative,82.7
5.0,32.0,54.1,13.8,370.6,2.6,7.0,140.3,Intermediate,Morning,Cognitive,78.9
12.3,34.2,49.5,21.8,262.5,5.2,5.3,128.0,Intermediate,Morning,Cognitive,75.2
11.9,31.4,77.2,17.7,300.5,3.6,9.0,128.2,Intermediate,Afternoon,Cognitive,78.5
13.9,22.9,50.3,9.7,320.5,5.3,8.0,66.7,Beginner,Afternoon,Cognitive,74.8
7.6,15.0,44.8,19.6,285.5,4.8,7.9,78.2,Beginner,Evening,Analytical,78.7
16.6,29.4,52.2,12.5,299.0,3.2,9.5,106.2,Beginner,Morning,Analytical,80.1
9.9,26.8,62.3,18.7,251.8,-0.5,8.0,186.0,Intermediate,Afternoon,Analytical,81.5
19.5,22.4,60.7,19.9,353.7,2.3,,136.0,Intermediate,Evening,Cognitive,71.4
12.5,35.0,78.9,16.3,275.1,1.6,,75.5,Beginner,Afternoon,Creative,76.9
14.6,20.5,52.3,13.0,286.8,1.6,6.2,,Expert,Morning,Analytical,87.0
15.0,33.7,62.4,13.9,280.9,5.0,7.4,-9.7,Intermediate,Morning,Analytical,85.4
16.0,21.5,,17.9,283.6,8.0,8.5,147.0,Beginner,Morning,Cognitive,71.8
15.1,30.8,,12.6,327.2,-0.9,8.5,107.4,Beginner,Morning,Creative,74.3
13.3,35.6,67.0,14.3,323.1,1.0,4.9,131.2,Beginner,Afternoon,Creative,70.6
16.4,28.0,,17.5,445.9,4.5,8.4,301.9,Beginner,Morning,Creative,61.3
16.9,40.1,77.6,14.0,307.7,3.5,6.6,93.2,Beginner,Morning,Cognitive,91.8
11.9,41.5,69.9,20.3,315.0,4.9,,132.9,Beginner,Afternoon,Creative,75.6
16.7,31.4,53.2,12.9,386.8,3.9,7.5,82.1,Beginner,Evening,Analytical,68.6
19.8,33.2,68.3,6.1,331.2,6.6,8.2,,Beginner,Afternoon,Analytical,73.4
17.8,36.4,73.1,13.7,315.1,5.1,5.2,61.6,Expert,Afternoon,Analytical,93.1
18.7,33.3,47.1,16.9,313.3,5.8,7.3,,Beginner,Afternoon,Cognitive,76.1
15.7,32.6,54.0,18.6,329.7,6.0,4.6,11.7,Intermediate,Morning,Creative,69.4
11.3,26.9,73.5,14.8,368.7,1.6,8.2,55.0,Intermediate,Afternoon,Cognitive,81.7
11.8,19.9,60.7,15.2,387.3,5.2,5.3,134.0,Expert,Afternoon,Creative,82.5
16.3,21.7,64.4,15.9,371.6,5.3,7.3,101.2,Beginner,Evening,Cognitive,65.5
18.8,44.3,,21.2,343.3,3.3,6.5,106.8,Beginner,Morning,Analytical,73.0
26.1,31.9,68.9,17.1,330.5,3.3,6.1,93.0,Expert,Afternoon,Cognitive,86.0
18.9,28.5,65.1,14.5,421.9,3.4,4.0,129.2,Expert,Morning,Cognitive,85.7
10.3,37.6,61.1,22.2,296.3,2.2,4.9,125.6,Expert,Afternoon,Cognitive,84.8
11.9,25.5,39.0,16.0,354.9,1.2,,121.9,Beginner,Morning,Analytical,69.5
24.1,33.5,66.4,9.8,378.7,8.3,5.6,100.5,Beginner,Morning,Cognitive,76.0
14.1,30.5,67.3,11.8,372.2,6.2,6.5,163.8,Intermediate,Evening,Cognitive,74.5
15.2,32.8,47.6,17.7,281.9,4.1,,-0.4,Expert,Afternoon,Analytical,92.7
11.2,28.0,48.3,10.7,460.8,1.1,6.6,74.2,Intermediate,Afternoon,Creative,64.1
21.3,24.2,65.2,17.5,403.5,5.1,5.2,72.1,Intermediate,Morning,Cognitive,77.2
17.0,25.1,61.9,13.7,373.0,3.3,6.3,158.8,Beginner,Morning,Analytical,73.0
11.9,25.3,40.3,19.5,269.7,3.7,6.6,87.7,Intermediate,Afternoon,Cognitive,80.1
11.0,30.0,51.8,16.5,369.0,8.5,7.0,61.6,Beginner,Evening,Analytical,71.2
16.2,20.7,63.1,11.1,204.4,7.8,4.3,130.4,Beginner,Evening,Creative,73.8
15.2,22.5,66.8,18.7,308.4,-0.7,7.1,168.0,Intermediate,Afternoon,Creative,80.2
18.3,30.8,54.2,20.1,325.3,4.7,5.3,,Intermediate,Afternoon,Cognitive,76.8
17.2,29.2,,12.2,297.5,4.3,5.0,175.7,Beginner,Evening,Analytical,66.0
13.9,31.1,51.2,13.6,399.2,4.7,8.8,127.1,Beginner,Afternoon,Creative,71.5
,29.7,73.2,17.5,325.2,2.9,8.1,136.8,Intermediate,Afternoon,Creative,81.3
14.4,45.1,61.7,18.0,271.9,4.0,7.8,104.4,Beginner,Morning,Analytical,80.7
12.8,30.8,53.3,23.1,357.7,1.8,6.7,100.4,Intermediate,Afternoon,Cognitive,77.1
14.5,27.7,48.4,18.7,339.9,6.1,6.1,61.6,Beginner,Afternoon,Creative,70.8
15.1,30.6,47.3,23.2,232.3,6.0,9.2,161.6,Intermediate,Evening,Creative,78.3
11.4,36.1,78.1,16.1,386.9,7.3,7.2,12.2,Intermediate,Evening,Creative,77.6
17.5,29.7,58.3,17.2,325.1,2.5,5.7,41.6,Beginner,Morning,Cognitive,72.9
13.5,34.1,56.0,14.3,369.3,4.5,5.5,232.0,Beginner,Afternoon,Creative,62.4
11.6,32.4,57.9,14.4,340.5,8.1,7.5,113.1,Beginner,Evening,Analytical,66.8
13.6,28.3,53.7,16.4,303.2,2.6,6.5,,Beginner,Morning,Cognitive,75.7
16.0,30.7,58.9,14.3,341.2,2.0,8.5,47.3,Expert,Morning,Creative,79.9
15.3,39.6,60.3,8.3,315.0,4.6,7.1,149.1,Beginner,Morning,Analytical,74.9
16.7,31.5,60.2,14.0,334.5,6.3,5.2,,Expert,Afternoon,Analytical,75.4
18.6,24.1,47.4,19.2,350.1,2.7,9.8,207.0,Beginner,Afternoon,Cognitive,63.2
20.2,28.1,68.9,16.2,327.3,7.9,5.5,29.0,Intermediate,Afternoon,Analytical,82.1
16.1,17.3,54.5,16.2,343.3,2.2,5.2,190.1,Intermediate,Morning,Cognitive,71.0
,30.8,53.4,13.7,301.4,5.3,6.9,120.6,Intermediate,Evening,Cognitive,77.7
13.9,37.9,53.0,17.0,291.4,2.6,7.7,,Intermediate,Morning,Cognitive,78.2
11.0,22.0,49.5,21.0,358.7,3.1,5.7,27.6,Intermediate,Morning,Analytical,83.6
21.8,30.9,,20.2,392.5,5.6,8.0,7.2,Beginner,Afternoon,Cognitive,61.2
22.9,35.9,68.9,17.1,294.1,3.6,6.3,156.1,Expert,Afternoon,Cognitive,84.0
17.6,36.5,52.8,13.4,335.8,1.0,,108.8,Expert,Morning,Analytical,83.0
18.4,37.7,41.6,21.3,249.5,2.4,7.5,80.9,Expert,Morning,Cognitive,83.5
16.0,18.8,49.7,19.2,410.2,5.4,5.4,114.3,Beginner,Morning,Creative,73.7
16.5,33.0,55.5,11.6,377.3,4.8,5.9,225.4,Intermediate,Afternoon,Analytical,69.4
8.6,21.0,,10.7,290.8,5.5,7.7,102.3,Expert,Evening,Analytical,86.0
14.7,24.0,54.0,11.7,302.4,2.8,5.8,139.7,Beginner,Afternoon,Analytical,75.2
11.5,34.9,54.5,14.5,380.5,1.9,6.9,157.8,Beginner,Afternoon,Creative,59.1
,30.9,59.8,18.7,328.8,2.4,10.0,47.2,Intermediate,Afternoon,Cognitive,75.6
14.8,34.4,45.5,18.6,351.6,2.5,8.0,153.9,Intermediate,Morning,Analytical,85.9
22.8,24.4,65.8,17.0,270.7,3.9,7.9,175.2,Expert,Evening,Analytical,80.0
18.7,38.8,76.6,15.6,348.8,1.6,10.0,180.0,Beginner,Evening,Analytical,77.9
16.1,34.1,,23.1,312.6,6.1,5.9,111.2,Intermediate,Morning,Creative,83.4
13.9,35.3,54.2,16.1,532.1,5.0,7.0,281.0,Beginner,Morning,Creative,64.9
21.7,23.5,66.7,15.7,300.1,2.3,6.5,149.5,Beginner,Morning,Creative,83.6
14.9,37.0,65.5,14.5,309.5,3.6,6.1,124.1,Beginner,Morning,Cognitive,76.0
16.3,28.1,59.6,22.6,325.2,2.2,6.6,174.9,Expert,Afternoon,Cognitive,79.8
15.2,26.3,61.8,18.2,290.7,3.7,6.3,224.7,Intermediate,Afternoon,Creative,73.0
13.4,33.8,66.8,12.9,433.4,2.3,6.0,175.4,Intermediate,Evening,Cognitive,80.0
15.1,33.5,,12.5,267.3,8.3,6.6,115.5,Beginner,Afternoon,Creative,75.4
7.2,24.9,51.9,11.0,345.0,0.8,6.0,90.7,Expert,Afternoon,Cognitive,92.4
8.8,42.3,67.5,15.7,335.1,1.5,7.5,151.6,Beginner,Afternoon,Cognitive,80.3
16.4,40.9,76.7,11.5,358.0,3.5,5.6,129.3,Expert,Morning,Creative,92.2
21.3,33.6,68.8,12.5,195.0,4.2,8.5,187.4,Intermediate,Morning,Analytical,83.4
16.4,32.6,75.4,19.2,235.7,4.2,8.1,63.0,Beginner,Afternoon,Analytical,77.5
12.1,32.0,34.2,18.7,292.6,5.8,7.7,182.2,Intermediate,Morning,Cognitive,71.9
9.2,20.7,66.0,20.5,366.0,4.9,6.3,36.3,Beginner,Morning,Cognitive,81.2
18.1,30.7,62.6,11.6,306.8,2.2,7.1,109.5,Intermediate,Evening,Cognitive,79.0
12.7,30.6,70.3,13.0,304.8,6.1,6.8,155.0,Intermediate,Afternoon,Cognitive,81.4
17.6,26.5,48.7,14.1,320.8,5.3,7.0,113.3,Beginner,Morning,Cognitive,74.4
16.6,28.1,54.9,20.9,277.9,6.8,5.0,146.3,Expert,Afternoon,Cognitive,82.4
16.9,15.7,69.0,16.2,343.5,4.1,7.2,203.1,Beginner,Evening,Creative,69.3
15.1,23.4,49.4,21.5,329.6,6.2,7.5,86.0,Intermediate,Morning,Analytical,82.9
16.5,35.5,62.4,17.9,345.1,-1.4,9.2,35.8,Expert,Morning,Analytical,94.2
14.5,40.4,59.8,15.7,395.8,3.0,,51.9,Intermediate,Evening,Creative,77.5
12.5,24.3,58.0,17.7,308.5,2.2,5.2,114.7,Beginner,Morning,Creative,73.1
11.1,31.1,65.7,10.8,325.5,5.4,8.5,194.8,Expert,Morning,Analytical,93.2
5.5,36.6,48.8,9.8,270.7,2.5,4.7,101.2,Intermediate,Afternoon,Analytical,88.5
14.3,26.9,52.2,16.8,257.4,6.0,9.2,249.4,Beginner,Evening,Cognitive,67.4
21.1,34.1,58.6,16.0,319.6,5.6,8.8,43.7,Beginner,Morning,Analytical,81.5
17.9,29.8,48.0,21.8,325.1,2.8,,15.1,Intermediate,Morning,Cognitive,75.5
15.9,37.1,72.3,11.9,354.5,4.5,,134.1,Intermediate,Morning,Cognitive,85.5
,22.3,52.0,17.1,348.8,3.6,6.8,86.0,Intermediate,Evening,Analytical,79.5
19.0,23.4,,18.1,332.7,4.2,,74.8,Expert,Morning,Cognitive,80.8
14.5,31.7,51.2,17.0,404.2,5.5,7.4,121.3,Intermediate,Afternoon,Cognitive,71.4
21.3,30.6,67.0,19.3,304.4,3.3,,46.1,Beginner,Evening,Creative,64.6
11.1,29.7,43.9,14.1,310.5,0.7,5.9,152.7,Beginner,Morning,Analytical,74.2
12.0,33.5,74.1,18.5,334.2,5.2,8.6,131.7,Beginner,Evening,Creative,77.8
11.6,24.4,71.4,17.7,260.8,6.1,7.8,98.5,Intermediate,Evening,Cognitive,87.9
9.1,21.8,54.5,19.5,354.4,0.6,7.8,132.7,Beginner,Evening,Cognitive,67.4
11.3,27.0,51.7,14.5,323.6,3.9,6.7,234.7,Intermediate,Morning,Creative,82.1
,27.7,64.6,12.4,324.5,2.1,7.6,105.2,Intermediate,Afternoon,Creative,91.9
12.2,28.3,44.7,14.1,347.1,6.3,3.8,90.6,Expert,Evening,Creative,71.3
-0.4,37.6,60.3,12.8,338.8,6.4,7.6,,Beginner,Evening,Cognitive,82.8
19.3,34.6,,14.3,340.6,2.4,9.5,80.2,Expert,Morning,Analytical,83.9
8.3,33.2,57.5,15.0,300.5,1.4,8.2,,Beginner,Evening,Cognitive,83.8
17.4,31.3,53.6,13.3,665.5,4.5,8.0,260.1,Expert,Morning,Creative,70.9
15.1,27.4,52.0,16.0,246.9,1.8,8.2,204.0,Beginner,Morning,Analytical,77.3
23.5,24.9,77.0,12.5,285.7,5.7,,100.7,Beginner,Afternoon,Creative,76.5
19.0,22.8,67.8,15.8,292.4,3.7,6.7,40.8,Intermediate,Evening,Cognitive,81.5
13.0,25.8,45.2,14.5,284.0,7.2,8.5,104.6,Beginner,Afternoon,Analytical,72.8
12.2,29.7,51.2,15.6,232.7,7.3,7.7,130.6,Beginner,Afternoon,Analytical,82.0
21.0,23.1,68.6,17.2,402.2,7.1,7.1,82.9,Intermediate,Evening,Cognitive,73.4
9.1,31.0,69.7,14.7,352.1,4.8,9.0,127.9,Intermediate,Afternoon,Creative,77.9
15.8,28.8,46.1,13.7,288.4,2.1,6.0,224.6,Intermediate,Afternoon,Creative,68.8
14.5,27.6,67.0,14.0,354.9,1.0,6.0,85.8,Intermediate,Afternoon,Creative,77.1
13.6,37.0,,19.1,312.0,5.2,,71.5,Intermediate,Afternoon,Cognitive,83.6
16.4,15.2,40.6,19.8,305.5,5.3,5.6,176.3,Beginner,Afternoon,Creative,65.0
15.8,27.7,56.0,14.5,272.0,4.5,6.3,45.7,Beginner,Evening,Analytical,70.6
16.8,15.9,58.6,15.5,320.9,1.3,6.9,120.8,Beginner,Afternoon,Creative,81.0
15.6,31.4,60.5,10.9,288.4,2.4,7.7,88.6,Expert,Evening,Creative,87.6
16.7,34.6,46.8,15.5,271.4,4.2,8.3,20.8,Intermediate,Morning,Analytical,83.4
15.4,21.9,52.4,11.6,367.8,2.8,5.0,111.4,Intermediate,Morning,Analytical,71.4
12.4,22.7,53.8,14.5,278.9,2.4,,82.3,Intermediate,Afternoon,Creative,78.2
15.0,19.8,54.6,19.2,390.2,2.1,5.5,150.4,Expert,Morning,Analytical,71.7
12.1,30.4,54.8,11.5,284.3,3.7,5.0,,Beginner,Morning,Cognitive,77.9
11.9,28.0,58.7,13.3,244.9,3.6,7.5,130.5,Intermediate,Afternoon,Analytical,83.3
13.7,28.3,63.1,13.3,346.3,2.3,,63.1,Intermediate,Morning,Cognitive,85.9
14.5,27.8,77.7,11.0,297.7,4.0,7.7,86.1,Intermediate,Morning,Analytical,100.0
,24.2,68.7,18.6,241.0,4.5,7.9,135.1,Beginner,Afternoon,Cognitive,79.0
18.7,36.8,73.2,16.8,332.7,4.7,6.3,66.7,Expert,Afternoon,Cognitive,84.8
13.0,31.6,55.2,21.4,254.7,2.1,8.6,117.7,Expert,Evening,Creative,87.8
15.8,22.9,50.0,13.0,220.5,3.4,5.6,141.0,Intermediate,Afternoon,Analytical,78.1
15.5,25.8,68.0,10.7,353.9,4.0,,164.9,Intermediate,Afternoon,Analytical,72.7
12.6,24.8,,18.8,394.4,4.3,7.6,87.6,Expert,Evening,Analytical,73.4
15.3,38.4,67.3,14.9,300.3,1.3,7.3,96.5,Intermediate,Evening,Cognitive,76.7
19.0,34.3,51.2,14.6,380.6,3.3,5.8,131.8,Beginner,Morning,Creative,65.8
15.7,29.2,,20.4,360.1,5.2,5.8,76.0,Intermediate,Morning,Analytical,83.1
15.9,40.2,58.2,16.5,353.4,2.8,7.6,37.0,Intermediate,Afternoon,Creative,84.1
12.2,38.7,55.4,18.7,311.5,4.7,7.4,141.2,Intermediate,Afternoon,Creative,78.4
22.9,28.6,56.3,14.1,290.2,4.0,5.4,104.3,Intermediate,Evening,Cognitive,74.2
12.4,27.5,64.9,13.8,337.2,3.1,6.0,152.2,Expert,Afternoon,Analytical,91.1
8.3,27.8,67.7,14.9,352.4,6.5,5.6,85.7,Expert,Afternoon,Creative,89.0
,24.3,56.3,18.0,257.0,3.4,3.8,125.2,Intermediate,Evening,Analytical,75.2
14.5,40.4,63.4,16.2,303.8,3.6,9.0,11.8,Beginner,Afternoon,Analytical,87.6
13.8,24.0,63.4,17.4,310.5,3.0,7.4,156.5,Expert,Morning,Analytical,84.2
12.8,35.2,67.4,8.2,305.9,7.0,8.7,87.8,Expert,Evening,Creative,83.4
22.5,34.1,69.9,10.4,286.2,6.8,6.5,111.6,Beginner,Morning,Cognitive,80.4
16.4,28.2,78.1,9.5,253.4,6.3,5.5,110.8,Expert,Evening,Cognitive,94.9
17.2,40.9,55.3,14.9,304.8,5.7,5.7,99.1,Expert,Evening,Creative,78.1
15.7,20.6,74.6,11.8,306.1,2.2,5.7,123.9,Intermediate,Afternoon,Analytical,78.6
16.1,29.5,61.2,21.1,296.4,3.1,6.2,120.8,Intermediate,Afternoon,Analytical,86.8
20.6,27.1,49.1,15.9,352.5,2.5,4.7,133.2,Beginner,Afternoon,Cognitive,67.3
14.0,35.8,53.5,16.7,251.6,6.1,6.4,,Beginner,Afternoon,Creative,73.0
9.2,32.1,64.7,12.7,334.0,8.7,,166.3,Beginner,Afternoon,Creative,74.0
18.5,19.6,,12.6,230.3,5.4,8.3,112.6,Expert,Afternoon,Cognitive,89.8
17.0,37.4,49.8,20.7,316.7,7.4,7.8,140.4,Beginner,Evening,Creative,65.8
,32.9,52.4,21.3,207.2,4.9,6.4,112.3,Beginner,Afternoon,Creative,72.8
16.9,23.8,54.7,17.2,275.5,4.6,7.7,56.1,Beginner,Morning,Cognitive,75.5
13.5,27.9,51.4,9.9,318.9,2.8,5.4,271.9,Intermediate,Afternoon,Cognitive,78.8
15.1,22.2,41.2,14.7,248.7,5.2,5.1,127.6,Expert,Evening,Creative,73.0
14.5,29.0,,16.9,249.1,5.8,6.9,25.3,Beginner,Afternoon,Creative,75.8
12.6,30.9,56.2,15.3,369.1,6.1,,114.5,Beginner,Afternoon,Cognitive,70.0
19.8,28.0,62.5,9.6,240.2,4.2,6.8,96.5,Intermediate,Evening,Cognitive,76.5
9.4,27.3,66.6,21.5,314.1,4.4,9.0,110.3,Intermediate,Afternoon,Analytical,84.5
24.4,20.3,46.4,13.5,393.8,3.9,8.0,21.8,Beginner,Afternoon,Creative,63.4
18.5,32.0,46.5,12.0,327.1,2.9,8.6,121.8,Intermediate,Evening,Creative,67.3
7.9,18.5,54.7,15.9,321.4,5.8,6.2,67.6,Beginner,Morning,Cognitive,75.6
14.1,30.2,60.0,19.6,284.3,0.2,7.5,208.5,Beginner,Evening,Cognitive,76.2
14.3,19.2,70.1,17.5,284.5,0.7,5.4,113.6,Intermediate,Morning,Analytical,88.2
16.6,30.3,67.2,12.1,311.6,2.9,5.9,163.1,Intermediate,Morning,Analytical,79.7
,30.0,56.3,11.6,220.2,1.5,7.5,173.0,Expert,Evening,Cognitive,80.1
15.1,32.4,63.6,9.4,370.6,6.2,5.7,146.8,Beginner,Morning,Creative,74.7
14.5,35.2,,15.1,330.4,3.1,5.8,129.7,Intermediate,Afternoon,Analytical,76.0
12.0,36.3,60.7,14.6,232.6,5.8,7.6,185.9,Intermediate,Evening,Cognitive,80.9
11.5,20.3,59.4,17.5,371.3,6.6,5.9,82.7,Beginner,Evening,Cognitive,77.1
18.7,29.7,74.0,13.9,354.0,4.1,8.4,164.9,Intermediate,Evening,Cognitive,78.7
8.2,42.1,64.9,18.9,342.0,4.7,6.7,95.1,Beginner,Morning,Creative,76.4
16.9,30.7,,18.0,431.8,6.5,6.7,125.5,Expert,Afternoon,Cognitive,75.6
18.2,25.0,52.4,13.8,324.8,6.0,7.4,47.4,Beginner,Morning,Cognitive,71.1
14.1,29.5,56.7,17.2,396.5,-0.1,6.8,,Intermediate,Afternoon,Creative,81.8
15.2,27.7,44.4,20.0,321.3,3.2,7.4,115.5,Beginner,Evening,Cognitive,69.7
19.7,22.9,57.7,13.1,342.6,5.0,5.6,184.3,Expert,Afternoon,Cognitive,76.6
12.2,35.2,,15.4,618.6,4.4,,208.4,Intermediate,Afternoon,Analytical,65.7
12.6,33.5,64.7,15.3,225.7,2.0,4.9,221.4,Intermediate,Afternoon,Cognitive,85.4
13.0,22.0,66.1,14.9,228.7,0.6,6.3,143.8,Beginner,Afternoon,Creative,82.2
19.7,29.4,61.0,18.4,315.8,5.2,7.7,109.9,Intermediate,Evening,Analytical,76.2
20.2,26.6,43.7,18.6,308.1,2.3,10.2,208.9,Beginner,Morning,Cognitive,71.3
9.4,20.4,47.8,17.2,261.0,3.7,6.1,198.5,Expert,Afternoon,Creative,85.9
19.0,21.5,53.9,17.1,306.1,4.3,6.0,38.3,Beginner,Evening,Cognitive,65.9
18.3,22.4,66.5,14.3,342.5,3.7,,117.7,Beginner,Afternoon,Analytical,82.6
21.2,29.6,66.2,17.0,384.5,2.1,7.3,150.8,Beginner,Morning,Creative,71.0
16.5,27.3,57.5,12.1,285.4,3.8,7.4,163.2,Intermediate,Afternoon,Analytical,78.2
14.8,24.2,83.6,23.4,339.6,2.9,6.6,156.5,Intermediate,Morning,Creative,83.1
19.6,27.6,75.6,20.1,407.0,7.3,4.0,,Beginner,Morning,Creative,69.5
17.8,34.5,72.4,18.9,357.5,4.4,7.3,101.4,Intermediate,Evening,Cognitive,81.5
24.0,32.1,67.0,17.2,281.5,9.1,6.9,,Intermediate,Afternoon,Creative,77.4
18.8,36.0,64.6,17.2,325.1,1.4,4.6,75.0,Intermediate,Evening,Creative,73.7
,28.6,63.9,10.9,329.2,3.4,7.9,,Intermediate,Evening,Cognitive,82.5
10.3,39.6,41.9,12.2,351.9,3.4,8.1,151.0,Intermediate,Afternoon,Creative,72.6
12.7,32.1,,12.6,322.0,2.4,7.8,154.6,Intermediate,Morning,Creative,76.9
9.3,27.1,57.8,16.2,344.2,3.3,6.4,225.4,Beginner,Afternoon,Creative,66.2
14.1,30.6,61.3,15.2,371.0,3.0,7.3,84.6,Beginner,Morning,Creative,71.5
18.7,22.5,58.8,18.4,267.4,2.0,5.7,141.9,Expert,Evening,Cognitive,80.3
15.0,28.2,62.7,13.1,254.0,7.6,4.9,104.7,Expert,Morning,Cognitive,83.5
19.1,32.6,39.0,19.1,350.4,3.8,6.9,111.3,Beginner,Morning,Analytical,75.5
16.4,33.7,65.1,13.5,312.3,5.9,4.7,,Beginner,Afternoon,Creative,76.3
13.4,27.5,60.6,14.7,363.2,6.0,,122.9,Intermediate,Morning,Cognitive,78.2
15.4,46.4,58.1,18.7,374.4,6.9,6.9,203.1,Intermediate,Morning,Creative,78.7
16.9,29.0,69.3,17.5,227.5,2.0,5.8,94.1,Beginner,Afternoon,Cognitive,79.6
15.6,19.9,49.5,12.2,278.1,6.5,9.9,144.3,Beginner,Morning,Analytical,88.1
15.6,37.3,57.6,19.2,313.7,3.9,6.1,84.2,Intermediate,Morning,Creative,85.5
11.9,33.6,62.8,16.3,268.8,8.1,7.3,32.2,Intermediate,Afternoon,Analytical,90.5
13.3,31.4,,9.6,650.1,5.0,6.7,197.6,Beginner,Afternoon,Analytical,59.0
24.0,27.2,40.0,13.5,256.1,1.7,8.4,234.8,Beginner,Afternoon,Analytical,60.6
19.9,32.4,48.5,14.8,545.1,6.5,6.5,112.7,Beginner,Afternoon,Cognitive,56.2
9.1,39.7,59.4,12.5,271.7,6.3,5.1,62.0,Intermediate,Afternoon,Creative,73.9
5.5,31.2,57.5,20.0,337.2,1.4,7.6,67.5,Beginner,Afternoon,Cognitive,81.2
,21.2,59.8,14.9,365.1,5.5,4.7,228.4,Beginner,Evening,Cognitive,65.7
18.6,9.3,53.4,17.4,340.4,7.2,5.7,186.3,Intermediate,Morning,Creative,79.8
12.9,32.3,46.9,16.6,449.9,5.0,6.2,158.0,Beginner,Afternoon,Creative,67.0
19.1,24.1,61.4,18.1,366.9,2.1,6.3,201.3,Intermediate,Evening,Creative,66.4
15.2,29.4,58.3,21.0,365.1,6.0,6.5,,Beginner,Evening,Creative,56.2
14.3,25.1,66.4,18.0,315.9,5.3,6.4,113.5,Beginner,Morning,Cognitive,76.4
18.0,24.7,,21.2,304.7,3.5,7.2,93.0,Beginner,Morning,Creative,69.3
12.9,25.4,39.8,18.1,383.7,3.1,,,Intermediate,Afternoon,Creative,67.6
13.9,26.0,34.0,16.4,307.3,5.3,7.7,126.7,Expert,Morning,Creative,75.4
,34.7,56.0,17.0,321.7,2.2,5.7,65.0,Expert,Evening,Analytical,85.6
14.9,33.4,61.3,8.1,311.4,4.4,,151.4,Beginner,Afternoon,Creative,77.9
22.6,22.8,57.7,14.6,347.0,6.4,,100.8,Intermediate,Afternoon,Creative,68.1
17.8,23.6,54.3,15.6,364.6,7.0,6.4,186.6,Beginner,Morning,Cognitive,82.3
17.5,32.3,44.1,17.3,373.2,2.9,8.5,61.9,Beginner,Afternoon,Analytical,68.1
14.8,36.3,41.1,15.9,304.8,0.8,7.0,154.1,Expert,Afternoon,Cognitive,76.0
18.5,36.2,63.7,17.0,329.1,2.6,6.3,129.6,Beginner,Evening,Analytical,78.6
13.7,24.0,57.7,12.0,336.6,5.6,6.9,131.0,Beginner,Morning,Cognitive,82.0
,35.9,56.4,11.3,393.2,2.5,5.2,136.7,Beginner,Morning,Cognitive,71.0
11.3,19.3,44.6,12.5,230.7,6.2,4.4,108.5,Beginner,Afternoon,Creative,78.5
19.2,28.8,,20.7,320.6,2.5,5.5,150.1,Beginner,Morning,Creative,66.9
,32.9,60.5,12.2,287.8,2.9,5.4,136.9,Intermediate,Afternoon,Analytical,78.7
22.9,17.5,62.8,13.6,293.4,3.7,10.6,126.9,Intermediate,Evening,Analytical,80.8
24.6,42.6,58.4,16.3,277.5,5.9,9.9,192.4,Expert,Afternoon,Analytical,83.1
18.1,38.0,73.8,11.2,347.0,0.8,9.9,39.4,Expert,Evening,Creative,82.5
15.3,33.9,54.2,13.4,197.5,4.6,5.2,155.2,Beginner,Morning,Cognitive,79.9
11.2,24.2,72.9,18.0,313.1,4.5,9.6,133.3,Beginner,Morning,Analytical,84.9
18.6,29.6,62.2,14.7,228.9,2.0,5.9,150.1,Beginner,Morning,Creative,77.8
,34.7,61.1,21.1,285.4,4.7,9.5,156.1,Intermediate,Morning,Creative,86.8
17.2,23.3,69.3,10.9,309.3,3.6,7.7,159.6,Beginner,Evening,Cognitive,81.8
,28.9,53.8,15.0,299.7,1.7,5.5,,Intermediate,Morning,Cognitive,73.1
11.7,35.5,56.7,14.7,354.1,3.9,9.5,80.9,Intermediate,Afternoon,Creative,84.0
11.3,21.0,47.8,16.0,382.5,1.9,9.4,148.3,Intermediate,Afternoon,Cognitive,87.4
14.1,32.0,69.4,12.3,417.9,2.7,5.4,208.5,Intermediate,Evening,Cognitive,64.0
18.3,19.5,63.4,14.3,319.6,5.8,7.5,107.6,Beginner,Morning,Creative,79.1
17.2,24.3,71.0,18.4,378.1,3.4,4.1,59.2,Expert,Morning,Analytical,88.7
11.4,27.0,62.0,15.2,393.2,5.7,6.4,167.4,Intermediate,Morning,Analytical,78.6
18.0,33.1,71.0,12.8,296.2,3.7,,70.0,Beginner,Afternoon,Creative,72.3
10.2,25.8,52.5,22.2,381.7,2.1,6.4,138.8,Expert,Morning,Analytical,86.6
11.6,30.8,69.9,16.1,211.2,5.0,9.4,59.9,Intermediate,Evening,Creative,91.7
,25.9,56.0,17.8,334.9,5.1,5.0,102.7,Expert,Afternoon,Creative,79.5
12.8,26.8,60.0,18.3,400.3,1.5,6.7,119.3,Intermediate,Afternoon,Cognitive,77.2
18.6,37.5,67.3,15.8,325.0,6.3,8.1,102.2,Intermediate,Afternoon,Analytical,71.5
16.1,23.1,83.3,13.6,310.5,7.0,5.0,134.0,Beginner,Morning,Creative,83.0
22.1,34.6,68.2,16.6,310.2,5.3,5.7,,Beginner,Afternoon,Analytical,69.9
14.0,30.0,69.1,13.9,393.4,4.2,8.7,89.4,Intermediate,Evening,Analytical,77.7
14.5,26.5,54.5,17.1,240.4,8.0,9.0,87.0,Intermediate,Evening,Analytical,76.2
19.8,22.7,61.6,15.5,300.4,5.1,6.4,195.8,Beginner,Evening,Creative,65.4
14.6,23.1,59.0,19.1,362.1,4.4,8.3,105.8,Beginner,Evening,Cognitive,74.2
21.0,25.6,74.1,12.6,335.9,7.4,9.3,137.8,Expert,Morning,Analytical,82.4
17.2,29.1,58.5,18.2,379.3,7.2,6.4,37.7,Expert,Morning,Creative,81.0
5.6,33.6,73.3,17.8,354.1,1.1,8.2,227.8,Intermediate,Morning,Analytical,85.7
19.7,28.2,,15.3,296.4,3.0,6.4,147.4,Beginner,Morning,Cognitive,77.7
18.7,28.6,74.0,18.2,349.1,5.2,5.0,-1.4,Beginner,Morning,Analytical,79.0
18.8,29.5,51.4,17.3,254.0,6.5,7.0,59.3,Beginner,Afternoon,Creative,67.1
7.4,32.9,68.5,18.0,219.1,1.7,6.6,76.8,Expert,Afternoon,Analytical,97.7
12.3,33.9,,17.8,289.4,5.8,5.6,222.6,Beginner,Evening,Analytical,61.9
12.6,21.7,66.2,16.2,324.0,3.2,6.5,,Intermediate,Afternoon,Analytical,83.1
11.6,28.3,50.4,14.2,279.4,5.4,6.7,151.9,Beginner,Evening,Cognitive,62.0
,37.4,70.4,14.2,328.7,2.9,7.4,,Intermediate,Morning,Analytical,82.2
15.0,22.1,68.5,15.4,322.9,-0.7,8.6,194.9,Intermediate,Morning,Creative,87.7
14.9,30.4,54.0,18.5,227.0,0.5,8.6,53.9,Expert,Afternoon,Analytical,88.5
17.2,29.0,65.8,17.9,293.0,1.7,6.9,115.6,Beginner,Morning,Analytical,88.2
17.3,26.6,69.5,19.0,367.1,2.8,,114.7,Beginner,Morning,Analytical,77.4
1.7,39.5,50.8,19.3,344.3,4.0,9.0,202.9,Beginner,Morning,Cognitive,68.7
12.4,30.2,49.7,15.3,285.2,3.0,6.9,245.8,Expert,Morning,Creative,80.0
9.3,39.1,49.3,21.9,350.9,3.9,6.1,253.0,Expert,Afternoon,Analytical,86.3
16.6,30.0,47.9,15.7,407.8,3.0,7.3,149.9,Intermediate,Afternoon,Creative,70.4
13.8,32.8,49.2,14.5,298.8,4.0,4.3,143.2,Intermediate,Afternoon,Creative,59.8
15.1,26.5,69.2,17.0,357.1,5.9,6.3,93.4,Intermediate,Afternoon,Cognitive,85.6
6.7,26.6,65.6,17.5,349.2,4.0,6.2,123.6,Beginner,Afternoon,Creative,76.2
,32.5,43.0,13.8,296.1,5.1,5.8,184.0,Expert,Morning,Analytical,83.1
19.5,32.6,54.9,15.5,263.4,5.4,7.6,177.2,Intermediate,Morning,Cognitive,74.7
20.6,33.6,,14.7,402.5,3.7,8.6,153.1,Beginner,Morning,Cognitive,65.9
,32.3,68.6,16.4,374.4,0.4,9.5,69.4,Intermediate,Afternoon,Creative,78.3
9.7,22.0,55.5,18.4,306.1,4.5,6.3,,Beginner,Evening,Cognitive,71.1
20.0,25.2,44.6,15.2,380.7,2.7,6.6,148.4,Beginner,Afternoon,Creative,64.2
17.9,35.1,61.7,17.7,347.7,5.7,6.0,132.1,Intermediate,Morning,Creative,83.3
14.5,18.2,,11.8,380.3,6.7,7.8,173.9,Beginner,Afternoon,Cognitive,75.2
6.9,31.8,50.5,18.7,230.4,3.5,4.2,81.8,Intermediate,Afternoon,Analytical,87.4
18.8,29.3,,14.6,299.6,4.3,6.4,76.0,Beginner,Afternoon,Creative,74.2
12.6,35.1,51.0,14.6,398.7,5.3,7.4,98.0,Beginner,Afternoon,Cognitive,69.8
16.4,32.5,72.4,17.2,452.6,2.4,6.1,59.5,Beginner,Afternoon,Cognitive,79.7
15.3,26.0,55.7,17.4,300.5,4.0,6.4,127.0,Beginner,Afternoon,Creative,71.4
21.2,25.7,52.8,15.7,299.6,0.9,8.5,-2.1,Intermediate,Afternoon,Creative,73.4
,26.9,59.5,13.3,354.2,6.1,6.9,91.3,Beginner,Morning,Creative,65.3
14.9,33.5,57.9,14.6,337.2,7.4,8.8,1.9,Intermediate,Afternoon,Creative,74.0
21.3,16.2,66.9,16.3,346.7,4.2,9.5,104.5,Intermediate,Morning,Analytical,88.4
12.4,30.9,72.2,17.5,211.9,2.5,7.8,107.2,Intermediate,Morning,Analytical,93.3
18.3,24.7,72.2,13.5,308.1,4.5,6.6,190.3,Expert,Evening,Analytical,85.4
14.2,31.1,56.2,14.1,360.3,1.5,9.4,137.2,Intermediate,Evening,Analytical,74.2
11.0,32.1,,16.8,202.3,3.1,3.2,,Beginner,Morning,Cognitive,84.2
15.0,20.0,74.9,15.8,239.1,3.2,4.7,96.8,Beginner,Afternoon,Creative,79.1
17.8,28.6,75.3,16.4,231.3,3.0,8.2,205.9,Beginner,Morning,Cognitive,83.0
20.4,30.9,51.2,8.2,352.5,4.4,10.7,,Intermediate,Afternoon,Cognitive,77.4
20.9,30.5,65.9,15.1,273.5,4.9,8.0,248.3,Beginner,Evening,Analytical,73.1
13.8,29.3,64.2,18.6,260.0,4.0,7.3,145.2,Intermediate,Evening,Cognitive,74.0
11.1,22.7,69.3,14.2,322.7,5.8,6.3,42.2,Intermediate,Afternoon,Analytical,85.4
13.7,23.6,72.4,17.5,258.0,4.8,7.8,57.8,Beginner,Afternoon,Creative,77.5
,21.7,,12.4,342.6,3.0,8.7,169.9,Intermediate,Afternoon,Analytical,72.9
14.1,33.3,53.1,11.3,440.7,3.8,8.1,164.3,Beginner,Morning,Creative,68.3
13.6,29.3,69.1,17.3,301.6,3.8,,145.8,Beginner,Evening,Analytical,70.4
17.9,29.7,61.5,15.8,222.8,3.2,8.6,,Intermediate,Evening,Cognitive,75.7
6.2,19.8,37.7,15.0,297.4,5.0,7.5,113.8,Intermediate,Afternoon,Cognitive,73.5
12.1,29.8,,18.5,344.5,-0.3,7.8,,Intermediate,Morning,Analytical,74.5
,33.8,66.6,15.1,339.5,4.1,8.5,143.3,Intermediate,Morning,Creative,70.7
19.7,18.9,68.4,14.1,361.9,4.6,5.6,217.1,Beginner,Morning,Creative,71.0
10.5,26.8,46.5,13.8,290.3,5.2,7.0,118.2,Expert,Evening,Analytical,83.0
15.9,20.6,,13.1,306.0,6.2,7.2,135.7,Intermediate,Afternoon,Cognitive,88.8
14.5,27.5,58.0,17.4,197.4,3.7,5.2,181.6,Intermediate,Morning,Creative,83.4
19.2,24.6,49.8,15.1,350.7,5.7,5.4,88.7,Beginner,Afternoon,Analytical,66.9
17.4,32.3,54.4,19.4,254.5,5.2,6.1,,Intermediate,Evening,Creative,76.2
15.5,31.0,47.8,7.1,330.0,4.5,,168.0,Beginner,Morning,Cognitive,76.6
12.8,37.7,53.8,18.8,276.4,1.2,6.7,75.9,Beginner,Evening,Creative,80.3
7.6,29.7,41.3,17.1,315.7,6.2,,42.1,Expert,Evening,Analytical,82.6
16.0,32.0,59.3,15.7,367.9,4.2,7.5,106.4,Beginner,Evening,Creative,75.9
,26.7,65.9,12.1,298.1,3.5,7.9,171.3,Expert,Afternoon,Creative,92.3
8.7,23.4,46.5,11.0,283.0,1.7,7.8,31.9,Intermediate,Morning,Cognitive,81.8
10.1,35.0,60.2,18.3,320.1,-0.9,7.1,134.5,Beginner,Afternoon,Cognitive,63.8
16.0,37.5,52.0,16.7,287.9,7.8,6.8,,Intermediate,Morning,Cognitive,74.2
16.4,34.2,66.7,16.7,272.9,4.6,8.6,106.6,Expert,Morning,Cognitive,89.0
11.0,30.8,36.9,15.7,413.3,1.8,6.3,138.1,Intermediate,Afternoon,Analytical,67.2
12.7,24.2,,18.5,227.3,1.5,9.0,18.2,Expert,Afternoon,Creative,93.5
,36.8,41.8,14.2,352.7,3.4,6.1,191.5,Intermediate,Evening,Creative,64.3
20.5,33.5,57.9,15.0,313.2,5.6,6.6,66.5,Intermediate,Morning,Creative,81.3
9.8,42.1,52.9,15.5,278.7,5.3,8.1,141.8,Expert,Afternoon,Creative,82.0
17.2,23.1,56.4,15.4,337.4,5.4,10.5,162.2,Beginner,Evening,Analytical,69.7
14.9,35.2,44.7,20.0,321.7,2.2,4.1,207.7,Intermediate,Evening,Cognitive,68.4
20.2,33.3,76.6,12.2,386.0,3.6,8.3,117.9,Beginner,Evening,Creative,73.1
11.8,27.9,47.1,10.1,263.3,4.3,7.7,32.3,Expert,Afternoon,Creative,89.0
15.2,38.2,47.9,11.6,294.2,3.9,6.3,24.6,Expert,Evening,Cognitive,84.1
8.2,32.4,77.9,18.1,370.6,5.1,7.5,196.5,Beginner,Morning,Cognitive,84.1
7.2,24.4,63.2,15.7,309.8,7.1,,86.4,Intermediate,Afternoon,Creative,91.5
17.4,29.3,47.5,11.2,347.3,4.4,5.8,97.3,Expert,Morning,Cognitive,80.4
7.9,24.3,58.7,16.3,380.7,2.8,7.6,52.3,Beginner,Morning,Creative,77.9
,27.2,57.6,15.0,348.1,1.1,5.5,96.9,Intermediate,Morning,Creative,79.6
19.0,34.2,43.1,17.7,289.4,4.4,7.2,224.6,Expert,Morning,Creative,78.6
,35.9,,18.4,302.5,2.7,6.0,122.0,Beginner,Morning,Creative,71.8
12.3,31.3,,23.6,381.2,4.9,6.3,71.5,Intermediate,Morning,Creative,75.3
8.6,25.5,72.7,12.5,327.8,4.7,8.6,182.9,Beginner,Morning,Creative,76.3
17.0,32.3,58.1,10.4,309.8,7.1,5.3,-29.6,Expert,Evening,Cognitive,83.2
20.4,34.3,58.9,17.8,339.2,4.4,6.9,119.4,Expert,Morning,Analytical,78.0
,18.2,51.8,19.0,255.8,4.9,7.7,98.6,Expert,Afternoon,Analytical,85.9
11.8,30.7,71.0,12.2,308.2,2.7,7.4,103.5,Intermediate,Morning,Creative,91.5
12.9,28.9,69.0,12.2,316.1,1.1,6.1,33.8,Expert,Evening,Cognitive,86.9
17.3,35.7,67.9,17.0,315.3,6.1,7.5,,Expert,Evening,Creative,80.5
19.9,32.3,61.1,21.1,300.3,6.4,5.5,96.0,Beginner,Afternoon,Cognitive,74.2
10.0,32.9,44.0,13.4,304.6,3.3,6.3,62.6,Expert,Afternoon,Creative,86.8
9.0,27.1,70.9,16.3,314.3,0.1,9.4,95.8,Beginner,Morning,Creative,78.8
24.4,30.0,60.6,10.3,393.0,6.7,8.0,3.7,Intermediate,Evening,Analytical,72.9
14.3,35.7,56.9,15.4,209.8,6.4,7.0,250.6,Beginner,Evening,Cognitive,63.7
16.0,29.6,64.5,15.7,354.9,3.8,7.7,-85.6,Beginner,Evening,Cognitive,78.9
12.2,31.0,62.2,20.4,315.7,6.1,5.8,111.1,Beginner,Afternoon,Analytical,75.6
17.0,20.8,49.3,13.9,316.9,3.9,7.4,110.1,Intermediate,Morning,Analytical,85.2
18.8,29.6,56.8,18.1,299.7,4.4,,85.9,Beginner,Evening,Analytical,77.1
16.2,17.9,41.0,13.7,345.1,0.7,6.1,105.7,Intermediate,Morning,Analytical,75.4
22.0,26.9,60.9,16.3,367.5,6.4,6.8,158.1,Beginner,Afternoon,Cognitive,64.2
,30.4,73.3,22.2,225.2,0.5,6.1,44.5,Beginner,Morning,Cognitive,88.7
13.9,34.6,42.0,21.4,424.7,7.4,7.2,13.5,Intermediate,Evening,Analytical,69.6
15.9,24.0,61.3,21.9,327.2,7.6,7.6,88.0,Intermediate,Morning,Creative,79.2
16.9,32.2,66.7,17.2,325.5,-1.1,6.6,-43.2,Beginner,Morning,Creative,85.0
,38.8,68.2,15.4,250.3,7.1,2.7,67.4,Intermediate,Afternoon,Creative,89.6
9.9,26.2,52.5,16.9,291.4,3.5,5.7,87.6,Expert,Evening,Creative,84.1
16.3,20.7,49.0,17.4,388.0,4.8,5.4,125.5,Intermediate,Afternoon,Cognitive,72.8
13.5,31.7,54.1,17.2,323.4,1.2,7.6,197.5,Beginner,Morning,Cognitive,82.4
12.7,22.8,71.9,13.9,340.8,3.4,5.9,137.9,Beginner,Morning,Cognitive,81.8
15.1,25.1,42.9,13.7,296.9,1.6,6.2,140.6,Expert,Evening,Creative,76.9
11.2,35.5,47.8,14.2,418.5,2.4,8.3,76.4,Beginner,Evening,Analytical,66.5
10.5,41.3,55.4,19.2,312.3,6.4,5.8,83.4,Expert,Evening,Creative,73.9
4.5,24.0,50.2,19.5,376.5,6.0,7.3,84.8,Intermediate,Afternoon,Cognitive,82.4
,25.6,59.6,25.6,513.9,5.6,6.1,197.1,Expert,Evening,Creative,70.4
17.2,27.4,74.1,17.3,337.4,2.9,6.3,93.4,Intermediate,Afternoon,Analytical,78.7
14.5,26.7,48.0,13.6,337.6,2.6,5.3,139.3,Expert,Afternoon,Analytical,77.0
,41.6,58.5,14.6,366.2,0.7,6.2,157.2,Beginner,Afternoon,Creative,63.4
3.5,26.8,59.9,15.5,356.9,5.4,7.8,196.7,Intermediate,Afternoon,Cognitive,78.7
12.1,27.7,56.7,20.5,296.3,7.9,5.6,136.5,Intermediate,Evening,Cognitive,79.6
17.9,39.7,44.2,18.2,378.0,6.9,5.9,139.4,Intermediate,Afternoon,Cognitive,70.0
18.8,33.5,53.6,12.0,270.5,4.1,10.3,189.5,Intermediate,Morning,Creative,83.2
17.6,35.9,53.7,15.8,260.8,5.0,7.4,163.2,Expert,Morning,Cognitive,83.2
15.6,24.6,66.3,11.6,305.4,4.5,7.5,98.5,Expert,Morning,Creative,85.2
20.2,26.8,,17.8,339.7,5.8,6.1,57.4,Intermediate,Afternoon,Cognitive,81.9
13.7,23.8,44.5,13.9,268.9,7.5,8.6,91.3,Intermediate,Morning,Analytical,80.3
19.3,34.8,56.1,14.2,316.1,2.9,8.8,70.3,Intermediate,Morning,Analytical,79.4
13.5,37.4,55.0,10.4,250.8,2.9,6.1,127.1,Intermediate,Afternoon,Cognitive,82.2
11.5,26.4,79.5,18.3,306.5,3.4,8.6,149.3,Beginner,Afternoon,Creative,76.9
11.0,27.8,62.9,19.6,368.6,3.9,9.0,95.6,Beginner,Evening,Cognitive,76.4
10.7,28.1,49.2,13.9,277.8,5.5,3.9,98.0,Beginner,Afternoon,Creative,70.6
17.6,20.7,52.2,15.5,258.9,3.9,,-39.1,Beginner,Evening,Analytical,71.7
12.0,26.0,56.2,14.6,338.9,2.3,5.9,85.8,Beginner,Evening,Creative,59.4
10.9,34.6,63.6,15.3,280.6,2.3,,308.2,Beginner,Evening,Cognitive,72.8
17.9,24.7,64.8,13.5,441.1,1.6,5.8,187.3,Beginner,Afternoon,Analytical,67.3
16.3,30.6,62.0,12.7,329.6,3.8,7.9,199.9,Beginner,Morning,Creative,72.8
18.9,22.2,57.9,20.1,371.2,6.1,4.4,149.2,Expert,Evening,Creative,65.1
17.1,29.1,58.6,8.1,254.3,4.8,8.7,,Intermediate,Morning,Analytical,85.4
,26.6,58.7,17.5,342.9,5.1,7.1,99.3,Beginner,Morning,Cognitive,79.6
15.3,22.7,42.2,16.8,269.7,1.8,8.9,71.2,Intermediate,Afternoon,Analytical,73.4
15.5,34.7,59.4,21.0,311.0,1.7,5.9,209.2,Beginner,Morning,Cognitive,73.1
11.3,35.1,54.2,15.3,282.4,4.4,7.3,54.5,Expert,Evening,Cognitive,79.0
10.6,24.2,43.5,14.9,372.0,6.5,9.3,149.4,Intermediate,Afternoon,Creative,70.3
12.3,28.7,84.2,13.6,336.1,5.7,7.0,226.9,Beginner,Afternoon,Cognitive,72.6
,30.3,63.1,17.1,325.9,2.7,7.6,178.0,Intermediate,Afternoon,Cognitive,80.9
13.3,19.1,60.1,13.9,388.1,8.6,8.0,104.6,Expert,Afternoon,Analytical,75.6
19.9,21.6,56.3,12.6,320.8,-0.1,4.7,196.7,Expert,Morning,Analytical,78.8
13.1,37.7,67.3,13.8,371.5,4.1,6.2,133.0,Intermediate,Afternoon,Cognitive,75.4
18.6,23.6,48.4,13.2,410.0,4.2,8.7,112.0,Intermediate,Afternoon,Creative,73.1
18.6,37.5,56.9,13.0,327.0,3.6,3.9,164.4,Beginner,Afternoon,Analytical,74.0
18.8,21.9,50.5,16.3,333.0,5.1,8.7,67.2,Expert,Evening,Creative,79.3
,34.0,,15.4,367.7,3.6,6.1,33.6,Beginner,Morning,Analytical,75.1
20.5,28.1,51.7,17.6,391.8,1.0,10.1,105.9,Expert,Morning,Analytical,72.6
16.5,29.0,71.0,16.4,326.4,3.8,7.7,80.8,Intermediate,Morning,Cognitive,82.7
21.9,41.1,59.0,12.4,288.1,4.3,5.8,32.6,Intermediate,Afternoon,Analytical,73.1
8.5,22.5,,9.6,363.3,5.8,8.5,121.9,Intermediate,Evening,Analytical,80.3
16.4,33.6,64.0,12.8,348.6,6.8,9.1,,Beginner,Evening,Creative,71.5
16.1,33.3,70.6,18.3,362.8,2.3,7.9,62.8,Beginner,Afternoon,Analytical,71.0
11.3,50.1,50.6,18.2,354.9,7.3,6.3,119.0,Beginner,Afternoon,Analytical,75.6
17.3,23.5,69.1,19.0,330.3,3.1,9.2,63.1,Beginner,Afternoon,Creative,81.0
9.0,26.2,41.4,18.5,333.2,3.0,5.6,189.6,Intermediate,Morning,Cognitive,75.2
12.4,34.9,,19.3,355.1,3.2,8.6,226.8,Beginner,Morning,Cognitive,76.5
7.0,28.8,54.5,17.2,247.5,0.1,3.4,162.1,Beginner,Evening,Analytical,82.2
21.2,27.2,46.0,21.4,386.5,3.2,7.2,94.3,Expert,Afternoon,Analytical,74.5
14.1,35.7,51.1,16.9,342.5,6.6,6.2,144.6,Expert,Evening,Creative,80.7
23.7,28.4,53.6,22.0,277.7,5.0,4.9,79.9,Expert,Morning,Cognitive,81.7
18.2,24.6,58.0,14.1,329.3,4.5,9.0,160.0,Expert,Afternoon,Cognitive,76.1
16.8,34.4,54.8,14.0,385.9,4.7,3.8,163.3,Beginner,Morning,Cognitive,66.6
12.7,32.3,60.8,15.4,334.5,6.5,9.1,167.2,Beginner,Morning,Creative,77.7
10.8,28.1,51.7,15.9,283.4,2.2,4.7,97.9,Intermediate,Afternoon,Creative,76.7
17.1,27.8,55.2,15.0,256.3,5.8,8.6,162.4,Intermediate,Morning,Creative,92.6
14.7,24.5,57.1,17.6,443.2,4.1,5.8,149.5,Beginner,Morning,Analytical,74.3
9.6,34.4,61.8,15.7,233.1,2.4,4.1,135.8,Expert,Morning,Cognitive,97.3
8.9,27.8,68.5,14.2,336.8,4.9,6.3,125.4,Beginner,Morning,Analytical,92.7
11.2,25.4,68.5,14.8,290.7,4.2,7.8,55.7,Beginner,Afternoon,Analytical,82.5
22.3,22.3,62.4,19.7,372.1,2.4,5.7,,Intermediate,Afternoon,Creative,71.2
23.9,32.4,64.3,17.0,259.2,1.9,7.4,,Intermediate,Morning,Cognitive,87.9
15.8,26.9,63.1,11.0,400.4,3.1,8.0,43.0,Intermediate,Morning,Analytical,82.3
15.6,17.9,56.9,20.5,313.7,3.0,9.2,77.6,Beginner,Morning,Cognitive,74.9
13.7,22.8,69.0,17.3,309.0,6.4,7.1,145.9,Expert,Afternoon,Analytical,86.1
11.3,28.6,50.9,17.9,304.3,3.6,8.7,91.1,Beginner,Morning,Creative,67.5
20.5,28.8,39.5,18.8,290.4,3.3,8.3,85.6,Beginner,Evening,Analytical,69.6
22.5,28.5,49.6,18.9,301.6,6.3,6.9,-4.8,Expert,Morning,Creative,86.0
11.4,27.7,74.0,13.2,355.9,6.7,,185.5,Expert,Morning,Cognitive,98.0
14.7,21.1,57.0,12.8,233.9,2.3,8.3,,Expert,Evening,Analytical,95.7
13.2,24.8,62.7,23.2,282.6,1.5,6.8,123.6,Expert,Afternoon,Analytical,99.1
13.3,37.1,57.3,13.9,394.8,5.0,,91.8,Intermediate,Morning,Creative,78.0
19.7,36.2,65.6,17.1,315.5,3.6,7.4,135.9,Intermediate,Evening,Creative,77.2
9.8,33.5,60.7,20.9,582.9,2.9,7.8,269.6,Beginner,Afternoon,Cognitive,59.4
16.9,32.9,59.3,14.7,256.3,6.1,9.8,107.7,Intermediate,Evening,Creative,79.3
17.9,35.4,66.1,14.9,261.5,3.5,5.8,136.7,Beginner,Afternoon,Cognitive,79.1
14.4,23.3,55.3,18.8,369.1,7.8,7.4,121.1,Beginner,Afternoon,Analytical,73.5
18.6,30.2,63.7,16.6,278.9,4.1,7.0,37.6,Intermediate,Evening,Cognitive,76.3
15.6,23.3,58.3,17.5,360.2,4.3,8.2,192.4,Intermediate,Morning,Cognitive,79.1
19.9,23.4,58.9,15.8,271.0,8.5,6.3,211.2,Beginner,Afternoon,Cognitive,65.2
8.9,32.2,51.8,14.4,313.7,4.6,6.2,67.2,Beginner,Afternoon,Analytical,78.9
13.6,35.7,57.8,15.0,316.5,2.6,6.9,27.1,Intermediate,Morning,Analytical,88.1
14.7,28.8,54.6,19.6,282.3,2.0,7.7,195.2,Beginner,Morning,Creative,81.0
4.3,39.9,71.3,15.1,323.8,3.1,6.3,55.7,Expert,Morning,Cognitive,92.9
10.7,31.3,43.2,17.3,214.2,4.5,3.0,197.7,Intermediate,Afternoon,Analytical,87.0
11.7,25.3,68.9,13.1,315.6,5.8,,,Intermediate,Afternoon,Cognitive,73.6
18.8,23.5,42.6,22.1,342.3,1.0,9.1,110.5,Intermediate,Afternoon,Cognitive,70.1
12.2,36.1,65.4,17.0,278.3,4.0,9.3,109.5,Expert,Morning,Cognitive,99.8
11.7,30.8,51.6,17.0,330.7,6.6,6.3,60.4,Beginner,Afternoon,Analytical,71.9
18.3,34.1,65.7,18.8,327.7,4.5,9.7,124.0,Intermediate,Evening,Cognitive,81.8
8.5,14.1,58.8,14.6,329.7,6.7,6.5,149.5,Intermediate,Afternoon,Cognitive,80.6
6.7,31.5,45.7,19.6,252.8,1.0,4.7,141.7,Beginner,Afternoon,Creative,75.5
13.6,26.9,73.6,11.5,324.8,3.5,6.5,,Expert,Evening,Cognitive,93.4
9.2,21.6,67.8,14.2,233.9,4.2,8.1,183.6,Intermediate,Evening,Creative,77.3
,29.6,65.0,13.6,288.5,5.1,6.2,117.2,Intermediate,Afternoon,Cognitive,87.1
17.3,36.6,53.6,10.4,319.8,2.3,,289.2,Expert,Evening,Creative,73.3
18.5,43.6,68.1,14.4,330.4,4.8,7.4,146.9,Expert,Afternoon,Analytical,86.7
18.2,31.5,47.2,15.8,259.5,5.0,6.6,143.9,Intermediate,Evening,Analytical,70.1
19.4,25.7,37.7,12.7,658.7,3.9,8.2,217.1,Expert,Morning,Cognitive,60.2
20.0,25.4,44.4,12.3,359.7,4.9,,144.3,Intermediate,Morning,Creative,75.3
6.5,35.8,50.8,16.1,271.0,4.6,7.3,143.9,Intermediate,Morning,Analytical,90.2
16.8,24.0,52.5,15.8,212.3,2.7,7.9,182.7,Intermediate,Evening,Cognitive,77.6
12.9,33.7,55.7,15.2,346.5,3.7,4.8,-30.4,Intermediate,Afternoon,Cognitive,76.2
12.0,31.8,56.1,12.2,272.9,1.5,9.1,105.4,Beginner,Morning,Creative,76.6
17.2,31.1,53.5,14.8,288.0,1.0,6.2,21.2,Expert,Morning,Creative,92.7
8.1,20.6,38.8,14.0,326.5,4.5,5.7,201.8,Expert,Evening,Cognitive,74.9
8.0,27.9,61.9,16.3,323.9,0.2,8.3,35.4,Beginner,Evening,Creative,75.3
17.5,21.3,57.4,14.3,371.1,3.5,6.4,72.6,Expert,Afternoon,Creative,83.9
17.0,26.5,53.0,15.9,307.9,4.8,6.0,80.1,Beginner,Afternoon,Analytical,73.5
15.5,35.5,74.0,12.1,323.4,4.0,6.6,47.3,Beginner,Afternoon,Creative,75.0
11.5,37.4,57.6,11.8,235.4,8.4,5.2,101.7,Intermediate,Afternoon,Cognitive,81.6
18.0,31.3,60.6,17.7,351.4,4.9,5.9,-5.8,Beginner,Evening,Creative,69.4
17.7,26.6,68.0,18.3,285.4,3.5,,211.6,Expert,Morning,Cognitive,77.6
15.3,39.5,45.1,14.8,481.6,5.2,8.7,145.3,Expert,Afternoon,Cognitive,70.0
10.3,26.5,59.8,16.1,309.3,1.4,7.1,74.3,Intermediate,Morning,Creative,78.4
13.3,23.2,67.9,14.7,341.2,6.0,,154.4,Beginner,Afternoon,Creative,77.0
18.4,34.2,59.1,19.3,351.9,3.0,7.6,139.5,Beginner,Afternoon,Creative,71.6
20.3,32.7,47.0,15.4,315.6,6.2,4.2,63.5,Intermediate,Afternoon,Analytical,73.4
13.7,26.7,55.2,14.5,341.8,4.8,8.8,162.4,Expert,Morning,Analytical,93.6
14.0,30.6,61.9,18.9,432.8,5.3,6.9,107.2,Intermediate,Afternoon,Creative,77.1
14.4,32.7,38.9,13.7,282.3,2.9,5.4,188.0,Beginner,Morning,Cognitive,62.3
16.1,31.2,46.5,16.5,207.8,1.7,9.2,90.9,Intermediate,Morning,Creative,83.2
12.7,32.8,79.7,12.9,254.9,1.7,7.1,38.9,Intermediate,Morning,Analytical,95.0
3.4,27.0,64.8,18.0,369.9,0.6,6.4,178.6,Intermediate,Evening,Analytical,85.7
19.8,33.2,74.8,18.4,296.0,3.2,10.1,106.2,Beginner,Afternoon,Creative,81.7
22.2,30.1,68.7,12.1,436.6,2.8,6.2,118.5,Intermediate,Afternoon,Cognitive,75.0
12.6,27.2,63.9,11.7,356.4,6.0,8.1,136.0,Intermediate,Afternoon,Cognitive,82.6
10.7,28.5,56.9,16.9,287.3,1.9,8.0,61.1,Expert,Afternoon,Analytical,78.9
14.5,29.4,63.8,21.8,281.1,8.4,5.7,102.5,Beginner,Afternoon,Analytical,71.5
14.2,21.3,74.5,18.7,297.7,2.0,6.8,87.9,Intermediate,Afternoon,Analytical,92.9
19.0,26.2,68.3,15.4,216.8,2.2,6.6,96.3,Expert,Afternoon,Cognitive,90.6
15.2,30.4,61.7,13.4,333.9,1.0,4.3,195.0,Beginner,Afternoon,Analytical,69.1
11.8,21.9,,12.4,354.7,4.0,4.1,73.5,Expert,Afternoon,Analytical,84.0
9.7,26.3,65.0,18.2,271.6,3.4,3.7,70.5,Intermediate,Evening,Cognitive,88.8
18.5,44.3,54.7,18.8,242.4,3.8,6.3,203.9,Beginner,Evening,Analytical,70.7
17.4,23.2,65.0,14.1,274.5,4.8,5.5,,Beginner,Morning,Analytical,84.6
19.2,27.7,53.0,15.3,369.9,6.0,5.6,123.8,Intermediate,Morning,Creative,67.9
11.1,25.0,,16.1,360.2,1.7,6.4,161.1,Beginner,Afternoon,Analytical,77.2
22.4,29.3,49.7,21.4,330.8,4.0,7.0,160.7,Intermediate,Morning,Creative,67.2
8.0,25.1,55.6,16.2,402.1,5.7,6.5,35.7,Beginner,Morning,Analytical,60.9
17.8,28.5,53.2,13.1,235.5,1.8,5.9,77.1,Intermediate,Evening,Analytical,88.4
7.4,25.7,76.9,12.5,309.6,9.5,9.9,15.3,Beginner,Morning,Creative,85.4
11.8,36.3,51.1,13.3,348.0,8.7,6.7,170.0,Expert,Evening,Analytical,87.0
21.2,30.5,63.8,19.8,359.5,3.8,,182.9,Expert,Afternoon,Creative,81.8
18.3,24.0,50.5,17.5,360.2,1.8,5.1,180.4,Expert,Evening,Analytical,75.5
12.8,35.0,60.5,15.0,356.2,2.0,9.0,118.5,Intermediate,Morning,Creative,72.8
12.9,24.3,62.9,7.2,386.0,4.5,6.2,106.1,Beginner,Morning,Creative,75.2
15.4,20.6,41.5,13.4,358.1,5.3,11.2,86.3,Intermediate,Afternoon,Analytical,87.3
17.1,30.0,46.0,17.0,262.3,0.3,5.0,28.6,Beginner,Morning,Analytical,79.8
20.0,41.4,50.5,17.1,297.3,2.1,5.4,151.2,Beginner,Morning,Creative,80.4
13.2,19.0,47.0,17.0,235.2,4.3,6.7,,Beginner,Morning,Cognitive,83.4
8.6,22.0,60.8,12.0,369.8,1.2,,-2.8,Intermediate,Morning,Analytical,87.8
15.6,34.5,62.4,16.5,379.7,3.4,,198.9,Intermediate,Morning,Analytical,65.6
13.2,26.1,49.4,13.1,259.0,4.9,9.2,83.0,Intermediate,Evening,Cognitive,71.1
9.8,33.7,61.2,16.0,301.0,3.7,9.1,134.6,Intermediate,Morning,Cognitive,85.1
16.2,25.0,55.8,13.7,232.2,2.5,6.5,111.3,Beginner,Morning,Creative,84.1
14.1,30.9,59.0,19.2,313.9,4.2,,187.9,Expert,Afternoon,Analytical,85.3
16.2,40.5,53.7,17.0,278.7,5.0,9.1,31.7,Intermediate,Evening,Creative,83.6
11.4,22.8,64.9,15.6,261.6,2.2,7.0,165.8,Intermediate,Morning,Analytical,80.9
16.9,36.1,,20.1,318.8,4.7,6.0,117.2,Beginner,Morning,Cognitive,84.2
9.7,34.1,67.7,14.9,414.1,4.6,8.9,147.3,Intermediate,Afternoon,Creative,76.7
11.7,21.1,73.9,11.8,359.8,5.0,8.7,95.7,Intermediate,Evening,Analytical,80.1
14.0,33.4,46.0,19.2,307.4,4.5,5.1,97.6,Beginner,Evening,Analytical,70.7
22.0,30.4,53.2,16.8,317.6,4.3,9.1,175.1,Beginner,Afternoon,Cognitive,57.2
18.1,30.5,65.7,15.0,413.9,3.7,5.5,75.0,Intermediate,Morning,Cognitive,71.8
19.3,32.0,75.1,14.1,382.9,3.4,,88.4,Intermediate,Afternoon,Analytical,94.5
20.7,27.9,66.5,17.5,304.5,5.4,5.8,105.5,Beginner,Morning,Cognitive,76.2
29.4,30.4,49.7,18.4,345.1,3.8,7.2,33.1,Expert,Afternoon,Cognitive,83.9
15.2,31.4,55.7,13.7,270.1,5.1,7.2,103.9,Beginner,Afternoon,Creative,69.6
20.7,34.5,63.3,17.7,321.2,5.0,10.3,107.6,Intermediate,Evening,Analytical,72.2
19.1,20.8,,16.8,358.2,2.1,4.6,161.2,Expert,Morning,Creative,80.4
19.0,37.7,52.0,13.5,371.0,3.4,5.8,88.4,Intermediate,Morning,Cognitive,71.8
22.1,23.1,57.1,16.0,288.0,3.9,6.3,6.9,Intermediate,Afternoon,Analytical,81.0
13.3,34.6,59.9,14.4,370.1,4.2,7.5,121.9,Beginner,Afternoon,Cognitive,77.0
13.0,30.5,49.2,19.7,327.4,4.9,6.5,91.4,Beginner,Evening,Cognitive,78.5
16.3,22.3,69.8,14.1,305.6,4.4,3.7,48.8,Expert,Morning,Analytical,89.2
14.3,33.2,,20.5,415.5,4.1,8.1,139.4,Intermediate,Morning,Cognitive,80.7
16.3,24.3,59.3,16.4,302.0,3.1,9.0,141.7,Expert,Afternoon,Creative,86.0
21.3,36.4,70.4,10.8,264.6,6.1,7.6,156.6,Beginner,Morning,Analytical,78.2
,25.7,58.8,9.5,286.4,4.7,6.3,,Beginner,Evening,Cognitive,69.1
13.8,21.0,69.8,15.4,356.3,3.8,7.3,164.1,Beginner,Afternoon,Cognitive,76.6
15.7,39.2,49.7,20.0,270.7,3.2,5.2,140.1,Intermediate,Evening,Cognitive,71.2
14.1,31.1,64.3,19.7,361.5,4.6,8.6,241.4,Beginner,Afternoon,Analytical,72.9
7.3,35.2,68.4,16.5,277.3,4.1,7.7,208.4,Expert,Evening,Creative,88.1
12.7,24.9,51.7,13.8,316.2,1.0,6.2,134.2,Intermediate,Morning,Cognitive,68.8
17.7,18.6,58.2,14.7,430.5,2.0,7.1,16.4,Expert,Evening,Cognitive,71.5
20.8,40.1,58.4,16.6,275.9,6.6,8.5,232.2,Beginner,Morning,Cognitive,78.8
,30.0,62.1,19.3,219.0,4.7,8.7,104.0,Expert,Afternoon,Analytical,94.3
10.4,32.9,64.7,17.7,388.4,2.7,6.9,157.6,Intermediate,Morning,Cognitive,85.1
15.1,33.9,50.9,18.9,250.0,3.3,10.2,148.3,Intermediate,Afternoon,Cognitive,76.7
6.7,28.0,59.4,17.9,279.4,2.3,9.1,113.0,Expert,Morning,Cognitive,93.2
13.2,31.4,75.9,18.8,356.4,3.0,7.8,91.2,Intermediate,Morning,Analytical,79.9
8.1,39.6,70.5,9.2,354.4,6.0,6.4,99.3,Intermediate,Evening,Creative,85.8
20.5,29.8,67.9,13.3,201.3,3.6,6.5,,Beginner,Morning,Analytical,93.3
11.9,35.7,58.1,12.7,302.8,5.7,7.3,49.9,Beginner,Evening,Creative,71.3
21.6,18.1,81.3,12.4,362.6,7.3,6.8,,Expert,Evening,Creative,70.8
19.5,36.7,70.3,16.0,421.4,3.2,9.6,123.0,Intermediate,Morning,Analytical,93.6
12.4,20.9,60.4,11.7,258.1,1.4,5.6,155.5,Intermediate,Afternoon,Cognitive,87.7
10.7,36.1,62.2,13.2,373.4,4.9,7.8,85.5,Intermediate,Morning,Creative,84.4
14.2,32.3,55.4,15.7,286.9,2.4,4.0,160.9,Beginner,Morning,Cognitive,80.1
14.6,29.4,63.9,11.2,372.1,4.0,,106.3,Beginner,Afternoon,Creative,74.9
,29.4,65.9,14.5,268.0,4.3,8.3,98.3,Intermediate,Evening,Cognitive,79.5
11.9,28.5,67.0,17.9,308.5,7.7,9.2,,Intermediate,Morning,Cognitive,79.8
18.0,25.1,58.2,12.3,339.4,4.6,6.1,164.0,Beginner,Afternoon,Analytical,77.1
16.1,28.8,45.3,18.4,367.7,3.1,,,Intermediate,Afternoon,Cognitive,69.5
13.6,43.2,62.4,13.6,348.5,5.3,8.5,141.9,Beginner,Evening,Creative,64.0
12.2,37.8,67.1,16.8,298.5,5.6,8.8,164.7,Intermediate,Morning,Cognitive,83.1
14.3,24.8,50.2,12.7,294.9,6.4,6.7,152.7,Beginner,Afternoon,Cognitive,70.6
11.7,31.6,59.1,17.4,408.9,2.2,4.1,79.9,Intermediate,Afternoon,Cognitive,77.9
15.2,30.6,73.4,15.1,333.9,6.6,,91.2,Beginner,Afternoon,Creative,77.2
15.3,29.1,48.0,17.4,296.2,8.6,6.9,155.0,Intermediate,Evening,Creative,74.2
16.0,24.0,57.2,14.4,346.9,6.5,,111.9,Beginner,Evening,Creative,59.5
22.1,32.7,,17.7,351.1,6.9,8.1,73.2,Beginner,Morning,Cognitive,82.5
14.5,35.1,61.6,18.5,252.3,3.1,5.8,122.7,Beginner,Afternoon,Analytical,80.4
19.0,25.0,54.7,16.4,344.3,7.4,6.9,,Intermediate,Afternoon,Creative,73.9
15.9,41.7,59.9,14.6,244.7,3.0,8.6,174.8,Intermediate,Morning,Cognitive,91.4
14.0,39.1,68.3,15.3,287.8,3.9,7.6,181.3,Beginner,Afternoon,Creative,75.2
14.5,33.3,58.0,12.2,270.7,3.1,9.9,121.9,Intermediate,Afternoon,Analytical,87.1
14.8,22.6,66.0,16.6,313.5,2.8,9.1,142.9,Expert,Afternoon,Cognitive,91.5
16.1,32.4,62.3,17.9,298.1,4.0,5.4,186.3,Intermediate,Evening,Creative,61.5
11.2,31.7,63.2,20.7,310.0,1.7,,81.7,Beginner,Morning,Creative,76.2
,33.1,66.6,19.9,225.3,2.6,7.2,178.7,Intermediate,Evening,Analytical,89.6
17.6,39.5,57.1,13.1,316.2,2.1,8.8,161.9,Beginner,Afternoon,Creative,72.0
18.6,28.9,50.6,16.6,264.9,7.1,7.8,162.1,Beginner,Afternoon,Cognitive,63.2
,42.3,64.7,15.6,434.2,7.2,6.3,18.7,Expert,Evening,Cognitive,74.4
15.6,32.4,58.7,19.7,300.0,9.1,7.7,87.0,Beginner,Afternoon,Analytical,79.9
18.1,28.3,55.5,13.9,307.1,3.9,6.4,,Intermediate,Afternoon,Analytical,80.2
17.9,44.4,,18.6,354.8,4.1,6.0,205.4,Intermediate,Afternoon,Analytical,72.5
18.2,35.0,72.8,13.0,581.6,5.5,6.8,129.8,Intermediate,Afternoon,Cognitive,66.6
11.6,27.3,,15.7,261.1,1.4,7.4,,Intermediate,Evening,Analytical,75.6
10.6,30.5,60.1,13.3,348.7,2.0,9.0,47.1,Beginner,Evening,Creative,69.6
13.4,33.8,48.2,10.1,368.3,0.8,6.3,97.6,Beginner,Morning,Creative,67.5
14.9,29.1,57.8,13.3,329.2,5.7,4.1,144.2,Intermediate,Morning,Cognitive,86.0
,30.8,62.2,15.2,328.2,2.3,6.7,230.2,Beginner,Afternoon,Creative,79.6
7.5,25.1,59.8,20.3,294.4,6.0,7.4,97.1,Beginner,Morning,Analytical,86.0
21.9,19.9,56.4,12.7,303.9,3.1,7.3,74.5,Beginner,Afternoon,Creative,74.8
,30.6,67.3,14.2,314.6,4.0,6.6,213.5,Beginner,Morning,Analytical,70.5
15.7,30.8,60.6,11.7,298.7,3.7,8.4,222.7,Beginner,Afternoon,Creative,64.5
20.0,33.2,85.9,19.5,364.4,4.4,7.5,14.4,Beginner,Morning,Cognitive,87.1
5.6,26.5,62.1,14.6,276.4,3.0,7.9,88.9,Intermediate,Morning,Analytical,80.3
13.0,22.0,32.5,15.0,362.8,6.1,4.2,133.0,Intermediate,Afternoon,Creative,67.0
13.5,24.2,48.9,15.0,386.4,3.7,6.7,131.3,Expert,Afternoon,Cognitive,71.9
13.7,36.3,65.3,10.1,338.5,4.7,,252.9,Beginner,Evening,Creative,70.5
14.3,26.0,53.6,11.6,230.5,4.2,9.5,86.9,Beginner,Evening,Cognitive,76.7
20.8,27.3,54.2,13.1,350.6,2.0,,51.2,Beginner,Afternoon,Creative,72.5
17.7,28.1,47.6,17.8,287.8,6.7,6.0,73.6,Intermediate,Morning,Analytical,73.0
18.8,26.3,55.2,8.5,293.6,2.7,5.9,185.4,Intermediate,Evening,Analytical,73.0
15.2,25.8,61.9,17.6,338.1,5.6,8.5,119.2,Beginner,Evening,Analytical,67.4
9.4,24.8,63.9,17.0,375.3,5.5,6.1,216.1,Expert,Evening,Analytical,81.3
6.7,38.4,49.8,10.6,236.9,1.0,5.7,158.8,Beginner,Morning,Analytical,86.1
8.9,34.1,,15.0,322.9,3.6,8.4,79.3,Intermediate,Evening,Creative,89.2
16.4,37.5,48.1,19.5,419.6,5.2,7.6,171.8,Intermediate,Morning,Creative,59.4
15.1,38.7,,12.8,265.1,3.4,6.6,192.2,Expert,Afternoon,Creative,91.3
14.2,15.9,63.4,14.3,310.0,3.7,5.0,207.5,Intermediate,Evening,Creative,83.1
,32.1,50.7,24.3,289.2,4.4,7.8,35.8,Expert,Morning,Analytical,76.4
23.0,26.5,49.5,17.0,355.2,3.2,8.2,136.8,Beginner,Evening,Cognitive,60.5
11.7,36.7,63.8,15.2,257.5,4.7,,53.1,Expert,Morning,Analytical,88.3
18.7,25.6,54.4,14.6,241.5,4.1,7.5,102.3,Beginner,Evening,Creative,69.5
,23.7,58.1,17.1,361.6,3.6,6.8,106.0,Expert,Morning,Analytical,91.4
14.8,21.4,66.9,18.1,331.9,2.1,5.7,136.9,Intermediate,Evening,Analytical,70.3
19.7,28.2,64.8,9.5,260.7,4.8,6.3,,Expert,Morning,Analytical,82.2
20.9,35.5,50.8,9.3,316.6,-0.8,6.9,83.8,Intermediate,Afternoon,Cognitive,72.1
14.0,31.5,,13.0,255.9,4.5,5.0,193.1,Intermediate,Afternoon,Analytical,92.6
18.2,22.8,50.7,15.5,366.1,4.0,7.9,200.0,Intermediate,Afternoon,Analytical,68.1
16.5,42.9,68.7,16.2,333.9,2.4,5.9,131.2,Intermediate,Morning,Cognitive,81.7
15.0,33.9,75.4,10.9,284.3,1.2,6.0,223.5,Beginner,Afternoon,Analytical,74.0
15.8,34.7,51.5,15.4,291.0,4.8,7.8,115.3,Beginner,Morning,Analytical,76.1
12.2,37.7,59.7,15.8,297.0,3.5,,9.0,Beginner,Afternoon,Analytical,78.0
13.8,20.2,69.2,13.5,266.2,4.3,6.7,64.7,Beginner,Morning,Analytical,82.5
12.7,24.5,60.2,14.4,387.0,0.3,6.8,,Expert,Evening,Analytical,75.9
18.6,34.9,65.6,13.8,378.2,5.0,5.8,175.2,Beginner,Morning,Creative,73.8
14.6,25.1,60.5,17.4,299.9,5.9,6.2,,Expert,Morning,Analytical,98.2
9.8,28.3,49.4,16.0,304.3,3.7,7.0,116.3,Beginner,Morning,Cognitive,66.0
12.1,29.5,61.2,12.6,263.9,2.2,7.0,268.7,Beginner,Afternoon,Analytical,72.8
2.2,22.3,71.3,18.9,312.0,4.9,7.8,133.9,Intermediate,Morning,Creative,92.1
,27.8,63.1,11.9,344.5,3.4,,216.5,Intermediate,Afternoon,Cognitive,81.6
15.2,35.5,76.2,10.9,379.1,5.7,8.8,48.1,Intermediate,Evening,Cognitive,80.6
14.5,34.4,42.3,15.3,275.2,4.0,4.7,,Intermediate,Afternoon,Analytical,89.4
22.9,36.7,63.8,15.2,235.8,-0.3,8.4,23.5,Intermediate,Afternoon,Creative,80.2
17.3,36.1,53.5,16.2,269.6,-0.7,6.5,185.0,Beginner,Morning,Analytical,76.9
17.1,32.4,51.2,12.5,347.8,2.6,8.0,106.0,Expert,Afternoon,Creative,81.6
8.4,32.0,73.3,18.7,317.8,4.9,7.5,,Expert,Morning,Creative,100.0
13.5,31.5,57.4,21.1,369.6,3.0,6.1,223.4,Intermediate,Evening,Analytical,71.6
13.1,26.2,56.5,15.9,580.1,5.0,9.3,352.7,Beginner,Morning,Creative,53.3
11.9,23.8,63.4,16.9,400.8,2.7,8.1,148.0,Intermediate,Afternoon,Analytical,77.0
11.8,25.9,38.5,9.7,240.7,8.1,7.6,191.9,Beginner,Afternoon,Creative,71.5
7.8,28.0,73.5,14.7,195.5,3.6,10.3,110.8,Beginner,Evening,Cognitive,84.7
9.9,26.1,79.0,13.9,387.7,4.5,5.5,,Beginner,Morning,Analytical,70.4
18.5,32.5,69.2,13.4,280.2,2.1,7.0,47.3,Intermediate,Afternoon,Creative,83.6
14.4,31.2,64.1,14.0,326.9,3.2,7.8,74.1,Expert,Morning,Cognitive,95.2
13.0,31.9,57.8,14.3,326.7,5.0,,104.0,Intermediate,Afternoon,Cognitive,80.5
,32.1,49.2,11.6,336.3,3.9,6.0,118.4,Intermediate,Evening,Cognitive,65.7
19.7,37.2,71.9,14.5,296.3,-1.6,8.5,179.2,Intermediate,Afternoon,Cognitive,81.6
15.0,29.9,69.2,12.9,272.4,5.0,6.3,194.3,Beginner,Afternoon,Analytical,80.8
17.2,36.1,64.5,18.4,268.4,5.2,8.3,291.6,Beginner,Evening,Creative,68.0
11.6,33.1,,17.0,350.2,5.5,6.1,258.0,Expert,Afternoon,Cognitive,75.1
12.5,36.8,63.0,17.0,358.6,6.2,10.0,188.7,Beginner,Afternoon,Creative,68.1
16.4,39.7,54.7,18.9,469.0,4.4,3.5,57.2,Expert,Afternoon,Creative,84.4
,33.5,,13.5,290.2,8.8,8.5,,Intermediate,Afternoon,Creative,89.1
20.7,30.6,57.1,16.8,348.4,4.5,7.4,233.5,Intermediate,Morning,Analytical,77.9
17.3,30.6,,19.2,245.9,-0.6,4.7,,Intermediate,Evening,Analytical,77.5
15.6,27.2,71.2,13.3,417.5,4.4,6.7,18.3,Intermediate,Afternoon,Cognitive,74.0
20.6,27.0,59.7,9.9,342.6,6.2,4.1,132.4,Expert,Morning,Creative,87.7
18.2,35.4,59.8,13.9,312.0,1.2,7.5,173.7,Expert,Evening,Analytical,79.9
5.8,24.2,74.1,18.9,361.5,3.5,6.1,134.8,Intermediate,Afternoon,Analytical,79.4
10.8,39.7,66.8,13.1,351.5,6.4,4.1,95.7,Beginner,Morning,Analytical,78.6
16.4,29.1,67.3,14.6,331.8,2.9,7.2,115.5,Intermediate,Afternoon,Cognitive,90.0
7.9,47.2,,13.7,225.5,3.5,7.2,197.5,Expert,Evening,Analytical,75.2
11.4,25.8,64.0,15.4,340.5,5.6,10.2,148.5,Beginner,Evening,Creative,65.8
,31.5,49.9,12.9,392.8,1.4,8.2,208.4,Intermediate,Evening,Analytical,61.9
14.0,27.9,55.5,11.6,292.2,4.0,3.4,,Intermediate,Evening,Analytical,71.0
13.9,25.2,61.8,14.7,367.9,2.1,6.2,108.4,Intermediate,Morning,Cognitive,83.9
13.8,36.4,59.6,15.2,362.5,3.5,,170.4,Beginner,Afternoon,Creative,66.4
18.3,23.4,66.5,19.3,334.7,4.5,,210.2,Intermediate,Evening,Analytical,76.1
13.9,25.9,67.7,16.2,328.5,6.1,5.8,,Expert,Afternoon,Creative,88.0
13.5,33.5,68.5,12.5,348.0,4.6,7.0,160.4,Beginner,Afternoon,Creative,70.4
9.6,34.5,46.6,13.8,340.8,2.9,6.2,28.8,Beginner,Afternoon,Analytical,79.8
19.1,21.6,83.6,18.1,414.5,6.4,9.4,93.5,Expert,Afternoon,Cognitive,83.7
12.3,33.5,59.8,14.7,368.3,5.2,7.3,111.2,Beginner,Evening,Creative,71.7
,30.8,72.1,12.7,355.4,0.1,7.0,,Expert,Afternoon,Analytical,86.6
15.9,24.5,34.9,16.2,372.9,5.7,5.6,127.9,Intermediate,Afternoon,Creative,70.3
11.9,25.3,57.3,13.6,355.4,4.1,5.3,221.8,Beginner,Evening,Creative,58.7
12.9,17.8,45.4,17.4,411.5,3.9,7.2,255.1,Expert,Afternoon,Creative,80.8
16.0,40.3,51.4,17.1,314.2,6.4,6.9,200.2,Intermediate,Morning,Analytical,69.6
13.7,36.1,60.5,12.6,289.0,3.6,5.2,162.6,Intermediate,Afternoon,Creative,82.2
24.2,22.3,56.7,21.4,336.4,5.8,7.4,223.2,Beginner,Evening,Creative,64.7
14.7,34.8,,15.6,510.3,6.6,7.1,209.8,Intermediate,Evening,Cognitive,76.7
17.5,26.6,77.7,8.0,349.6,4.1,6.5,79.8,Beginner,Evening,Analytical,78.9
7.2,35.5,50.3,17.1,298.9,4.9,8.8,167.0,Beginner,Afternoon,Analytical,81.3
11.6,27.0,55.1,8.2,404.9,5.4,7.0,25.9,Expert,Morning,Creative,78.0
10.7,27.8,49.7,19.1,402.5,4.9,6.6,155.8,Beginner,Evening,Cognitive,62.5
11.2,28.3,71.6,16.2,247.7,5.8,8.7,-12.5,Intermediate,Evening,Creative,97.3
16.7,26.1,61.6,15.6,336.1,1.9,6.8,67.7,Beginner,Morning,Creative,73.4
19.1,38.4,,15.7,296.9,2.7,6.4,,Intermediate,Morning,Analytical,88.6
16.4,35.4,,17.5,332.6,1.5,5.2,43.6,Beginner,Evening,Cognitive,70.7
14.1,30.7,56.9,14.3,349.3,7.4,7.1,,Expert,Evening,Creative,74.1
12.5,36.1,51.4,15.7,256.1,0.6,8.4,41.2,Intermediate,Evening,Analytical,75.1
19.5,20.2,60.5,16.1,271.3,6.6,6.4,162.7,Beginner,Evening,Creative,69.1
23.3,22.6,57.3,7.1,277.5,4.9,5.0,188.2,Beginner,Afternoon,Creative,69.2
15.5,32.8,63.5,17.5,292.4,2.2,8.5,120.2,Beginner,Afternoon,Cognitive,76.6
18.8,34.4,43.7,18.0,293.9,1.5,8.6,251.8,Intermediate,Afternoon,Cognitive,71.9
16.4,31.7,,17.1,359.8,3.9,7.9,105.9,Beginner,Morning,Cognitive,82.4
18.0,18.7,53.1,16.9,331.1,3.6,7.1,39.9,Expert,Afternoon,Creative,70.2
10.3,23.6,61.5,20.5,276.4,4.8,7.6,34.3,Intermediate,Afternoon,Cognitive,84.2
13.0,32.5,69.1,15.6,304.0,-0.4,4.7,111.3,Beginner,Afternoon,Analytical,80.8
16.6,44.6,54.4,15.7,352.6,3.6,6.1,266.5,Intermediate,Afternoon,Creative,78.6
19.8,37.3,72.0,13.8,421.0,2.2,,269.9,Intermediate,Afternoon,Cognitive,75.3
11.7,39.5,42.6,10.0,320.9,6.6,7.5,55.8,Beginner,Morning,Creative,64.7
6.9,32.0,75.4,17.1,369.6,4.8,8.4,82.1,Beginner,Morning,Creative,84.7
13.0,32.0,72.4,14.1,359.7,3.0,9.3,148.7,Beginner,Morning,Analytical,74.9
,23.8,51.1,10.0,318.2,6.8,5.1,125.8,Intermediate,Morning,Analytical,83.2
8.7,35.7,51.2,15.5,200.9,3.1,7.7,,Intermediate,Evening,Analytical,87.2
10.3,29.6,45.1,15.4,292.1,3.8,6.6,117.4,Intermediate,Morning,Creative,79.8
15.6,34.2,69.2,15.1,337.7,4.5,6.3,52.0,Expert,Morning,Creative,92.4
14.5,30.2,56.7,16.2,323.0,5.8,10.7,93.2,Expert,Afternoon,Analytical,81.4
17.4,31.7,56.0,11.1,372.0,4.0,4.6,53.4,Intermediate,Afternoon,Creative,63.2
,29.5,48.8,18.7,319.9,6.8,6.7,182.6,Expert,Morning,Analytical,89.3
13.7,31.3,78.1,17.0,719.7,3.2,6.6,285.5,Beginner,Evening,Analytical,57.6
19.8,36.0,50.3,19.5,267.0,2.0,7.1,116.9,Beginner,Evening,Cognitive,80.7
10.2,22.4,60.2,14.1,345.9,7.2,4.0,121.0,Beginner,Morning,Analytical,74.9
20.9,21.0,62.2,17.0,268.6,3.4,5.5,133.4,Beginner,Morning,Cognitive,70.5
10.7,32.6,56.0,10.1,365.7,5.2,7.1,92.7,Intermediate,Evening,Analytical,68.4
18.4,38.6,,13.2,282.3,5.5,4.9,18.7,Expert,Evening,Creative,77.1
13.5,40.2,56.3,11.6,232.2,8.2,8.4,99.6,Beginner,Afternoon,Cognitive,81.0
10.4,22.7,65.7,16.5,245.7,3.4,7.9,149.3,Beginner,Morning,Creative,87.9
13.0,27.6,56.5,12.4,296.4,5.1,4.6,177.1,Intermediate,Afternoon,Creative,81.3
17.2,21.1,76.3,14.4,397.9,2.4,6.7,124.3,Expert,Afternoon,Analytical,91.2
15.0,26.7,52.2,15.7,357.1,3.0,7.6,83.8,Beginner,Morning,Analytical,76.1
19.5,36.7,,14.5,342.3,2.5,,153.6,Intermediate,Afternoon,Creative,74.4
20.7,29.9,42.4,11.8,316.7,5.7,4.6,130.4,Beginner,Afternoon,Analytical,65.5
10.3,27.8,52.2,20.7,263.7,5.8,5.6,57.5,Beginner,Morning,Analytical,85.8
10.0,33.3,51.8,16.1,273.4,4.7,11.0,,Expert,Evening,Analytical,87.0
9.8,25.2,49.0,20.7,292.4,2.4,8.6,87.7,Expert,Evening,Creative,88.7
11.4,39.6,,12.6,287.9,2.7,6.1,211.5,Beginner,Morning,Cognitive,82.8
19.4,30.0,58.9,14.6,287.2,2.6,5.0,153.3,Expert,Evening,Cognitive,85.4
17.2,27.6,37.2,16.0,272.4,4.7,5.8,209.1,Intermediate,Morning,Creative,72.8
12.8,33.5,80.0,20.3,320.3,0.8,9.3,117.9,Expert,Evening,Analytical,96.8
15.0,35.6,61.8,20.7,282.4,3.2,10.1,117.7,Intermediate,Morning,Analytical,84.3
20.6,39.6,60.0,14.4,376.6,1.3,5.8,-41.7,Intermediate,Morning,Cognitive,75.6
22.6,28.7,73.1,13.6,376.1,5.0,7.5,5.2,Intermediate,Afternoon,Creative,67.6
16.0,36.5,69.9,15.7,350.1,2.0,6.6,147.6,Intermediate,Afternoon,Creative,69.1
4.4,30.6,57.0,19.3,344.3,7.9,8.9,131.5,Beginner,Evening,Analytical,74.0
16.2,26.3,40.5,16.2,242.4,6.1,5.4,-16.0,Beginner,Afternoon,Analytical,74.4
18.7,25.3,65.6,16.7,434.5,3.8,8.5,127.9,Beginner,Morning,Analytical,86.1
15.9,23.4,50.4,19.3,305.9,4.8,5.0,180.3,Intermediate,Afternoon,Creative,70.6
17.9,25.5,72.4,18.8,359.7,4.9,8.4,138.9,Beginner,Afternoon,Cognitive,82.1
16.4,36.7,52.2,19.0,361.6,2.1,5.7,88.0,Intermediate,Morning,Creative,80.1
10.1,34.2,55.5,17.9,267.9,6.5,6.5,,Expert,Afternoon,Creative,94.3
11.5,22.6,46.6,20.1,288.6,3.8,6.0,144.3,Beginner,Evening,Creative,72.6
13.7,19.5,47.4,12.4,339.9,2.5,9.9,66.6,Intermediate,Evening,Cognitive,68.9
19.3,23.3,58.9,22.7,242.7,5.1,8.5,150.7,Intermediate,Evening,Analytical,78.1
11.9,25.3,,19.2,315.5,1.8,6.4,161.9,Expert,Morning,Analytical,92.5
16.8,28.2,55.2,15.5,200.2,5.3,5.8,175.2,Beginner,Afternoon,Creative,74.8
16.2,37.0,80.5,19.3,320.5,4.7,9.0,142.9,Intermediate,Afternoon,Creative,83.1
21.3,26.7,66.0,15.0,388.8,2.7,1.9,99.2,Expert,Afternoon,Cognitive,76.6
14.8,40.1,60.1,17.4,319.9,5.9,7.7,155.2,Expert,Afternoon,Cognitive,89.9
8.0,19.9,32.4,17.8,443.5,5.4,5.6,100.4,Intermediate,Evening,Analytical,58.4
17.6,27.9,68.3,18.6,292.4,3.4,10.4,199.2,Intermediate,Afternoon,Creative,74.3
23.6,34.7,89.9,14.6,350.8,5.1,11.1,79.1,Intermediate,Evening,Cognitive,87.4
17.8,35.1,,18.7,328.3,1.3,,228.7,Expert,Evening,Cognitive,77.9
11.8,28.0,51.9,14.7,342.6,5.0,6.5,105.1,Intermediate,Evening,Creative,73.3
10.7,36.0,61.6,18.2,311.4,1.1,7.1,149.7,Beginner,Evening,Creative,85.4
11.2,34.9,45.7,15.9,281.7,4.3,6.1,127.5,Expert,Afternoon,Creative,84.8
23.0,25.9,64.6,10.5,326.3,5.4,5.8,11.9,Intermediate,Morning,Creative,78.7
13.7,31.9,75.0,13.8,323.4,4.7,7.4,152.2,Intermediate,Afternoon,Creative,84.4
12.3,34.2,53.3,18.5,371.4,7.1,7.9,73.8,Beginner,Morning,Creative,72.7
,26.3,53.6,15.1,296.5,2.4,7.2,112.8,Intermediate,Afternoon,Cognitive,82.8
13.7,40.2,59.2,19.6,322.4,4.8,7.4,122.8,Beginner,Afternoon,Creative,74.2
21.3,25.0,55.0,12.4,312.7,-0.3,6.1,58.2,Intermediate,Afternoon,Analytical,72.7
10.9,30.9,44.9,18.1,433.7,3.0,5.6,83.7,Beginner,Evening,Creative,59.7
19.7,22.5,56.1,15.9,282.4,3.4,5.6,195.4,Intermediate,Evening,Analytical,79.9
15.5,30.6,54.1,15.3,300.8,7.1,8.2,,Expert,Morning,Analytical,90.1
19.8,23.6,73.7,12.5,272.1,4.0,7.1,155.5,Beginner,Afternoon,Analytical,86.8
21.3,28.2,71.6,16.6,385.2,5.8,7.3,97.3,Expert,Afternoon,Creative,69.9
15.3,20.5,74.0,13.0,388.9,2.2,7.5,180.0,Intermediate,Afternoon,Creative,82.8
13.7,34.8,68.0,14.1,309.2,3.3,6.9,162.4,Expert,Evening,Analytical,80.2
15.3,32.1,62.1,15.6,379.3,2.3,7.2,,Intermediate,Afternoon,Creative,84.9
14.6,36.5,51.3,14.9,336.4,2.0,8.9,,Intermediate,Afternoon,Cognitive,72.3
8.4,27.9,73.3,19.1,355.1,2.1,8.2,85.8,Intermediate,Evening,Cognitive,82.8
,36.8,63.5,8.2,270.3,2.8,6.7,222.6,Expert,Evening,Cognitive,83.6
16.0,30.2,47.5,15.5,328.1,8.1,6.3,127.2,Intermediate,Morning,Cognitive,82.2
10.3,30.7,50.9,14.9,413.6,3.9,8.5,99.7,Beginner,Afternoon,Creative,73.7
6.7,42.7,47.4,16.0,393.9,1.3,7.5,94.8,Intermediate,Afternoon,Analytical,73.2
5.7,27.1,39.5,14.4,360.3,3.0,6.5,98.7,Expert,Morning,Creative,76.3
18.1,37.4,63.9,19.1,367.6,6.0,5.1,102.4,Intermediate,Morning,Cognitive,74.7
12.5,32.9,47.6,15.2,441.7,2.6,9.5,163.1,Intermediate,Afternoon,Creative,73.6
13.2,26.6,52.4,16.4,359.3,7.0,5.3,90.2,Intermediate,Afternoon,Creative,74.0
17.0,22.1,60.4,18.7,286.9,6.1,7.4,69.6,Expert,Morning,Cognitive,99.3
,23.8,58.1,16.2,380.7,3.6,9.7,184.4,Beginner,Afternoon,Analytical,72.9
17.2,36.8,52.9,12.2,316.3,2.7,6.5,201.7,Intermediate,Evening,Creative,66.7
15.4,40.4,75.2,14.7,344.4,2.1,6.9,73.2,Beginner,Morning,Creative,76.1
14.7,30.5,44.7,15.6,325.9,4.4,8.3,102.5,Beginner,Morning,Cognitive,73.0
8.7,30.9,45.2,11.1,284.6,4.8,5.2,194.6,Beginner,Evening,Analytical,74.6
11.7,34.7,64.6,13.9,335.4,6.7,4.5,,Beginner,Morning,Cognitive,71.4
17.4,30.4,,15.8,368.3,4.7,6.5,215.9,Intermediate,Evening,Cognitive,68.2
12.3,36.6,53.3,22.0,356.9,3.3,7.1,161.9,Beginner,Afternoon,Creative,68.6
19.8,31.7,49.2,17.1,344.0,6.7,7.1,149.1,Intermediate,Morning,Analytical,76.7
24.4,30.8,63.4,16.5,310.0,5.6,,98.3,Beginner,Morning,Cognitive,64.5
17.6,25.8,62.3,21.1,237.1,2.6,5.6,61.4,Beginner,Morning,Creative,80.0
21.0,24.3,61.2,17.8,317.6,3.8,6.8,47.6,Beginner,Morning,Cognitive,78.3
17.9,11.0,54.2,18.2,347.7,5.3,9.3,118.2,Beginner,Morning,Creative,78.3
12.9,37.4,52.5,14.8,212.1,4.6,6.6,204.5,Intermediate,Afternoon,Analytical,74.5
15.8,29.1,58.4,12.2,316.6,2.0,,57.1,Intermediate,Morning,Cognitive,84.9
23.1,27.6,69.7,16.8,315.3,4.4,,,Intermediate,Afternoon,Analytical,88.9
12.9,18.3,75.7,21.5,274.3,2.6,6.0,20.4,Intermediate,Afternoon,Analytical,95.2
,26.2,71.1,20.5,358.0,4.1,6.9,203.1,Beginner,Morning,Creative,77.8
10.5,25.4,65.1,18.0,367.2,1.4,7.4,71.4,Expert,Morning,Cognitive,92.7
,25.2,69.8,13.9,410.7,2.2,6.4,256.1,Intermediate,Morning,Cognitive,76.5
11.0,32.0,48.2,11.3,318.6,8.2,7.6,147.7,Intermediate,Morning,Creative,82.7
21.7,30.7,52.9,13.5,384.6,3.1,6.8,212.6,Beginner,Afternoon,Creative,68.0
15.9,21.8,65.2,16.7,279.0,6.2,8.9,15.8,Beginner,Morning,Analytical,83.8
18.9,22.2,58.8,14.6,301.4,3.7,7.8,-28.6,Beginner,Evening,Cognitive,75.4
13.8,22.2,63.4,19.0,354.0,1.6,7.0,96.9,Beginner,Afternoon,Cognitive,76.3
10.4,40.9,69.8,11.5,287.2,1.8,6.5,122.5,Intermediate,Afternoon,Creative,83.7
9.8,39.0,68.2,15.6,311.9,2.4,8.2,157.5,Intermediate,Afternoon,Creative,82.0
11.4,24.9,49.1,13.7,362.0,8.3,7.0,,Intermediate,Afternoon,Creative,75.7
16.4,18.1,60.1,19.0,319.7,3.5,6.3,101.4,Intermediate,Morning,Cognitive,78.6
17.1,30.8,50.8,17.6,274.0,4.4,,94.5,Expert,Morning,Cognitive,84.0
17.4,30.3,52.2,13.5,290.5,5.4,8.0,106.4,Intermediate,Afternoon,Analytical,79.0
9.0,31.9,,18.6,306.3,5.0,,142.0,Expert,Morning,Creative,79.3
15.0,34.4,61.3,11.1,349.4,5.7,6.6,45.5,Beginner,Afternoon,Analytical,73.6
,32.7,42.2,10.6,303.8,2.9,7.8,12.2,Beginner,Afternoon,Cognitive,70.8
16.6,23.3,63.9,13.3,197.5,1.6,8.6,,Beginner,Afternoon,Analytical,89.0
16.9,31.8,73.6,10.1,359.3,2.1,7.9,38.9,Intermediate,Afternoon,Analytical,79.0
10.3,35.1,65.3,15.7,352.3,0.9,8.3,188.5,Expert,Afternoon,Analytical,95.0
18.9,25.7,60.5,15.8,266.7,3.0,8.1,-12.5,Beginner,Afternoon,Creative,87.0
24.4,31.8,75.3,14.8,263.3,-3.5,7.0,,Expert,Afternoon,Cognitive,100.0
18.3,26.7,63.3,17.6,387.6,5.4,7.6,38.9,Beginner,Afternoon,Creative,64.6
14.3,42.0,51.4,13.8,308.0,5.1,9.7,79.6,Expert,Afternoon,Analytical,88.3
13.7,22.0,61.3,12.1,357.7,2.0,6.7,67.2,Beginner,Evening,Creative,65.7
14.2,36.9,79.6,13.6,285.3,1.2,5.4,,Beginner,Afternoon,Cognitive,77.8
12.0,20.0,49.1,12.3,352.8,7.1,3.2,288.5,Intermediate,Afternoon,Cognitive,69.5
16.0,40.8,46.2,14.2,273.9,5.9,9.9,46.4,Beginner,Evening,Analytical,72.3
10.4,23.2,66.1,17.8,341.1,3.5,10.0,78.4,Beginner,Afternoon,Analytical,82.3
7.4,31.1,,10.7,337.8,2.6,5.5,111.3,Beginner,Morning,Creative,85.4
15.9,20.2,54.7,15.0,216.8,4.1,8.9,56.4,Expert,Evening,Cognitive,90.7
15.1,21.9,47.4,18.9,326.2,1.1,8.5,153.5,Intermediate,Morning,Cognitive,70.8
12.7,35.4,40.5,19.2,284.1,4.6,8.0,36.9,Beginner,Afternoon,Creative,74.0
9.9,36.2,45.4,14.0,374.7,1.6,,,Intermediate,Evening,Cognitive,72.7
,31.4,76.1,22.6,331.8,-0.8,5.9,125.3,Intermediate,Evening,Analytical,85.2
11.0,34.4,59.9,12.8,307.6,2.4,7.2,165.3,Beginner,Morning,Analytical,74.5
14.4,36.3,40.4,15.3,395.9,2.0,7.5,119.3,Intermediate,Afternoon,Creative,79.6
22.1,25.9,71.8,12.5,224.8,7.6,7.1,164.0,Beginner,Afternoon,Creative,84.6
17.6,21.6,72.3,17.3,416.4,7.3,6.9,151.9,Beginner,Morning,Creative,71.1
9.5,29.9,72.3,24.4,413.8,1.8,,109.2,Intermediate,Morning,Analytical,81.4
9.9,26.5,55.8,21.5,300.5,3.8,8.5,153.5,Beginner,Afternoon,Creative,69.5
15.6,32.3,57.3,18.5,364.4,2.7,8.3,205.5,Intermediate,Afternoon,Cognitive,78.4
9.5,33.3,61.4,14.2,344.3,7.7,8.4,12.8,Intermediate,Morning,Creative,86.5
7.0,25.9,74.0,15.5,195.7,0.4,,-1.8,Beginner,Afternoon,Cognitive,84.9
17.1,34.2,54.5,19.3,314.4,4.9,8.7,197.9,Intermediate,Afternoon,Analytical,72.7
,33.9,52.5,18.2,256.7,6.6,5.2,174.0,Beginner,Evening,Cognitive,72.3
16.8,34.3,,16.2,252.2,2.9,7.1,205.8,Expert,Evening,Cognitive,77.7
16.1,27.6,72.1,16.4,305.7,4.0,8.1,113.5,Intermediate,Afternoon,Cognitive,93.9
14.7,34.7,59.5,19.2,307.4,6.1,,,Expert,Evening,Analytical,77.3
12.4,33.1,66.7,19.9,380.8,1.8,7.6,293.6,Intermediate,Evening,Cognitive,79.2
17.1,33.8,61.1,11.5,282.4,5.3,,189.2,Beginner,Morning,Cognitive,78.8
21.1,40.1,57.5,16.7,300.3,0.9,9.2,154.9,Intermediate,Morning,Creative,75.3
13.0,32.0,51.7,17.7,388.4,0.8,5.4,164.1,Expert,Afternoon,Creative,76.1
10.9,26.4,,14.4,310.8,5.7,7.5,130.1,Intermediate,Afternoon,Creative,76.3
10.5,23.3,53.9,19.8,294.3,2.1,5.9,139.3,Expert,Afternoon,Cognitive,86.2
,36.8,50.2,15.1,362.8,4.4,8.6,,Expert,Afternoon,Cognitive,83.3
15.8,32.1,62.8,19.9,346.5,1.6,8.1,256.4,Beginner,Afternoon,Analytical,74.3
6.4,40.0,72.2,14.9,325.0,4.6,5.5,74.4,Beginner,Afternoon,Cognitive,81.3
16.8,17.8,62.0,16.8,366.2,0.7,7.0,106.7,Intermediate,Morning,Cognitive,84.9
17.6,35.5,50.8,16.7,257.6,6.6,4.7,120.2,Intermediate,Evening,Analytical,73.3
7.8,28.4,68.6,21.0,290.9,5.6,8.4,157.6,Expert,Morning,Cognitive,88.2
11.1,27.9,63.0,18.2,419.9,2.8,6.2,134.7,Expert,Evening,Analytical,84.0
15.3,25.4,64.9,14.6,168.3,0.3,5.3,42.8,Beginner,Morning,Analytical,91.2
14.4,35.4,54.8,15.2,286.4,3.6,6.5,124.4,Beginner,Evening,Creative,75.2
17.1,33.7,71.3,15.2,260.8,3.3,,113.7,Intermediate,Morning,Cognitive,88.6
14.4,23.1,71.3,16.1,323.6,2.9,7.4,119.5,Beginner,Morning,Creative,72.7
20.1,31.0,58.2,13.2,546.2,6.1,6.3,263.6,Expert,Morning,Cognitive,70.0
13.7,34.2,67.2,15.8,375.3,6.4,6.8,191.8,Intermediate,Afternoon,Creative,75.3
11.1,31.1,71.0,20.1,299.5,4.9,6.6,69.6,Intermediate,Evening,Analytical,78.5
10.7,36.6,55.3,20.0,273.9,7.0,5.6,235.7,Beginner,Afternoon,Analytical,77.6
17.9,28.3,59.2,11.3,247.4,-1.6,4.2,30.2,Intermediate,Evening,Analytical,82.4
15.1,16.5,60.8,10.8,322.4,3.4,7.0,,Intermediate,Afternoon,Analytical,85.4
17.5,31.1,49.0,14.2,426.4,3.3,7.9,106.7,Intermediate,Afternoon,Cognitive,70.6
17.5,31.1,64.4,10.7,290.6,5.7,7.0,162.2,Beginner,Evening,Cognitive,76.5
6.9,31.9,70.2,12.2,316.4,3.4,10.1,16.2,Intermediate,Morning,Creative,93.7
10.4,36.6,58.6,17.1,326.8,5.1,6.1,252.9,Expert,Afternoon,Cognitive,84.6
10.9,18.3,63.4,15.9,298.9,3.0,6.9,12.2,Beginner,Evening,Cognitive,73.6
11.7,28.6,74.0,10.8,391.2,2.7,7.7,213.0,Beginner,Evening,Creative,80.8
13.3,24.5,55.9,19.5,380.5,5.6,7.7,95.1,Beginner,Evening,Analytical,67.5
19.0,22.8,63.6,14.7,360.9,4.0,6.6,125.7,Intermediate,Evening,Creative,65.3
19.8,29.6,54.3,14.4,368.0,4.6,6.9,-13.3,Intermediate,Morning,Creative,80.0
13.8,34.2,54.0,19.0,285.7,1.5,6.9,164.6,Intermediate,Evening,Analytical,76.7
14.0,31.8,63.4,17.2,262.6,5.4,8.0,110.7,Beginner,Afternoon,Creative,83.2
12.2,25.9,62.4,15.9,286.1,1.8,6.0,190.4,Beginner,Evening,Creative,73.9
15.4,29.1,65.6,14.5,334.0,7.4,3.3,36.5,Intermediate,Afternoon,Creative,78.6
15.8,35.6,60.8,17.7,303.8,3.5,6.5,205.8,Intermediate,Afternoon,Cognitive,76.1
18.2,34.1,64.7,14.7,348.5,3.2,9.5,17.0,Expert,Afternoon,Analytical,81.9
18.2,26.7,76.7,15.3,325.4,5.8,8.2,135.2,Beginner,Morning,Analytical,81.3
5.8,26.3,70.6,12.5,253.0,3.9,4.6,32.4,Intermediate,Morning,Creative,88.6
,19.7,63.4,19.4,382.0,5.4,8.0,237.6,Intermediate,Evening,Cognitive,70.5
20.5,27.4,65.0,20.7,294.4,3.4,7.3,177.0,Intermediate,Evening,Analytical,80.8
13.2,19.6,57.0,16.6,359.3,5.4,6.4,215.7,Intermediate,Morning,Analytical,88.7
19.6,42.4,58.4,14.5,277.6,3.8,5.4,104.2,Intermediate,Evening,Creative,85.8
13.8,24.9,,18.8,275.9,5.7,5.8,101.3,Expert,Afternoon,Creative,92.2
15.7,36.7,,17.8,273.5,6.3,6.2,117.6,Beginner,Afternoon,Creative,78.8
10.5,40.9,67.9,14.7,248.4,0.8,9.8,111.8,Beginner,Morning,Analytical,91.4
10.6,31.3,72.7,19.5,249.6,4.7,8.0,,Intermediate,Evening,Creative,83.5
17.9,29.4,59.0,14.7,339.0,7.7,5.9,,Intermediate,Afternoon,Creative,69.2
18.5,22.1,39.9,12.1,273.6,5.2,6.2,190.5,Beginner,Afternoon,Creative,70.1
15.1,27.0,80.3,15.8,337.3,8.9,6.9,178.2,Beginner,Afternoon,Cognitive,74.3
10.1,39.6,53.5,19.3,325.1,2.1,6.4,49.7,Beginner,Morning,Creative,82.7
15.2,32.1,62.0,16.3,364.0,4.5,7.0,162.8,Expert,Afternoon,Analytical,81.4
20.0,30.2,67.3,12.5,269.1,5.0,6.8,36.1,Beginner,Morning,Creative,77.1
22.0,37.9,74.1,14.8,373.0,2.9,7.1,209.5,Beginner,Morning,Analytical,83.6
,34.2,78.1,19.6,274.7,1.5,4.0,62.8,Beginner,Afternoon,Cognitive,87.8
8.4,29.1,56.4,16.8,182.9,8.3,8.2,,Beginner,Evening,Cognitive,82.0
18.4,31.3,71.9,15.9,540.1,6.2,6.2,278.9,Beginner,Afternoon,Creative,55.8
,25.4,62.0,15.6,276.2,5.1,8.4,101.7,Intermediate,Morning,Analytical,85.7
18.8,26.6,87.4,19.2,395.0,4.1,10.3,97.0,Beginner,Afternoon,Creative,81.2
16.1,28.8,,19.0,335.0,4.3,4.8,106.2,Expert,Evening,Creative,68.7
11.5,33.3,58.2,11.8,315.7,5.3,7.1,149.3,Beginner,Afternoon,Analytical,74.5
15.2,22.5,52.1,18.8,330.1,6.9,6.4,170.6,Intermediate,Evening,Analytical,68.2
20.2,30.5,33.7,17.5,295.1,2.6,7.6,252.7,Expert,Afternoon,Analytical,80.2
14.4,27.7,66.7,20.8,404.2,4.2,3.8,224.3,Intermediate,Evening,Analytical,73.5
10.9,24.6,70.1,15.8,292.6,3.3,6.5,154.8,Intermediate,Morning,Analytical,83.8
8.6,27.7,,19.4,343.2,1.9,5.8,135.9,Beginner,Morning,Cognitive,82.9
11.9,16.1,36.5,17.4,279.1,2.8,9.4,87.7,Beginner,Afternoon,Cognitive,80.2
13.4,25.5,47.4,12.7,320.1,4.4,9.8,159.0,Intermediate,Afternoon,Cognitive,67.0
18.3,23.4,64.8,19.1,258.1,3.4,6.6,202.5,Expert,Evening,Analytical,82.1
10.5,28.3,77.9,18.4,331.4,4.1,5.3,189.2,Intermediate,Evening,Analytical,78.7
21.2,16.3,59.4,14.1,637.5,5.4,5.7,271.6,Intermediate,Morning,Analytical,64.8
9.7,31.1,70.9,16.9,347.4,6.3,7.1,84.1,Intermediate,Morning,Creative,87.1
24.3,35.5,49.7,22.3,343.4,9.3,,128.4,Intermediate,Afternoon,Cognitive,79.2
21.9,29.3,62.1,14.6,321.5,5.5,7.8,163.6,Beginner,Morning,Cognitive,77.0
15.6,33.0,57.3,18.2,422.0,2.8,6.7,191.3,Intermediate,Afternoon,Creative,75.8
8.4,26.9,,12.7,319.1,6.2,7.5,134.2,Expert,Evening,Creative,92.7
14.8,20.7,54.6,14.3,322.0,3.4,7.6,177.3,Beginner,Evening,Cognitive,67.0
13.5,30.0,76.8,18.4,315.7,2.6,9.1,183.8,Intermediate,Afternoon,Analytical,93.6
9.9,34.1,56.9,16.8,330.1,5.2,8.0,102.6,Beginner,Evening,Cognitive,66.5
16.2,22.1,49.3,15.4,305.7,6.8,7.4,85.4,Intermediate,Afternoon,Analytical,78.1
11.7,27.2,49.6,21.1,301.6,2.8,7.4,221.7,Beginner,Morning,Cognitive,69.2
12.1,28.5,53.8,13.2,357.6,4.6,4.0,162.9,Intermediate,Afternoon,Cognitive,79.0
14.2,47.1,63.7,15.6,317.6,4.9,7.3,153.6,Intermediate,Afternoon,Creative,77.7
12.7,31.3,,17.5,372.7,2.1,7.9,87.5,Beginner,Afternoon,Creative,71.2
23.3,18.6,,13.4,225.3,1.1,6.8,-3.2,Intermediate,Morning,Analytical,82.1
12.9,17.1,68.9,17.5,396.1,1.2,,148.8,Intermediate,Afternoon,Analytical,89.4
16.8,34.4,27.9,19.2,364.8,6.6,4.8,,Expert,Afternoon,Cognitive,70.8
,44.9,55.7,15.7,317.4,3.1,5.9,161.2,Beginner,Evening,Creative,61.7
16.4,28.3,46.7,13.9,316.1,2.7,6.0,120.1,Beginner,Afternoon,Analytical,78.9
,28.0,51.3,15.1,352.0,4.6,7.0,86.3,Beginner,Evening,Analytical,72.6
18.5,32.6,62.4,8.0,268.7,6.6,6.0,,Expert,Evening,Analytical,80.5
16.1,25.2,57.9,19.0,321.9,1.7,5.1,195.5,Expert,Morning,Cognitive,88.2
15.9,14.7,57.0,16.8,327.8,0.2,6.5,153.0,Intermediate,Afternoon,Analytical,75.9
15.2,36.2,71.9,15.5,217.8,7.0,8.5,39.4,Expert,Evening,Analytical,94.0
14.4,26.3,59.9,11.0,337.4,5.0,8.1,109.1,Intermediate,Afternoon,Creative,80.1
11.4,36.3,78.1,19.3,252.4,1.9,6.0,81.1,Intermediate,Evening,Creative,83.8
14.8,25.4,67.1,14.7,374.1,3.1,6.4,215.7,Beginner,Morning,Creative,74.5
16.0,30.7,50.3,17.7,386.9,2.0,5.8,107.0,Intermediate,Morning,Cognitive,59.6
16.6,35.1,79.3,16.0,395.5,5.3,5.1,209.9,Beginner,Evening,Creative,66.6
15.7,36.4,62.8,11.2,303.9,6.0,,133.4,Expert,Evening,Creative,75.4
14.1,31.4,78.7,19.8,303.2,5.3,5.1,95.4,Intermediate,Evening,Creative,86.3
14.8,31.1,57.3,19.2,221.2,4.3,8.0,62.4,Intermediate,Afternoon,Creative,74.3
12.8,33.7,62.7,18.3,354.0,4.8,9.7,98.8,Beginner,Evening,Analytical,65.7
16.3,32.8,64.3,16.9,244.6,2.5,,120.8,Beginner,Evening,Cognitive,74.2
14.1,22.3,58.3,12.4,247.5,3.1,7.9,52.9,Beginner,Evening,Analytical,77.6
15.7,22.4,72.7,18.6,304.8,4.0,7.9,158.4,Beginner,Afternoon,Analytical,80.3
,17.3,79.3,22.6,264.7,3.4,6.3,69.1,Beginner,Afternoon,Cognitive,95.1
12.2,34.6,37.1,16.3,271.9,4.0,7.6,32.5,Expert,Evening,Analytical,78.3
17.4,27.6,68.1,16.4,322.4,0.8,7.5,40.8,Intermediate,Afternoon,Creative,84.0
15.1,34.9,51.1,12.7,364.1,5.8,6.1,91.2,Beginner,Afternoon,Cognitive,63.4
23.1,32.4,34.1,9.8,347.0,1.9,3.2,152.9,Beginner,Afternoon,Analytical,61.5
14.1,24.0,65.2,14.9,329.5,-0.2,5.4,218.4,Intermediate,Afternoon,Analytical,78.4
,29.3,65.2,20.4,377.3,2.6,5.6,105.6,Intermediate,Afternoon,Creative,63.5
15.1,27.3,66.8,20.0,326.4,3.6,,140.0,Intermediate,Morning,Analytical,88.8
9.4,26.3,,15.8,293.7,8.0,4.8,115.8,Expert,Evening,Analytical,84.2
12.9,35.5,68.8,17.3,281.5,3.0,,-7.8,Intermediate,Afternoon,Analytical,94.4
,45.1,54.0,12.3,347.6,4.4,,142.7,Expert,Afternoon,Cognitive,74.6
13.3,36.7,62.6,16.3,264.9,4.6,8.6,118.7,Expert,Morning,Cognitive,88.6
6.1,29.8,67.0,14.4,337.4,1.0,6.2,25.4,Beginner,Morning,Analytical,79.5
14.9,37.6,73.5,16.2,298.6,3.8,3.9,221.4,Expert,Morning,Analytical,85.5
10.6,40.3,60.4,15.2,278.1,3.5,8.2,156.0,Beginner,Afternoon,Creative,76.2
15.5,21.6,57.9,15.1,277.2,4.2,5.9,20.0,Expert,Morning,Cognitive,83.0
21.2,37.3,59.4,19.0,368.3,4.8,8.2,151.4,Beginner,Evening,Cognitive,67.2
18.1,34.6,48.1,21.9,277.1,5.7,7.9,301.6,Expert,Morning,Cognitive,77.6
21.1,37.1,67.7,15.5,306.0,2.3,6.3,120.4,Expert,Morning,Analytical,81.2
,34.9,,20.3,296.6,5.0,5.2,161.4,Expert,Morning,Creative,80.4
14.4,28.6,63.9,12.3,373.0,2.5,7.3,85.9,Intermediate,Morning,Creative,80.7
10.8,42.2,60.8,15.7,396.9,2.2,,93.1,Beginner,Evening,Analytical,69.9
12.3,32.0,44.5,12.1,365.4,7.5,7.4,213.8,Beginner,Evening,Analytical,78.9
11.3,27.4,45.1,15.1,301.2,0.4,7.7,158.1,Intermediate,Afternoon,Creative,71.8
9.8,33.0,51.5,18.1,337.1,3.0,6.0,184.2,Beginner,Morning,Creative,72.2
20.5,35.8,56.6,19.4,274.5,4.4,4.7,105.9,Intermediate,Morning,Cognitive,83.1
6.6,30.6,74.8,13.7,330.5,2.8,9.4,147.1,Beginner,Afternoon,Analytical,85.7
20.5,32.4,58.9,17.4,232.1,4.3,6.2,115.4,Expert,Evening,Cognitive,81.8
20.0,30.5,65.5,19.7,331.8,1.3,6.7,156.9,Intermediate,Morning,Creative,75.3
17.0,26.0,72.7,19.3,317.2,0.3,8.6,113.2,Expert,Afternoon,Cognitive,84.3
10.5,25.1,70.7,16.8,342.0,2.3,6.1,226.7,Beginner,Afternoon,Creative,80.1
8.7,21.6,59.9,14.2,319.4,4.3,5.9,105.8,Expert,Morning,Creative,84.6
,39.1,52.9,13.9,361.8,3.7,10.0,145.5,Expert,Afternoon,Cognitive,84.1
17.5,28.7,65.0,13.5,281.8,5.3,5.9,12.0,Intermediate,Morning,Analytical,84.2
15.0,9.4,53.1,15.9,357.8,1.2,8.8,191.5,Intermediate,Evening,Cognitive,85.2
10.8,32.4,78.1,13.5,343.6,2.8,7.2,49.5,Intermediate,Morning,Cognitive,91.7
19.6,32.3,68.7,18.0,374.5,3.9,,81.2,Beginner,Afternoon,Analytical,66.0
21.7,18.8,62.1,16.7,377.8,2.1,6.2,45.7,Intermediate,Morning,Analytical,77.4
14.1,25.0,65.1,16.5,272.4,4.3,6.7,34.5,Beginner,Evening,Cognitive,88.0
15.4,24.7,61.8,10.5,345.9,3.4,9.7,178.3,Beginner,Morning,Creative,71.0
,25.5,56.3,16.1,261.7,5.0,8.3,72.6,Beginner,Evening,Cognitive,85.6
13.3,37.3,65.0,14.6,378.0,4.6,5.0,32.4,Beginner,Evening,Creative,66.6
17.0,29.1,,22.5,277.3,0.3,5.5,28.8,Beginner,Evening,Analytical,75.4
16.4,27.4,79.4,12.2,301.0,6.9,7.6,186.5,Beginner,Afternoon,Analytical,76.2
13.0,36.7,53.1,15.4,330.9,-0.3,8.0,98.2,Expert,Afternoon,Creative,86.6
13.9,33.0,65.1,17.1,356.9,0.9,8.2,117.0,Intermediate,Afternoon,Cognitive,95.5
13.2,19.6,,13.1,338.6,3.9,6.9,175.3,Expert,Morning,Analytical,78.1
13.9,26.3,52.1,21.8,358.3,4.6,5.7,155.5,Intermediate,Afternoon,Creative,69.8
16.7,31.9,42.1,21.8,320.6,3.4,5.8,131.6,Beginner,Morning,Creative,65.6
7.1,24.4,,13.4,332.2,2.9,3.5,196.2,Intermediate,Evening,Cognitive,77.4
14.7,42.2,54.7,14.2,231.7,3.8,9.5,42.8,Intermediate,Morning,Creative,87.4
,30.7,70.8,22.4,371.3,5.1,,101.5,Beginner,Afternoon,Creative,70.4
12.7,25.5,64.1,20.2,305.4,1.7,6.6,174.4,Intermediate,Afternoon,Cognitive,77.1
,23.3,,14.9,298.5,1.8,4.3,230.7,Beginner,Afternoon,Analytical,76.1
13.2,35.6,45.9,17.3,416.8,2.3,6.1,237.3,Intermediate,Afternoon,Analytical,59.6
13.1,26.1,65.8,11.8,184.6,6.6,7.9,48.2,Intermediate,Morning,Analytical,92.4
15.0,32.3,53.4,22.6,324.8,4.7,3.6,124.5,Beginner,Afternoon,Creative,64.1
15.5,23.1,45.7,16.2,208.0,5.1,7.5,149.5,Beginner,Morning,Creative,75.9
6.6,30.4,64.3,17.8,337.0,7.2,,110.2,Intermediate,Evening,Cognitive,81.2
17.6,26.2,47.4,13.2,285.0,5.6,6.4,161.7,Intermediate,Evening,Creative,75.6
13.8,28.1,39.1,12.6,173.3,4.3,11.1,,Beginner,Evening,Creative,65.3
22.7,25.2,73.0,17.4,374.5,7.1,3.6,66.0,Expert,Morning,Analytical,84.6
10.2,36.2,54.4,21.7,255.5,2.1,4.4,44.7,Beginner,Morning,Creative,81.3
11.5,27.1,42.6,14.4,367.4,3.5,6.5,158.2,Intermediate,Morning,Creative,73.7
14.2,29.1,50.4,13.1,271.3,6.3,6.6,92.1,Expert,Morning,Creative,86.9
16.7,29.4,52.8,16.9,296.8,-0.4,,160.6,Beginner,Morning,Cognitive,72.2
7.2,39.7,71.4,20.9,205.8,2.4,8.4,131.7,Beginner,Afternoon,Creative,93.6
11.7,35.3,,14.1,341.2,5.6,5.1,108.8,Beginner,Morning,Cognitive,67.8
17.4,34.7,46.6,15.3,291.3,4.2,5.0,78.6,Beginner,Afternoon,Analytical,76.2
11.2,20.5,,18.5,301.7,5.0,6.0,125.8,Beginner,Evening,Creative,75.1
20.5,26.1,55.5,18.8,315.2,0.2,8.5,96.5,Intermediate,Afternoon,Cognitive,78.1
13.2,37.1,62.3,15.1,237.6,2.3,8.2,187.0,Beginner,Afternoon,Analytical,77.0
11.4,23.0,55.1,19.3,354.6,5.3,,,Intermediate,Afternoon,Creative,80.0
17.4,30.5,80.2,17.6,291.8,2.2,6.2,43.5,Expert,Afternoon,Cognitive,91.0
21.4,23.6,47.1,16.0,434.8,5.6,6.8,204.0,Expert,Morning,Cognitive,83.3
16.7,24.2,62.8,18.7,296.0,4.6,7.5,111.7,Intermediate,Afternoon,Analytical,72.1
20.0,40.1,75.0,18.3,300.5,1.7,7.1,245.1,Beginner,Afternoon,Creative,88.0
21.7,34.3,56.3,12.9,252.2,4.7,4.9,103.8,Intermediate,Evening,Creative,72.2
11.3,35.9,52.5,20.5,239.3,5.5,4.8,72.1,Intermediate,Evening,Creative,79.0
18.8,34.7,67.7,17.0,363.9,4.7,6.6,102.1,Intermediate,Afternoon,Cognitive,81.1
8.9,29.2,70.0,20.1,373.1,5.1,8.1,113.9,Beginner,Afternoon,Creative,88.6
16.7,25.9,52.0,16.2,291.7,0.5,5.4,104.6,Expert,Morning,Cognitive,81.8
14.7,27.6,74.6,16.7,326.1,8.5,,82.0,Intermediate,Evening,Cognitive,85.9
20.0,28.8,60.5,17.2,382.1,9.6,,92.7,Beginner,Afternoon,Analytical,71.9
19.7,40.7,65.1,17.6,334.5,6.9,7.1,219.0,Beginner,Morning,Cognitive,74.7
17.3,22.0,74.9,20.6,344.2,4.2,5.8,104.9,Intermediate,Morning,Analytical,85.8
16.2,26.7,67.7,17.4,324.4,3.2,3.9,248.7,Expert,Morning,Analytical,88.1
17.0,24.5,60.0,15.9,287.4,3.2,6.2,,Intermediate,Evening,Creative,77.4
15.2,36.3,53.3,19.0,339.3,5.6,5.1,116.2,Intermediate,Morning,Analytical,77.3
14.8,41.1,87.1,17.3,413.2,6.1,6.6,159.5,Beginner,Afternoon,Creative,75.1
20.8,31.9,52.1,24.9,294.0,2.7,7.6,88.2,Intermediate,Afternoon,Analytical,81.6
21.3,32.3,63.2,16.9,363.4,4.0,7.7,184.0,Intermediate,Afternoon,Cognitive,74.8
14.4,30.5,65.1,19.7,329.1,6.5,4.0,199.8,Beginner,Evening,Creative,67.3
16.0,32.6,65.6,18.6,290.5,3.8,7.9,155.8,Beginner,Evening,Cognitive,71.7
15.3,34.6,81.3,9.9,364.8,4.2,7.6,89.7,Intermediate,Afternoon,Creative,94.4
8.6,32.6,60.5,13.8,358.9,6.8,6.4,155.7,Beginner,Morning,Cognitive,78.8
13.7,33.0,59.0,14.7,349.0,6.4,5.1,78.3,Intermediate,Afternoon,Analytical,84.6
21.4,34.7,75.5,11.5,407.4,5.6,6.4,36.9,Beginner,Afternoon,Creative,70.3
12.0,19.3,58.6,14.8,411.8,1.9,9.4,135.7,Beginner,Afternoon,Creative,73.9
23.5,30.0,68.8,11.9,322.7,1.9,,22.2,Beginner,Afternoon,Creative,79.1
19.7,31.8,61.9,12.7,314.7,2.5,8.5,95.1,Expert,Morning,Analytical,89.1
16.6,32.5,69.2,16.7,248.6,3.0,5.5,142.1,Expert,Afternoon,Cognitive,88.3
17.2,29.0,67.3,21.8,396.7,4.4,6.2,213.8,Expert,Morning,Analytical,73.1
11.3,31.0,56.0,11.9,316.3,3.8,5.1,81.6,Intermediate,Evening,Analytical,78.2
13.9,25.7,41.6,12.4,289.6,3.7,6.0,,Beginner,Morning,Analytical,68.1
20.8,19.4,43.3,14.4,273.3,3.5,9.0,167.3,Intermediate,Afternoon,Cognitive,73.0
12.5,35.9,41.6,15.6,273.0,2.2,6.3,133.0,Intermediate,Morning,Analytical,79.3
19.2,23.2,59.1,11.4,407.9,3.1,6.0,124.5,Expert,Afternoon,Creative,81.2
,29.0,36.5,13.9,364.9,8.9,,30.7,Beginner,Afternoon,Analytical,68.0
10.2,25.5,58.4,13.6,245.6,5.4,6.1,185.2,Intermediate,Morning,Cognitive,86.8
22.6,39.5,61.3,17.0,247.6,4.0,7.1,-6.6,Beginner,Evening,Creative,78.4
15.0,29.5,68.6,17.3,326.1,1.0,6.1,131.7,Beginner,Afternoon,Cognitive,76.2
12.8,28.1,65.0,15.5,269.2,2.0,,193.6,Intermediate,Afternoon,Analytical,85.4
20.5,34.5,,14.9,307.4,3.9,,126.9,Intermediate,Afternoon,Cognitive,77.8
20.0,42.9,64.1,13.9,397.7,6.7,5.3,105.2,Beginner,Afternoon,Creative,80.3
18.7,32.4,,16.2,373.5,4.5,8.6,57.8,Beginner,Afternoon,Cognitive,67.7
,27.7,58.9,13.1,234.4,4.4,9.7,85.7,Intermediate,Afternoon,Creative,92.5
13.9,34.2,51.5,20.6,269.4,6.2,7.7,251.6,Intermediate,Afternoon,Creative,72.6
16.2,20.6,62.3,11.5,332.3,2.1,4.7,87.1,Expert,Afternoon,Analytical,88.8
17.8,30.3,44.2,14.0,376.5,6.8,6.7,147.3,Expert,Morning,Analytical,82.1
13.0,42.0,70.7,18.6,278.9,3.2,7.4,70.0,Intermediate,Morning,Creative,84.3
15.7,30.9,50.4,14.8,338.4,6.3,4.5,101.8,Beginner,Morning,Cognitive,72.4
16.1,30.6,61.5,18.0,297.3,7.3,6.2,22.3,Intermediate,Morning,Creative,82.5
20.1,30.1,63.2,21.2,407.6,2.2,4.9,117.0,Intermediate,Afternoon,Analytical,76.3
18.0,27.6,71.6,18.5,351.1,4.0,5.5,98.3,Beginner,Evening,Cognitive,78.4
9.0,31.9,43.2,12.4,310.3,5.6,7.5,201.0,Expert,Morning,Creative,86.6
14.1,34.7,56.7,12.5,245.3,3.4,6.9,69.3,Beginner,Evening,Analytical,78.0
11.3,28.0,65.5,15.4,266.9,3.5,5.4,94.3,Expert,Afternoon,Creative,85.8
17.3,15.1,77.5,17.3,193.7,3.2,6.9,174.3,Intermediate,Evening,Creative,86.6
18.7,32.8,59.6,19.6,333.6,0.3,6.5,118.0,Intermediate,Afternoon,Creative,78.5
15.4,42.8,54.1,13.6,353.3,6.1,8.3,110.2,Intermediate,Afternoon,Cognitive,82.6
13.9,27.7,80.3,14.5,355.8,2.0,3.9,109.6,Expert,Morning,Analytical,96.1
15.3,21.2,68.0,15.2,289.3,-0.6,,60.6,Intermediate,Morning,Analytical,77.8
15.8,34.1,73.7,15.2,384.0,6.1,9.3,94.0,Intermediate,Morning,Creative,76.1
12.4,40.5,47.9,20.5,399.2,5.0,,124.8,Beginner,Afternoon,Creative,60.6
10.1,33.2,65.2,15.7,286.7,1.4,5.4,50.3,Intermediate,Morning,Creative,84.1
6.8,40.3,,16.5,379.1,6.2,6.2,,Beginner,Evening,Cognitive,66.5
20.1,34.8,46.9,18.7,327.0,5.3,8.9,193.0,Intermediate,Morning,Analytical,75.6
17.0,34.2,65.8,20.8,293.7,4.0,7.6,150.0,Intermediate,Evening,Creative,77.3
16.5,26.9,66.5,15.9,741.7,3.3,5.4,272.8,Intermediate,Morning,Analytical,59.6
20.1,31.7,,19.8,259.7,3.8,6.9,87.4,Beginner,Morning,Creative,76.0
,29.8,74.3,21.5,245.8,4.4,6.5,133.3,Beginner,Morning,Analytical,81.3
8.1,29.6,56.3,15.7,300.2,2.4,7.7,-24.2,Intermediate,Afternoon,Creative,79.2
16.5,28.5,57.3,14.3,308.6,6.2,6.9,47.6,Beginner,Morning,Cognitive,80.9
16.2,31.4,59.6,22.6,237.8,5.1,7.3,157.5,Beginner,Evening,Creative,78.3
8.1,22.2,57.6,19.4,344.5,3.7,6.5,79.5,Beginner,Morning,Creative,76.8
16.4,34.9,72.8,16.0,281.0,7.5,9.0,107.4,Expert,Afternoon,Creative,86.2
13.4,24.7,49.6,17.9,254.5,3.4,6.9,141.5,Intermediate,Evening,Creative,75.3
11.8,28.5,52.5,12.9,352.5,7.1,6.1,74.9,Beginner,Morning,Creative,76.7
13.7,32.0,48.1,19.3,298.5,4.6,8.6,82.8,Beginner,Evening,Analytical,65.6
5.2,24.4,78.8,10.6,577.3,5.5,7.9,168.9,Beginner,Evening,Analytical,57.9
12.6,18.2,56.8,19.2,343.0,3.3,5.6,129.1,Intermediate,Morning,Cognitive,82.9
12.2,27.7,52.3,13.8,310.1,0.3,1.1,22.2,Intermediate,Morning,Creative,80.2
17.2,21.4,57.1,11.0,374.9,5.0,,138.1,Beginner,Afternoon,Analytical,71.0
14.4,34.3,,10.0,341.0,1.6,6.3,118.6,Beginner,Evening,Analytical,79.8
17.6,23.1,66.6,14.6,319.0,2.8,7.1,,Beginner,Afternoon,Creative,81.4
4.8,38.9,54.2,18.1,345.6,4.2,8.8,75.6,Intermediate,Afternoon,Creative,75.0
11.6,30.0,56.0,11.8,347.2,2.7,5.6,116.9,Intermediate,Evening,Cognitive,76.1
17.2,30.4,45.4,12.3,265.3,3.9,5.3,177.4,Beginner,Morning,Cognitive,78.2
13.8,18.1,61.4,14.5,437.9,4.4,4.9,160.9,Beginner,Evening,Analytical,74.8
18.4,30.9,72.8,18.4,323.4,1.1,10.3,193.6,Beginner,Afternoon,Cognitive,75.1
7.8,29.5,54.2,18.8,324.4,4.5,8.8,66.0,Expert,Afternoon,Analytical,93.9
17.9,22.2,66.4,16.4,232.1,2.8,8.0,161.0,Beginner,Evening,Cognitive,80.2
12.4,30.5,54.2,19.0,326.4,1.9,4.1,82.6,Intermediate,Afternoon,Creative,67.1
,27.6,49.0,18.1,328.6,-0.0,4.9,-16.1,Intermediate,Morning,Cognitive,87.2
19.0,28.7,66.8,14.7,262.5,0.9,,175.9,Beginner,Afternoon,Analytical,72.6
19.6,30.2,83.5,18.7,268.0,4.0,7.6,166.3,Beginner,Afternoon,Cognitive,85.4
19.1,27.2,,12.1,275.0,4.1,,209.1,Beginner,Morning,Analytical,83.1
23.2,31.5,55.9,17.5,305.2,5.0,5.0,32.2,Intermediate,Evening,Analytical,64.9
,29.5,,12.5,330.7,7.4,8.6,129.8,Intermediate,Morning,Cognitive,80.7
11.8,32.8,79.1,16.4,308.9,6.7,,106.6,Intermediate,Afternoon,Cognitive,95.4
15.6,26.8,63.1,19.7,335.1,6.0,7.7,188.6,Intermediate,Afternoon,Analytical,81.2
13.6,23.6,52.3,16.6,353.8,6.4,5.9,36.6,Beginner,Morning,Creative,71.5
23.1,25.7,59.4,16.0,347.1,4.4,9.3,104.8,Expert,Evening,Cognitive,72.5
19.4,38.7,62.2,16.7,338.2,4.3,7.3,,Intermediate,Evening,Analytical,75.5
14.2,35.7,64.7,18.0,334.3,7.1,9.4,164.5,Beginner,Afternoon,Creative,79.6
18.5,37.3,75.1,22.4,671.1,4.4,6.5,244.9,Expert,Morning,Analytical,70.4
10.1,37.7,72.8,18.0,312.7,4.5,,118.1,Intermediate,Morning,Cognitive,80.7
16.0,27.2,62.0,14.5,287.0,6.3,6.3,,Intermediate,Afternoon,Analytical,83.3
11.2,31.8,59.6,15.4,315.3,3.4,6.0,114.7,Intermediate,Morning,Analytical,77.3
8.2,30.5,64.0,13.3,352.7,3.7,8.2,,Expert,Afternoon,Analytical,91.5
18.1,34.0,53.9,12.3,352.4,1.3,6.9,70.5,Intermediate,Evening,Cognitive,73.5
18.6,28.3,69.8,8.7,345.4,3.1,7.6,105.9,Beginner,Afternoon,Creative,76.9
16.8,30.6,58.0,14.6,296.2,3.3,5.5,106.0,Beginner,Evening,Creative,75.0
14.3,30.4,64.9,11.8,309.2,3.5,5.5,,Expert,Afternoon,Creative,84.4
,33.2,77.1,16.3,309.4,5.6,6.4,2.6,Beginner,Afternoon,Creative,79.0
10.4,33.9,65.5,14.5,289.6,2.0,,30.5,Beginner,Evening,Cognitive,83.0
11.1,30.6,62.3,12.7,364.7,7.0,5.8,107.2,Intermediate,Afternoon,Analytical,88.1
14.1,30.7,54.8,9.7,228.0,-0.1,8.6,150.1,Intermediate,Evening,Creative,71.4
19.3,31.4,,15.0,421.1,5.2,6.8,83.0,Intermediate,Morning,Creative,70.8
19.2,39.9,48.6,10.7,423.7,5.6,9.6,22.5,Expert,Morning,Cognitive,81.7
8.4,19.6,65.3,18.1,322.5,5.4,5.4,176.6,Beginner,Evening,Analytical,76.9
12.2,24.2,38.7,16.8,340.3,6.2,7.5,136.8,Beginner,Afternoon,Analytical,70.0
12.1,34.0,69.7,15.3,362.5,3.6,7.7,106.5,Beginner,Evening,Creative,75.1
4.9,31.6,,20.4,282.1,6.5,7.4,134.6,Expert,Evening,Creative,78.1
17.3,31.6,61.0,16.0,348.4,2.6,6.9,56.7,Intermediate,Morning,Analytical,82.9
14.0,34.0,54.7,17.2,386.0,2.8,8.3,181.9,Beginner,Afternoon,Cognitive,73.5
14.5,31.3,59.8,18.1,229.9,8.1,5.1,139.1,Expert,Afternoon,Analytical,86.5
20.4,26.6,42.3,14.4,248.0,4.4,7.4,111.1,Expert,Afternoon,Analytical,74.1
15.4,33.8,68.2,14.5,357.5,5.9,5.5,99.6,Expert,Evening,Creative,78.4
13.3,30.1,58.4,16.1,306.5,5.0,,124.3,Expert,Morning,Cognitive,77.8
17.3,27.3,75.2,12.0,300.7,5.4,7.4,,Beginner,Afternoon,Cognitive,82.4
19.2,34.1,63.9,21.4,303.6,-0.0,8.4,15.4,Intermediate,Afternoon,Cognitive,72.5
16.2,33.9,62.3,16.5,263.7,4.8,4.9,73.0,Intermediate,Morning,Creative,81.6
17.8,31.3,64.0,15.4,299.5,4.0,9.5,100.1,Expert,Evening,Cognitive,89.2
14.4,40.3,50.2,22.3,254.0,5.9,8.5,97.7,Intermediate,Afternoon,Cognitive,83.5
14.7,38.0,55.5,12.7,385.4,2.4,7.1,77.3,Intermediate,Evening,Creative,69.3
15.5,36.0,61.3,20.6,585.7,6.4,5.4,314.1,Intermediate,Morning,Analytical,67.8
12.0,45.4,57.0,18.4,325.3,1.6,9.3,78.6,Beginner,Morning,Cognitive,81.8
12.7,29.1,54.2,19.4,353.3,3.1,,55.8,Intermediate,Afternoon,Analytical,82.3
20.5,27.2,57.2,15.5,459.5,0.8,7.7,91.9,Expert,Morning,Cognitive,68.4
23.0,35.2,60.4,16.2,267.4,1.8,6.0,210.4,Expert,Evening,Analytical,81.8
21.4,28.5,83.2,15.0,227.9,4.0,7.3,120.8,Beginner,Morning,Analytical,86.2
9.7,30.1,56.7,19.0,318.5,6.7,6.1,91.1,Beginner,Evening,Creative,72.7
9.3,24.1,53.2,17.2,228.7,4.1,8.8,100.2,Beginner,Afternoon,Creative,81.8
10.2,33.6,58.5,14.3,303.1,1.4,8.9,14.9,Intermediate,Afternoon,Cognitive,82.9
,21.2,75.0,14.5,363.7,-0.2,6.8,108.8,Expert,Morning,Cognitive,95.6
3.8,29.4,75.7,16.0,396.4,5.3,6.1,134.2,Beginner,Afternoon,Creative,64.5
12.6,29.9,79.5,15.0,241.7,2.7,8.2,146.3,Intermediate,Afternoon,Cognitive,90.5
20.6,27.4,60.6,20.3,272.8,3.0,8.0,110.5,Expert,Morning,Cognitive,87.1
18.9,19.5,,18.4,338.2,6.2,5.3,75.2,Intermediate,Evening,Creative,72.1
13.0,19.4,,18.4,357.7,3.7,6.6,174.3,Intermediate,Morning,Analytical,70.1
13.3,25.5,56.5,16.7,360.5,3.4,10.3,97.5,Intermediate,Afternoon,Cognitive,79.4
17.3,33.2,48.8,13.5,393.8,4.3,,61.1,Intermediate,Afternoon,Creative,71.1
18.7,31.7,64.7,18.1,356.4,7.0,,73.9,Beginner,Morning,Cognitive,72.2
12.9,29.9,60.4,9.7,314.0,4.5,7.8,99.8,Intermediate,Evening,Cognitive,74.3
14.1,24.7,62.3,16.5,373.1,-0.3,6.2,102.3,Intermediate,Afternoon,Creative,81.0
12.7,32.0,51.5,13.6,323.5,2.4,8.1,87.5,Expert,Morning,Creative,85.5
9.7,19.2,68.5,13.3,333.7,3.4,7.6,138.7,Intermediate,Afternoon,Cognitive,86.9
14.1,15.6,35.9,14.6,295.3,5.7,8.7,114.7,Intermediate,Afternoon,Cognitive,74.5
,28.5,57.5,15.7,327.8,1.5,4.5,173.0,Beginner,Afternoon,Analytical,69.7
10.0,26.7,58.9,15.9,238.5,4.3,7.5,,Intermediate,Afternoon,Analytical,85.8
17.6,36.1,39.8,18.4,371.7,3.8,7.3,98.6,Beginner,Morning,Creative,64.1
16.9,30.9,63.8,15.5,451.5,6.0,4.9,173.1,Beginner,Morning,Cognitive,61.0
17.8,39.9,58.3,15.7,275.6,2.0,6.6,96.1,Intermediate,Evening,Creative,79.4
11.9,26.7,65.6,11.8,203.7,4.3,7.6,55.4,Expert,Morning,Creative,96.3
7.1,32.9,,12.2,278.9,7.1,7.1,105.8,Beginner,Evening,Cognitive,88.1
16.9,28.5,63.2,16.9,272.1,5.8,7.0,148.8,Intermediate,Morning,Analytical,82.5
12.3,38.3,69.7,17.9,330.9,5.2,7.0,166.7,Expert,Evening,Creative,77.6
11.4,28.8,73.8,15.2,255.3,3.4,6.3,130.7,Beginner,Afternoon,Creative,79.0
10.0,35.1,64.9,18.8,297.8,4.3,10.0,323.0,Intermediate,Afternoon,Cognitive,86.9
,23.5,51.3,11.8,286.0,3.8,,,Intermediate,Morning,Analytical,74.5
21.3,27.5,43.6,17.2,232.0,5.7,7.5,16.0,Intermediate,Morning,Analytical,75.1
13.0,29.5,63.7,13.4,331.9,5.1,5.0,144.9,Beginner,Morning,Cognitive,86.7
10.6,37.6,56.0,13.2,309.0,2.7,6.5,187.8,Beginner,Morning,Creative,70.1
17.6,16.8,72.8,13.7,688.9,7.5,6.2,172.4,Intermediate,Morning,Cognitive,67.2
15.7,28.0,55.2,15.8,361.5,6.4,7.0,32.1,Intermediate,Afternoon,Cognitive,77.8
6.5,27.8,59.9,17.3,512.2,2.3,,18.5,Beginner,Afternoon,Analytical,68.0
17.6,17.5,48.4,17.1,303.4,3.3,6.1,114.2,Intermediate,Evening,Creative,71.9
23.5,27.2,56.6,15.1,366.1,3.7,6.7,59.1,Beginner,Afternoon,Creative,62.2
4.6,20.8,50.6,17.9,303.7,5.6,5.4,107.4,Intermediate,Afternoon,Analytical,80.5
10.1,16.0,51.5,21.1,294.8,2.4,7.9,97.5,Beginner,Afternoon,Creative,75.4
3.6,28.4,59.5,15.6,353.5,2.7,8.2,208.1,Expert,Afternoon,Creative,90.9
14.7,28.2,53.9,16.3,281.0,5.8,,170.2,Beginner,Afternoon,Cognitive,73.2
19.0,28.5,86.3,14.2,378.4,5.1,8.3,86.2,Beginner,Evening,Cognitive,77.9
15.4,31.5,68.4,14.8,328.0,0.1,8.2,,Beginner,Morning,Cognitive,83.9
20.6,24.7,70.8,19.7,398.4,5.3,5.1,175.8,Beginner,Morning,Creative,59.3
18.3,40.7,58.9,19.8,317.0,1.1,9.2,127.2,Expert,Afternoon,Creative,82.7
21.8,29.8,61.1,15.4,367.4,2.7,8.3,139.0,Expert,Morning,Creative,82.5
19.6,37.7,55.7,17.5,238.0,3.3,4.1,190.9,Beginner,Evening,Creative,72.7
13.4,19.9,86.2,18.8,384.1,3.1,5.9,73.7,Intermediate,Evening,Analytical,83.5
15.3,25.0,58.9,14.7,354.5,2.7,5.2,177.1,Intermediate,Morning,Analytical,72.4
11.5,34.1,54.0,12.1,287.7,1.9,7.7,96.4,Expert,Morning,Creative,95.6
14.1,28.6,52.5,18.1,363.2,5.0,6.2,-14.7,Intermediate,Afternoon,Cognitive,79.2
15.2,23.6,63.4,18.7,256.6,0.8,,49.9,Beginner,Afternoon,Cognitive,79.1
14.7,19.0,74.2,18.2,295.1,2.9,9.6,64.3,Intermediate,Morning,Analytical,92.0
20.4,34.4,70.9,14.9,277.4,5.6,9.2,200.4,Intermediate,Afternoon,Analytical,72.3
13.7,33.9,52.4,20.6,366.0,4.8,5.6,112.5,Beginner,Afternoon,Creative,62.3
11.3,31.5,52.2,16.9,382.4,1.2,7.7,101.7,Intermediate,Morning,Creative,78.4
11.5,27.0,72.5,12.6,297.6,0.1,9.7,209.7,Beginner,Morning,Creative,82.9
17.6,23.3,81.0,11.2,256.4,1.8,5.6,73.3,Intermediate,Evening,Creative,83.4
9.4,29.7,58.5,15.1,271.2,-0.4,8.5,96.3,Beginner,Morning,Creative,85.6
14.2,22.1,72.1,16.7,324.6,4.2,6.7,121.8,Intermediate,Evening,Cognitive,79.4
20.3,25.5,45.3,15.1,321.5,3.1,5.6,116.8,Intermediate,Afternoon,Cognitive,76.8
16.2,37.6,51.6,22.0,303.0,3.2,9.3,140.2,Intermediate,Afternoon,Creative,78.9
14.7,18.9,49.9,17.2,278.5,5.0,6.4,152.9,Beginner,Evening,Cognitive,73.3
14.9,34.1,64.1,13.1,624.4,5.7,6.8,138.8,Intermediate,Evening,Creative,61.1
10.9,39.0,58.2,9.2,289.0,4.5,,7.7,Intermediate,Afternoon,Creative,86.6
,34.9,62.4,16.7,278.4,3.6,8.6,143.8,Intermediate,Morning,Analytical,90.2
14.2,32.4,72.2,19.0,377.4,2.6,8.5,8.9,Intermediate,Evening,Cognitive,89.0
16.1,27.2,53.5,21.6,305.9,3.3,,139.3,Intermediate,Afternoon,Cognitive,87.0
18.8,26.1,60.9,15.4,345.6,4.4,7.2,164.0,Expert,Morning,Analytical,86.9
15.4,16.5,46.6,21.2,276.2,5.9,7.6,187.5,Beginner,Evening,Cognitive,62.6
20.4,30.2,71.6,11.9,345.3,1.2,8.5,112.2,Expert,Morning,Analytical,94.5
21.4,27.6,71.0,15.0,356.8,1.7,6.1,240.5,Intermediate,Morning,Cognitive,74.6
18.2,25.8,63.6,13.0,264.2,4.0,9.1,36.5,Beginner,Morning,Creative,85.3
19.9,29.9,61.2,18.4,293.3,-0.2,8.2,207.3,Beginner,Afternoon,Analytical,75.5
11.0,30.4,54.9,12.1,274.8,4.6,5.6,74.0,Beginner,Afternoon,Creative,77.2
10.4,26.2,46.0,17.2,293.6,6.1,7.7,122.2,Intermediate,Morning,Creative,75.0
17.1,39.7,63.1,12.3,400.1,8.7,7.7,129.4,Intermediate,Morning,Cognitive,75.2
9.6,34.4,67.6,21.3,332.8,4.2,5.9,200.9,Intermediate,Morning,Analytical,78.0
13.8,35.4,,14.9,417.4,5.7,7.6,54.1,Intermediate,Afternoon,Creative,77.7
18.1,29.4,56.1,17.1,394.1,4.0,7.0,248.2,Intermediate,Morning,Creative,72.8
20.7,33.1,,10.6,376.5,7.2,4.7,-8.6,Beginner,Evening,Analytical,70.8
14.0,24.6,71.1,11.5,392.7,3.2,2.2,115.2,Beginner,Morning,Cognitive,70.6
12.4,34.0,71.4,13.7,378.0,4.7,10.1,,Intermediate,Evening,Creative,76.8
16.3,28.8,53.8,18.6,405.2,5.2,6.8,182.0,Beginner,Morning,Cognitive,76.4
10.7,23.9,57.2,18.0,347.2,4.8,7.2,34.3,Beginner,Evening,Analytical,73.6
14.3,29.9,54.7,19.3,354.3,2.5,5.5,1.8,Intermediate,Morning,Cognitive,81.2
15.0,28.2,51.0,11.5,352.9,1.3,6.1,198.7,Intermediate,Morning,Analytical,83.3
14.9,43.9,74.7,17.5,298.0,6.0,10.3,134.6,Expert,Evening,Cognitive,88.1
15.4,32.6,60.6,14.3,362.3,4.5,10.6,,Expert,Evening,Cognitive,84.6
11.7,39.5,59.3,13.6,382.9,4.2,4.2,89.4,Intermediate,Afternoon,Creative,74.3
12.1,36.8,62.5,14.4,290.0,5.8,7.1,75.7,Intermediate,Afternoon,Cognitive,81.1
,30.2,60.5,15.7,277.1,5.7,9.8,188.1,Intermediate,Afternoon,Creative,87.9
8.5,27.3,57.8,18.0,292.4,4.7,7.3,98.3,Intermediate,Evening,Analytical,88.7
16.4,19.6,52.4,19.4,387.8,5.3,8.0,109.0,Beginner,Morning,Analytical,75.6
18.6,24.8,75.7,17.6,308.1,2.9,6.7,104.7,Intermediate,Afternoon,Creative,81.3
,34.0,54.3,17.9,264.8,5.1,7.8,220.3,Expert,Afternoon,Cognitive,78.1
14.0,28.2,50.7,21.5,268.1,0.9,9.2,174.5,Beginner,Afternoon,Analytical,72.2
11.8,32.3,59.2,18.1,274.8,4.0,7.8,161.5,Intermediate,Evening,Analytical,66.6
18.0,17.8,81.6,15.4,284.4,5.5,5.2,132.1,Intermediate,Morning,Analytical,91.0
17.6,32.7,51.8,17.7,250.1,2.6,,131.5,Beginner,Morning,Creative,86.3
15.9,36.6,67.1,21.1,350.3,4.3,8.2,65.4,Beginner,Afternoon,Analytical,76.4
22.0,19.3,57.5,13.4,310.5,4.6,6.9,172.3,Beginner,Afternoon,Analytical,71.9
14.9,32.2,62.4,14.7,346.7,2.2,6.2,97.4,Beginner,Morning,Analytical,80.0
14.0,38.1,69.2,20.4,205.1,6.3,5.4,43.1,Beginner,Afternoon,Analytical,82.6
13.4,40.1,42.8,15.1,373.6,4.6,5.5,111.2,Expert,Evening,Creative,77.2
8.8,27.0,51.0,18.3,315.9,0.6,5.9,120.8,Beginner,Morning,Creative,70.2
17.6,34.7,69.1,19.9,345.0,4.2,7.7,200.8,Intermediate,Afternoon,Cognitive,77.9
14.6,38.6,61.0,12.2,396.1,6.9,6.2,171.4,Beginner,Afternoon,Analytical,57.3
17.0,32.4,62.1,14.8,338.4,4.0,7.3,,Expert,Afternoon,Creative,81.5
22.4,37.7,67.1,19.6,425.6,2.7,7.2,,Beginner,Evening,Cognitive,62.5
13.4,29.8,51.1,15.6,226.0,2.9,8.2,-35.8,Intermediate,Afternoon,Cognitive,90.4
5.6,32.4,70.6,9.9,304.1,3.7,5.8,145.0,Expert,Afternoon,Analytical,86.9
16.9,26.3,68.2,14.5,229.8,1.6,9.4,78.7,Expert,Afternoon,Cognitive,97.1
15.7,29.0,62.4,18.4,335.7,6.8,4.4,35.8,Beginner,Afternoon,Creative,68.0
12.1,32.6,64.7,19.8,323.8,5.8,6.5,49.2,Expert,Afternoon,Cognitive,77.8
16.6,25.8,71.6,16.2,265.4,6.2,6.4,207.9,Intermediate,Evening,Cognitive,87.5
,28.7,54.1,17.5,428.7,1.0,5.8,147.1,Intermediate,Afternoon,Creative,64.6
11.2,34.6,66.6,14.9,302.0,4.3,3.7,142.7,Beginner,Morning,Cognitive,72.3
13.8,42.3,77.4,18.7,209.7,6.2,8.8,178.2,Beginner,Morning,Cognitive,89.9
20.9,17.7,66.4,20.3,354.0,2.1,8.2,105.9,Intermediate,Morning,Cognitive,77.0
12.1,41.9,57.8,18.3,354.8,3.9,7.7,202.7,Intermediate,Morning,Cognitive,88.6
15.3,28.4,83.2,15.6,296.0,1.8,5.9,106.7,Intermediate,Evening,Analytical,85.5
4.5,35.8,62.3,17.3,359.4,5.7,6.2,-69.0,Intermediate,Afternoon,Analytical,87.7
9.1,37.0,74.0,18.9,272.5,3.6,,216.5,Intermediate,Afternoon,Creative,91.1
15.6,39.4,,16.1,299.1,3.8,6.6,-57.0,Beginner,Afternoon,Cognitive,77.0
19.9,25.6,70.7,18.4,339.7,1.7,8.2,104.0,Intermediate,Evening,Creative,73.3
9.6,28.6,54.5,17.1,366.2,7.1,6.3,165.2,Beginner,Afternoon,Analytical,63.3
15.3,29.7,,20.3,308.8,4.1,5.7,-21.0,Intermediate,Evening,Cognitive,91.9
13.5,27.9,53.9,18.1,295.9,5.6,7.2,111.3,Intermediate,Afternoon,Cognitive,86.2
18.8,37.9,79.0,14.5,317.9,4.8,7.1,110.2,Expert,Evening,Analytical,85.2
10.1,29.5,57.8,20.2,217.7,2.2,7.8,175.1,Beginner,Afternoon,Cognitive,77.3
,20.3,48.9,17.4,306.0,0.7,9.1,149.0,Beginner,Morning,Cognitive,75.2
12.4,26.2,61.0,15.6,221.0,3.6,6.4,39.6,Beginner,Afternoon,Analytical,78.4
15.9,20.5,65.4,11.9,277.9,6.2,8.4,81.1,Beginner,Afternoon,Creative,74.8
15.3,28.6,59.7,16.7,248.9,0.1,7.2,55.7,Beginner,Morning,Creative,82.7
,34.0,,21.5,346.4,7.9,8.5,8.6,Expert,Afternoon,Cognitive,82.7
16.9,26.1,70.4,7.8,283.5,5.7,8.8,80.9,Beginner,Morning,Analytical,81.1
15.2,27.6,72.6,7.9,381.9,4.4,5.9,,Beginner,Morning,Creative,65.2
14.5,28.4,43.5,18.3,227.6,3.8,10.0,146.7,Intermediate,Evening,Creative,74.4
13.6,30.8,51.2,16.7,307.8,5.7,,145.6,Intermediate,Afternoon,Cognitive,81.7
15.3,33.1,58.4,18.0,324.2,1.6,5.3,47.4,Intermediate,Evening,Creative,69.2
15.9,34.8,54.7,14.4,344.5,4.9,5.3,3.0,Beginner,Afternoon,Analytical,67.1
11.0,43.5,65.3,9.6,427.7,4.6,9.2,154.1,Intermediate,Afternoon,Creative,77.5
13.6,30.7,78.4,13.5,221.7,7.6,9.0,180.6,Beginner,Afternoon,Analytical,80.6
10.8,34.4,56.2,20.7,282.1,3.3,8.6,129.8,Beginner,Afternoon,Analytical,77.4
14.8,20.5,75.8,14.6,419.8,4.1,6.2,165.6,Expert,Evening,Cognitive,81.3
12.6,27.7,45.3,14.7,431.5,3.9,6.4,,Beginner,Morning,Creative,62.7
18.1,28.4,64.6,8.1,342.1,3.0,4.6,123.3,Intermediate,Evening,Cognitive,73.0
17.7,23.9,54.1,10.6,273.0,7.0,6.6,76.7,Intermediate,Evening,Creative,79.3
11.3,26.8,64.8,19.3,250.3,2.1,7.3,143.2,Beginner,Afternoon,Cognitive,80.1
15.0,29.4,42.4,15.2,279.2,1.0,,108.9,Expert,Evening,Cognitive,82.1
17.6,27.0,47.1,19.0,418.9,4.5,6.6,156.3,Beginner,Afternoon,Cognitive,61.2
,45.6,64.8,13.7,261.7,2.6,6.5,166.9,Intermediate,Evening,Creative,76.9
12.1,33.1,53.7,11.6,305.1,4.5,7.4,98.8,Expert,Afternoon,Cognitive,83.4
10.6,42.0,56.8,15.2,307.3,5.3,8.3,150.8,Intermediate,Morning,Analytical,84.6
18.4,39.0,78.4,14.3,365.8,4.3,9.3,78.2,Expert,Evening,Creative,86.1
18.6,26.2,61.4,13.5,376.4,4.0,6.0,227.8,Beginner,Afternoon,Analytical,72.8
14.2,30.2,69.0,13.6,325.4,-0.1,6.7,204.7,Intermediate,Afternoon,Cognitive,75.8
18.1,27.4,52.4,15.6,160.5,5.1,7.2,137.7,Beginner,Afternoon,Cognitive,72.3
3.1,29.0,46.6,14.5,275.5,4.4,6.6,74.4,Intermediate,Morning,Analytical,81.4
20.3,24.1,59.2,13.2,260.1,7.7,6.1,134.7,Expert,Afternoon,Cognitive,78.2
14.4,27.4,45.1,21.4,596.9,6.3,6.6,76.7,Beginner,Evening,Creative,55.8
15.6,32.2,53.0,17.4,273.9,1.0,5.2,144.6,Intermediate,Morning,Analytical,75.8
13.7,32.0,62.4,16.5,404.2,6.1,6.1,-7.9,Beginner,Morning,Creative,76.8
20.6,31.5,58.9,15.8,340.4,1.4,5.2,,Intermediate,Morning,Creative,79.1
10.8,29.6,63.3,18.0,376.7,5.7,7.0,142.1,Intermediate,Afternoon,Creative,67.6
20.9,35.2,66.0,17.6,432.8,6.9,6.4,,Expert,Afternoon,Cognitive,82.7
16.6,28.5,48.0,12.9,272.8,7.7,6.2,142.0,Intermediate,Evening,Cognitive,66.6
17.5,38.3,50.6,11.4,239.0,3.2,7.0,100.8,Beginner,Evening,Analytical,77.3
13.7,18.9,38.2,9.2,329.3,5.4,3.3,,Beginner,Afternoon,Analytical,69.0
9.8,33.9,56.3,21.4,367.7,6.0,6.5,89.3,Beginner,Morning,Creative,78.5
18.7,32.9,67.4,14.7,286.8,4.9,7.3,14.0,Beginner,Evening,Cognitive,69.1
16.2,26.0,74.9,17.8,321.8,0.7,8.5,96.2,Beginner,Evening,Cognitive,77.5
20.4,27.9,61.9,16.6,380.9,4.3,7.9,252.2,Expert,Afternoon,Cognitive,76.0
,32.8,73.7,18.7,375.9,5.1,8.9,127.6,Intermediate,Afternoon,Analytical,90.2
13.3,35.5,63.8,15.8,290.9,4.0,4.8,,Intermediate,Evening,Cognitive,75.0
,19.5,61.1,12.0,333.6,2.3,8.6,,Beginner,Afternoon,Creative,78.3
22.6,33.8,53.9,12.9,273.2,3.6,7.4,204.3,Expert,Afternoon,Creative,77.9
15.0,27.3,36.1,14.9,247.5,5.8,6.2,211.3,Intermediate,Afternoon,Creative,70.0
12.0,36.8,72.2,11.2,387.9,4.8,7.2,132.9,Beginner,Morning,Cognitive,81.4
18.2,19.0,59.5,13.4,213.3,4.9,11.7,156.9,Intermediate,Afternoon,Creative,91.2
14.0,44.7,73.9,12.4,329.5,3.5,7.2,79.9,Intermediate,Afternoon,Creative,84.9
17.4,24.7,50.5,15.0,301.5,4.9,7.1,103.4,Beginner,Morning,Analytical,80.5
14.0,38.6,84.3,14.5,347.4,-0.2,8.3,281.6,Intermediate,Morning,Analytical,80.3
21.3,29.6,57.5,16.4,285.8,3.9,6.7,91.9,Intermediate,Morning,Cognitive,87.2
12.2,25.1,,18.6,377.1,3.2,5.8,229.8,Beginner,Afternoon,Cognitive,63.2
16.9,31.6,57.9,15.3,308.9,4.1,9.1,243.2,Expert,Evening,Cognitive,86.7
13.0,36.2,61.7,11.5,392.6,1.7,4.8,146.5,Expert,Evening,Cognitive,74.3
13.9,20.7,59.3,9.9,330.9,4.7,7.1,,Intermediate,Morning,Cognitive,81.2
,34.2,54.8,16.5,267.5,7.8,6.9,40.5,Intermediate,Afternoon,Analytical,78.7
18.0,29.9,42.0,14.0,347.1,4.2,5.8,152.3,Intermediate,Evening,Analytical,66.3
18.7,33.5,52.0,15.5,340.9,4.1,5.0,120.9,Intermediate,Morning,Analytical,72.8
17.2,30.1,70.7,17.0,314.6,9.0,6.8,113.6,Intermediate,Afternoon,Creative,79.5
14.6,26.6,51.2,20.3,282.6,2.1,7.5,91.4,Beginner,Evening,Creative,70.4
15.6,23.3,42.8,10.8,363.0,5.0,,138.1,Intermediate,Morning,Analytical,64.3
18.6,34.0,49.4,13.0,271.7,7.2,5.8,148.0,Expert,Evening,Analytical,70.4
18.7,34.0,59.1,15.7,277.0,3.2,5.8,118.0,Intermediate,Evening,Cognitive,78.1
4.2,34.0,52.4,12.6,346.4,5.7,9.3,190.6,Beginner,Morning,Analytical,77.4
13.9,32.6,57.2,11.5,309.5,4.3,6.3,118.9,Intermediate,Morning,Cognitive,74.0
14.1,35.7,52.0,19.9,221.8,1.9,6.5,111.0,Beginner,Morning,Analytical,87.6
17.7,38.4,70.1,12.9,271.9,3.7,8.8,52.6,Beginner,Morning,Cognitive,76.2
14.7,18.7,,12.1,340.3,3.9,4.5,107.4,Beginner,Afternoon,Analytical,77.6
17.9,15.9,82.2,12.6,306.5,2.7,5.2,116.1,Beginner,Afternoon,Cognitive,70.8
10.7,40.3,56.2,19.3,314.9,0.8,9.1,-27.5,Intermediate,Morning,Creative,86.8
16.0,22.0,57.2,13.9,333.1,3.2,6.1,150.8,Intermediate,Evening,Creative,78.4
18.6,23.5,,11.8,342.8,1.0,6.2,174.9,Beginner,Afternoon,Cognitive,85.1
9.1,28.3,63.9,13.5,325.8,5.1,6.3,,Expert,Morning,Cognitive,90.6
25.1,20.1,50.6,15.9,153.6,5.1,6.5,64.2,Expert,Morning,Creative,92.6
19.8,27.7,65.6,18.7,317.2,1.5,6.3,113.5,Expert,Afternoon,Analytical,81.5
15.0,24.3,64.0,18.4,294.2,4.2,7.2,147.2,Beginner,Afternoon,Cognitive,73.6
,28.6,,13.7,321.5,1.3,8.9,116.7,Intermediate,Morning,Analytical,82.8
14.3,31.7,53.5,14.4,373.4,3.3,5.8,75.1,Expert,Morning,Creative,73.2
15.3,27.9,61.9,22.3,266.4,2.7,6.1,31.8,Intermediate,Evening,Creative,90.4
16.8,27.6,74.5,19.0,323.5,5.0,7.0,124.3,Beginner,Evening,Cognitive,72.9
21.0,31.5,67.0,15.2,343.9,0.8,9.4,193.8,Beginner,Morning,Analytical,67.4
13.1,36.3,54.4,9.1,304.5,6.0,,120.3,Intermediate,Afternoon,Creative,84.4
17.3,39.6,52.9,14.6,254.5,6.5,5.7,116.3,Expert,Afternoon,Analytical,80.5
9.8,28.7,68.0,12.0,259.8,3.7,4.0,143.2,Intermediate,Afternoon,Creative,91.2
13.3,40.9,35.7,13.4,318.3,1.3,5.9,165.2,Intermediate,Afternoon,Cognitive,78.7
16.5,35.3,51.9,13.1,289.0,-0.2,5.7,,Beginner,Evening,Analytical,67.6
17.8,22.6,74.1,15.3,223.6,6.2,5.2,45.8,Intermediate,Afternoon,Analytical,86.1
12.0,22.4,63.0,16.2,280.1,8.0,7.1,147.5,Expert,Afternoon,Cognitive,90.7
13.2,26.5,52.4,13.8,255.0,4.1,6.6,82.4,Beginner,Afternoon,Cognitive,71.9
20.8,38.7,48.0,12.2,357.4,1.7,9.1,76.8,Intermediate,Evening,Cognitive,76.1
19.6,27.0,68.4,15.5,245.8,1.8,7.3,,Expert,Evening,Cognitive,99.0
15.8,18.6,60.8,14.5,391.0,6.4,,114.8,Beginner,Morning,Creative,73.7
6.1,28.6,57.8,10.3,428.0,4.3,6.7,87.7,Intermediate,Morning,Analytical,71.6
25.0,18.1,63.7,17.8,283.0,2.1,5.7,102.4,Beginner,Afternoon,Creative,72.8
14.9,23.7,61.6,13.8,289.3,8.6,7.9,60.1,Intermediate,Morning,Cognitive,83.0
13.7,26.5,60.9,15.2,367.2,6.1,5.3,,Intermediate,Afternoon,Creative,86.6
12.9,30.9,46.8,15.3,374.2,5.1,,96.5,Intermediate,Evening,Creative,68.3
,36.1,49.7,16.0,295.4,2.9,5.9,76.4,Intermediate,Afternoon,Analytical,75.0
16.5,34.2,67.5,16.4,298.0,6.5,8.1,18.6,Beginner,Evening,Analytical,80.0
18.8,22.9,65.6,12.1,602.7,5.8,7.6,,Expert,Morning,Analytical,67.4
,27.8,63.8,16.9,277.4,3.8,5.5,26.7,Intermediate,Evening,Cognitive,76.0
13.8,30.5,54.1,15.0,365.6,6.2,8.8,,Beginner,Evening,Cognitive,64.5
23.1,28.4,67.7,19.3,327.8,6.1,9.9,159.7,Intermediate,Afternoon,Analytical,82.1
15.9,28.4,56.3,18.4,479.7,4.5,,177.8,Intermediate,Afternoon,Creative,74.8
14.3,19.7,73.0,20.0,323.2,1.7,6.0,145.2,Beginner,Morning,Analytical,71.0
11.2,23.1,52.5,13.2,301.1,2.0,7.1,149.7,Expert,Evening,Cognitive,87.2
17.0,27.6,54.7,19.9,445.2,0.8,8.3,170.4,Expert,Afternoon,Creative,76.3
19.1,11.4,58.5,16.3,307.6,6.6,8.8,156.2,Beginner,Morning,Cognitive,69.4
18.5,33.8,68.5,18.1,357.0,1.1,,101.2,Expert,Afternoon,Analytical,83.4
14.0,21.8,59.6,18.0,341.7,4.1,7.2,96.0,Beginner,Afternoon,Analytical,78.2
16.4,34.1,60.4,17.4,312.5,0.8,6.5,242.9,Beginner,Morning,Creative,71.3
21.7,33.6,,12.7,342.0,7.4,6.4,185.6,Beginner,Morning,Analytical,56.8
,26.7,62.7,18.9,330.5,1.7,6.2,78.1,Expert,Afternoon,Cognitive,83.8
11.9,36.0,59.3,17.1,444.3,4.6,5.0,139.8,Intermediate,Afternoon,Cognitive,70.7
4.8,34.5,52.2,11.6,315.1,0.9,8.3,143.7,Beginner,Evening,Cognitive,84.2
16.2,28.1,61.3,14.5,189.7,5.7,7.2,118.9,Intermediate,Evening,Creative,85.8
18.2,27.5,61.5,12.4,429.5,6.2,9.3,225.4,Intermediate,Afternoon,Cognitive,70.6
10.6,36.6,83.5,11.7,294.5,4.0,8.2,113.8,Beginner,Evening,Analytical,84.9
15.0,31.4,53.9,18.6,324.3,3.9,6.4,115.1,Expert,Afternoon,Creative,81.3
13.9,36.3,51.6,11.6,292.8,5.6,5.3,169.4,Expert,Afternoon,Cognitive,88.2
15.4,15.7,62.8,12.0,290.1,2.8,9.8,63.3,Intermediate,Morning,Cognitive,81.9
12.8,30.6,50.1,21.9,264.1,6.2,4.5,88.4,Expert,Afternoon,Analytical,93.9
20.2,20.5,49.3,14.7,219.9,4.6,6.5,208.2,Intermediate,Afternoon,Analytical,77.5
15.6,29.8,45.6,18.0,284.1,0.9,6.5,118.2,Expert,Morning,Creative,87.1
11.5,34.3,52.3,19.4,345.7,7.7,6.0,71.7,Intermediate,Afternoon,Cognitive,75.3
18.7,40.4,52.5,18.3,237.7,4.4,5.7,130.5,Intermediate,Evening,Cognitive,73.6
9.9,24.4,47.2,16.4,345.3,3.3,5.2,128.6,Beginner,Afternoon,Analytical,65.4
20.1,26.8,57.5,15.9,436.0,4.3,5.9,200.2,Expert,Afternoon,Creative,74.3
19.0,29.4,36.3,17.6,334.3,2.6,6.9,185.3,Intermediate,Evening,Analytical,66.9
20.6,24.2,64.9,15.3,250.5,3.7,7.5,132.3,Beginner,Evening,Analytical,83.4
14.4,35.9,54.4,18.1,340.1,5.6,6.2,,Beginner,Morning,Creative,80.0
13.0,29.6,55.9,15.2,367.9,5.4,6.2,196.6,Intermediate,Morning,Cognitive,75.2
15.3,30.7,65.9,15.6,385.2,5.2,5.4,141.5,Intermediate,Afternoon,Cognitive,69.5
,33.7,63.7,21.6,329.4,2.8,7.3,69.2,Intermediate,Afternoon,Cognitive,81.4
12.4,29.6,53.7,14.6,350.2,2.3,7.1,227.5,Expert,Morning,Creative,81.1
12.8,25.1,64.5,16.1,362.5,4.8,7.6,196.1,Beginner,Morning,Creative,80.4
13.5,29.6,75.5,17.3,350.1,5.5,6.2,47.3,Intermediate,Evening,Creative,78.6
10.3,24.9,49.9,17.5,335.9,2.5,5.6,84.3,Beginner,Afternoon,Creative,70.0
17.7,30.6,67.5,16.9,288.1,3.5,7.0,40.0,Expert,Evening,Creative,72.1
14.8,36.0,48.9,12.2,367.7,4.8,7.8,55.6,Expert,Evening,Analytical,78.1
13.8,23.0,71.8,16.5,293.2,3.8,5.7,196.1,Intermediate,Evening,Cognitive,77.0
10.6,20.8,52.9,16.7,450.1,6.3,6.1,125.4,Intermediate,Morning,Creative,76.3
10.4,30.3,52.5,19.4,288.0,1.4,5.2,80.1,Beginner,Evening,Cognitive,63.8
22.7,25.4,71.5,18.2,360.1,1.1,5.2,165.4,Intermediate,Morning,Creative,80.8
12.5,30.2,67.2,19.6,256.1,6.2,6.2,170.4,Expert,Afternoon,Cognitive,91.5
17.4,31.9,53.2,13.0,296.2,5.2,5.7,200.2,Intermediate,Afternoon,Analytical,73.8
15.7,17.1,61.3,13.0,290.5,4.2,8.2,156.6,Beginner,Morning,Cognitive,78.1
3.9,34.1,,17.0,251.6,3.3,7.0,158.4,Intermediate,Evening,Cognitive,87.2
22.2,23.0,,19.4,291.3,4.9,8.9,70.6,Expert,Evening,Creative,76.3
17.7,29.9,61.9,15.4,338.0,4.4,8.9,125.9,Beginner,Morning,Cognitive,77.6
11.9,26.0,56.4,13.8,609.6,4.6,7.0,199.4,Beginner,Afternoon,Analytical,58.3
14.9,26.7,50.5,11.2,379.6,3.9,4.0,-20.8,Intermediate,Afternoon,Analytical,69.5
10.4,40.2,73.0,17.1,273.4,5.1,7.6,141.5,Expert,Afternoon,Analytical,94.5
22.3,31.9,50.9,15.7,354.9,5.8,8.7,17.5,Beginner,Evening,Creative,53.4
11.4,35.4,61.4,14.7,290.4,5.8,7.9,,Beginner,Morning,Creative,78.4
12.9,30.9,70.8,18.7,376.5,4.9,7.5,96.9,Beginner,Evening,Creative,75.7
12.1,33.7,57.4,15.7,359.2,4.0,6.6,97.9,Beginner,Morning,Creative,82.4
,32.5,52.7,16.0,370.7,4.9,5.2,89.9,Intermediate,Afternoon,Creative,78.4
20.5,31.5,63.0,18.7,311.9,6.4,7.9,83.4,Intermediate,Afternoon,Analytical,91.4
22.2,36.6,64.6,22.6,386.5,3.7,6.7,106.3,Intermediate,Morning,Cognitive,72.7
13.4,30.9,68.8,14.7,237.0,3.5,7.5,175.6,Intermediate,Morning,Analytical,93.0
16.5,43.7,78.7,13.4,342.3,5.0,6.1,54.9,Beginner,Evening,Creative,68.0
15.3,35.8,55.4,13.0,326.9,5.5,10.0,120.7,Expert,Evening,Analytical,85.3
11.1,23.2,62.0,17.4,361.7,3.8,7.4,246.7,Intermediate,Morning,Cognitive,80.0
24.7,28.9,47.3,12.7,316.2,4.9,6.4,79.7,Expert,Afternoon,Creative,75.2
20.5,32.4,66.7,14.9,270.8,2.3,5.3,119.0,Intermediate,Morning,Analytical,83.7
15.8,30.3,61.8,15.1,265.4,4.0,4.9,170.5,Beginner,Morning,Analytical,77.9
21.3,34.1,58.2,20.7,319.4,7.1,,,Intermediate,Afternoon,Cognitive,74.8
19.8,34.8,53.8,19.6,307.0,5.2,6.1,213.1,Beginner,Morning,Creative,75.7
15.3,21.8,56.5,11.4,362.8,2.7,6.3,111.6,Intermediate,Evening,Creative,66.1
16.3,37.7,62.4,20.8,367.7,3.0,6.2,143.6,Beginner,Afternoon,Cognitive,65.4
21.0,27.0,50.3,12.4,322.4,1.5,5.4,107.5,Beginner,Evening,Cognitive,62.5
11.2,26.4,,16.5,321.3,7.2,6.6,185.5,Expert,Afternoon,Cognitive,88.9
21.7,26.4,60.2,13.5,373.2,2.0,7.1,112.8,Beginner,Evening,Cognitive,64.0
14.1,34.9,44.6,14.8,307.8,-1.1,5.5,222.1,Expert,Afternoon,Creative,75.4
21.1,28.4,49.5,13.1,309.8,1.2,7.5,4.2,Beginner,Afternoon,Creative,73.6
15.0,26.0,53.4,21.0,253.9,4.1,5.2,156.8,Intermediate,Evening,Analytical,75.4
16.4,27.5,75.7,15.6,363.9,2.6,6.3,164.9,Intermediate,Afternoon,Analytical,80.3
14.9,19.2,,16.7,315.5,4.3,7.5,-31.1,Intermediate,Morning,Analytical,90.0
12.9,24.9,59.4,12.8,787.3,4.7,7.0,34.1,Beginner,Afternoon,Creative,53.0
13.9,22.6,49.6,11.8,259.6,2.8,4.5,198.9,Beginner,Evening,Creative,68.4
20.5,28.4,52.2,14.7,295.4,2.2,2.8,151.1,Beginner,Evening,Creative,56.6
5.7,34.0,45.6,17.6,367.3,5.8,7.9,167.5,Beginner,Afternoon,Analytical,67.4
10.0,33.3,66.7,15.6,336.3,4.6,8.0,220.7,Intermediate,Afternoon,Cognitive,78.2
12.1,37.5,46.7,18.9,260.8,-1.4,7.7,99.2,Expert,Evening,Cognitive,80.9
10.7,36.2,69.1,16.4,366.1,0.9,6.7,220.3,Expert,Morning,Cognitive,91.5
21.0,26.8,64.7,16.0,254.8,0.4,6.6,295.5,Intermediate,Afternoon,Cognitive,90.2
20.0,30.1,59.2,17.6,361.4,3.7,6.8,195.9,Intermediate,Morning,Cognitive,73.6
17.4,29.8,69.4,16.3,271.0,4.4,7.9,146.0,Intermediate,Afternoon,Creative,88.6
12.4,17.1,91.0,18.8,755.1,3.7,6.8,184.6,Beginner,Afternoon,Analytical,73.6
20.3,22.7,,17.7,325.6,2.7,7.6,132.6,Expert,Morning,Cognitive,79.7
8.6,29.0,48.8,18.7,337.2,6.0,,,Intermediate,Morning,Cognitive,85.4
23.6,29.0,74.9,18.1,315.9,4.6,5.5,121.6,Intermediate,Afternoon,Cognitive,87.2
12.3,33.1,61.9,20.1,324.4,2.2,6.7,53.9,Beginner,Morning,Creative,80.8
14.0,32.8,81.1,18.5,324.1,2.3,5.7,145.6,Intermediate,Morning,Cognitive,80.4
13.3,19.4,,21.2,355.3,2.5,6.4,134.0,Intermediate,Evening,Analytical,69.5
10.7,33.1,72.8,14.4,316.9,3.3,6.8,201.9,Expert,Morning,Creative,76.3
22.7,31.1,,18.5,393.1,4.1,5.7,154.2,Intermediate,Afternoon,Creative,74.9
18.2,33.7,86.6,11.9,283.2,4.8,4.6,76.1,Beginner,Evening,Creative,76.8
19.9,36.4,57.2,18.8,363.0,2.4,5.0,54.2,Expert,Morning,Cognitive,80.4
,29.1,,16.2,348.2,1.3,7.7,119.7,Beginner,Afternoon,Cognitive,80.7
15.7,37.5,64.4,18.8,381.7,4.8,6.0,67.9,Intermediate,Afternoon,Cognitive,79.7
,24.7,68.5,21.0,326.0,5.7,6.7,128.7,Beginner,Evening,Cognitive,74.8
16.1,24.3,,18.4,336.5,7.4,7.1,79.4,Intermediate,Evening,Analytical,77.6
10.4,32.6,52.1,14.8,335.9,4.8,8.4,196.7,Expert,Evening,Creative,77.0
19.3,27.8,69.7,12.7,259.2,2.5,6.6,155.1,Beginner,Evening,Cognitive,67.4
15.5,31.6,57.1,17.6,339.7,5.2,7.4,179.6,Expert,Morning,Analytical,86.0
11.2,42.0,61.5,15.1,483.5,3.7,,110.1,Beginner,Morning,Creative,67.7
7.6,32.4,60.8,18.0,400.5,1.3,6.8,131.9,Expert,Afternoon,Creative,83.4
17.4,31.3,65.7,14.5,281.0,3.9,5.5,175.1,Intermediate,Morning,Creative,76.9
24.8,24.8,65.3,13.2,230.0,4.6,6.8,,Expert,Afternoon,Cognitive,82.9
10.9,19.8,54.2,15.3,322.6,6.9,7.2,162.5,Beginner,Afternoon,Creative,76.5
15.7,29.6,,17.5,374.2,4.1,6.6,79.2,Expert,Morning,Cognitive,88.9
19.4,36.4,36.7,16.4,318.1,2.4,6.4,,Intermediate,Evening,Analytical,73.4
9.9,28.1,69.9,13.6,414.5,0.2,7.4,84.9,Beginner,Morning,Creative,79.7
13.1,32.4,76.9,21.4,281.0,1.5,6.4,245.2,Expert,Afternoon,Analytical,83.2
11.6,38.6,61.9,15.6,331.2,2.1,,131.7,Beginner,Afternoon,Cognitive,83.9
18.9,38.4,43.9,9.2,314.6,7.3,5.4,186.3,Expert,Afternoon,Cognitive,73.7
20.3,32.6,67.4,18.8,356.6,3.6,7.8,93.5,Beginner,Afternoon,Cognitive,81.1
15.6,31.0,52.4,16.0,360.0,3.8,6.9,107.1,Intermediate,Morning,Creative,78.4
11.6,20.9,61.8,15.5,379.4,6.2,6.3,104.2,Intermediate,Afternoon,Creative,77.4
,26.2,66.9,15.4,313.8,5.2,5.4,14.4,Beginner,Evening,Analytical,72.2
12.5,28.3,65.5,15.4,382.9,3.5,10.5,-38.2,Beginner,Evening,Cognitive,74.6
11.1,24.9,70.8,21.0,337.2,6.3,2.5,102.7,Beginner,Afternoon,Analytical,74.3
14.6,31.5,61.5,17.4,388.0,2.6,5.9,6.7,Intermediate,Afternoon,Cognitive,77.7
17.3,41.5,61.7,16.8,395.0,4.6,6.3,137.2,Beginner,Afternoon,Cognitive,75.9
17.0,39.1,,15.2,320.9,1.5,8.4,110.5,Intermediate,Evening,Analytical,75.5
15.0,31.5,59.3,21.2,286.3,4.5,6.5,,Beginner,Morning,Cognitive,82.8
15.2,34.7,53.1,18.5,524.5,6.0,7.3,158.1,Beginner,Afternoon,Analytical,68.6
14.7,25.6,64.5,19.0,369.5,5.7,6.3,118.5,Intermediate,Evening,Creative,73.6
9.8,38.8,48.7,16.8,244.7,5.8,9.8,204.7,Beginner,Afternoon,Analytical,77.5
15.6,20.6,59.2,19.0,295.3,9.8,7.6,92.6,Expert,Morning,Analytical,85.2
12.7,35.5,46.2,17.2,354.1,3.5,6.0,,Expert,Afternoon,Cognitive,75.1
9.6,33.0,54.5,14.9,190.6,2.2,8.1,,Intermediate,Morning,Analytical,90.9
16.5,25.5,,17.1,268.3,4.9,6.6,88.7,Intermediate,Afternoon,Creative,83.2
12.6,28.7,50.2,22.3,289.3,2.2,9.7,60.9,Expert,Afternoon,Creative,90.4
15.9,23.2,,16.6,315.8,1.7,9.0,107.6,Beginner,Evening,Creative,79.4
18.4,23.5,70.2,19.8,303.9,3.5,7.4,130.2,Beginner,Afternoon,Creative,76.8
11.2,20.5,73.1,19.6,304.9,8.0,6.6,,Beginner,Morning,Analytical,81.9
15.4,34.6,58.1,17.7,253.4,5.4,,154.0,Intermediate,Morning,Creative,75.3
,37.2,55.7,21.0,408.5,4.8,8.3,84.0,Beginner,Evening,Analytical,74.5
21.1,17.0,68.0,9.5,289.6,0.7,9.2,157.8,Intermediate,Morning,Analytical,83.0
9.6,41.0,61.3,10.5,224.8,2.8,6.6,28.3,Expert,Afternoon,Cognitive,94.4
12.9,29.9,61.2,21.2,376.8,6.9,,128.2,Expert,Morning,Analytical,87.8
20.4,31.7,34.6,14.1,281.2,3.5,7.8,132.8,Intermediate,Evening,Analytical,71.0
14.1,21.2,67.6,16.3,259.4,8.4,8.3,127.5,Beginner,Afternoon,Cognitive,85.8
10.2,37.9,66.2,21.3,353.9,4.9,5.8,,Expert,Afternoon,Creative,93.1
17.9,31.2,59.9,16.6,294.1,3.7,,64.3,Intermediate,Afternoon,Creative,89.5
17.8,36.8,,21.1,328.4,3.4,10.4,158.8,Beginner,Evening,Analytical,79.5
12.5,37.3,66.0,14.8,288.3,3.9,7.1,94.9,Beginner,Afternoon,Cognitive,81.3
12.9,38.0,53.0,17.8,296.9,1.1,7.7,155.4,Expert,Afternoon,Analytical,85.3
13.3,26.1,57.8,16.2,270.4,5.9,7.6,83.5,Intermediate,Evening,Analytical,84.9
14.2,28.8,49.9,20.5,259.3,4.9,7.8,291.2,Expert,Evening,Creative,82.3
7.4,26.3,74.6,15.2,493.6,3.5,5.3,103.2,Expert,Morning,Cognitive,89.5
14.3,35.4,69.8,13.1,278.6,3.8,10.1,191.6,Intermediate,Evening,Analytical,86.2
22.1,32.0,51.9,14.6,246.9,5.6,7.1,262.6,Intermediate,Morning,Creative,75.1
11.4,36.4,66.2,14.7,376.5,8.1,7.8,,Intermediate,Afternoon,Analytical,81.0
12.7,36.7,62.8,14.1,333.3,7.1,,98.8,Beginner,Evening,Creative,72.3
10.3,19.6,53.1,13.9,320.9,4.4,8.4,114.1,Intermediate,Morning,Cognitive,77.4
17.4,38.1,61.2,19.4,295.6,2.4,6.2,-78.4,Intermediate,Morning,Analytical,87.7
19.8,35.7,68.6,20.2,299.7,0.9,,-20.5,Intermediate,Morning,Cognitive,76.9
19.7,27.8,69.4,17.2,305.1,4.2,,119.0,Expert,Afternoon,Creative,81.8
10.0,32.1,83.3,14.1,376.8,2.4,7.7,85.1,Intermediate,Afternoon,Cognitive,90.0
17.0,29.3,60.9,14.2,307.6,4.3,6.5,52.9,Intermediate,Afternoon,Cognitive,74.2
20.7,33.7,57.6,9.8,377.2,4.6,6.0,122.0,Intermediate,Evening,Cognitive,76.2
17.0,27.8,65.6,17.1,317.3,5.4,,84.6,Intermediate,Afternoon,Analytical,87.6
16.9,32.9,58.2,14.0,309.7,1.7,5.6,61.7,Intermediate,Morning,Creative,77.9
13.1,30.4,54.2,20.4,268.9,2.2,8.5,180.2,Beginner,Evening,Cognitive,71.5
15.9,27.4,50.7,11.9,427.2,3.4,6.5,42.6,Intermediate,Morning,Analytical,76.8
19.9,31.1,25.7,14.2,320.7,4.5,7.7,161.8,Beginner,Morning,Creative,65.7
16.3,46.2,67.3,15.7,319.9,4.4,5.3,134.4,Beginner,Morning,Creative,73.7
10.0,25.9,43.6,17.4,412.9,9.2,9.0,202.0,Intermediate,Afternoon,Creative,76.2
13.2,28.5,51.2,21.4,340.8,-0.5,7.7,91.6,Intermediate,Morning,Cognitive,76.9
19.8,26.0,62.9,11.9,346.4,6.2,7.9,39.2,Expert,Morning,Cognitive,80.0
16.3,26.6,56.8,15.1,323.0,6.1,5.1,81.9,Intermediate,Morning,Cognitive,71.7
15.5,34.9,81.5,11.7,281.3,2.2,5.9,117.5,Intermediate,Morning,Creative,81.7
12.8,34.3,44.9,18.4,380.8,3.1,7.3,179.3,Intermediate,Afternoon,Creative,73.9
19.8,30.0,82.4,14.1,249.2,7.5,5.4,168.3,Intermediate,Evening,Cognitive,90.8
21.6,36.2,73.8,15.7,271.2,2.8,6.1,107.0,Beginner,Evening,Cognitive,74.5
20.1,34.8,69.1,15.5,281.1,2.8,8.1,115.4,Beginner,Morning,Creative,91.5
20.8,29.0,74.4,16.3,332.6,4.2,6.1,161.8,Beginner,Morning,Creative,74.0
13.6,20.8,64.0,15.5,319.2,5.0,7.6,183.3,Intermediate,Evening,Analytical,75.1
13.0,35.0,43.0,13.1,226.9,6.0,5.8,139.6,Beginner,Morning,Analytical,78.3
14.4,31.0,65.1,16.3,435.9,6.1,7.9,137.3,Beginner,Evening,Cognitive,65.3
15.2,30.1,45.2,13.6,358.0,5.6,5.3,134.3,Beginner,Morning,Creative,72.3
20.7,27.2,54.7,18.4,295.5,0.2,7.9,136.2,Expert,Evening,Creative,76.5
19.7,34.5,59.2,16.2,640.0,3.9,10.2,237.3,Beginner,Morning,Analytical,65.0
17.2,32.1,50.9,12.9,342.3,5.3,6.2,60.2,Intermediate,Afternoon,Creative,76.2
9.3,28.6,69.5,23.2,303.5,5.4,,22.9,Beginner,Afternoon,Cognitive,86.4
8.2,22.6,57.9,21.0,339.7,2.6,8.7,67.4,Intermediate,Afternoon,Analytical,85.1
16.0,36.4,64.1,23.3,340.3,2.0,7.1,92.1,Beginner,Morning,Creative,74.3
,33.6,59.9,15.0,374.6,1.8,5.2,159.4,Beginner,Afternoon,Creative,66.1
14.7,31.5,61.3,13.5,323.5,4.9,7.5,103.7,Intermediate,Afternoon,Cognitive,86.5
22.7,14.1,51.1,18.4,336.1,6.0,7.3,132.2,Beginner,Morning,Creative,64.8
10.7,29.8,,19.3,309.6,4.3,6.1,124.2,Beginner,Morning,Analytical,72.0
10.2,28.6,58.5,16.6,298.3,1.9,6.0,149.8,Beginner,Afternoon,Analytical,83.2
12.3,26.3,50.3,9.7,281.5,4.4,8.3,94.3,Beginner,Morning,Creative,72.5
12.2,34.5,73.9,13.1,279.8,2.1,5.5,76.5,Beginner,Afternoon,Creative,79.1
17.1,34.3,46.2,17.3,296.8,2.5,4.9,,Beginner,Morning,Creative,71.1
13.3,32.6,83.4,14.0,308.2,3.3,5.8,139.9,Expert,Afternoon,Creative,92.3
8.8,36.2,,11.9,370.3,2.4,8.3,-59.6,Intermediate,Morning,Analytical,82.5
18.6,23.9,60.7,15.2,301.0,1.7,6.6,129.8,Intermediate,Afternoon,Cognitive,83.9
8.0,27.3,54.6,6.3,303.4,7.1,6.2,173.3,Beginner,Morning,Analytical,78.1
10.7,30.4,66.6,14.2,305.4,0.2,6.9,111.0,Expert,Morning,Creative,96.3
8.5,26.3,58.0,14.7,317.6,2.8,7.7,141.9,Beginner,Morning,Creative,76.6
15.8,34.4,63.0,16.9,404.9,3.6,,94.2,Beginner,Evening,Analytical,72.5
,26.9,68.4,17.6,301.0,6.5,7.5,119.7,Intermediate,Morning,Analytical,83.8
22.7,37.8,66.7,17.1,348.1,4.6,9.9,110.3,Beginner,Afternoon,Creative,77.9
18.7,24.4,72.4,18.7,337.5,3.4,8.1,161.7,Beginner,Morning,Analytical,76.9
20.8,42.8,65.4,15.5,323.1,2.5,6.6,102.9,Intermediate,Morning,Creative,85.9
16.2,42.2,50.5,11.6,272.1,6.3,8.3,,Expert,Afternoon,Analytical,81.9
11.1,29.4,39.2,16.1,346.2,2.4,8.0,139.6,Intermediate,Afternoon,Creative,74.9
15.5,36.9,62.1,13.4,223.7,4.4,8.7,112.4,Intermediate,Evening,Analytical,81.1
17.4,27.6,62.3,11.9,269.0,3.7,8.1,78.2,Expert,Evening,Creative,79.9
17.8,36.1,79.3,17.7,292.9,5.0,7.2,158.8,Beginner,Evening,Cognitive,79.3
13.1,28.9,58.8,11.8,308.8,7.1,6.3,239.8,Beginner,Afternoon,Cognitive,63.9
17.0,22.3,63.7,18.0,324.2,5.4,7.2,148.3,Beginner,Afternoon,Analytical,74.7
11.3,8.8,67.8,12.1,389.6,3.7,4.8,167.8,Intermediate,Afternoon,Cognitive,77.2
10.8,28.4,65.1,15.1,351.5,7.4,6.8,129.1,Intermediate,Evening,Creative,71.7
10.5,31.7,68.4,14.3,328.4,7.2,5.2,205.8,Expert,Afternoon,Analytical,85.9
15.1,38.0,51.8,19.4,303.2,6.3,7.7,159.1,Intermediate,Afternoon,Analytical,66.1
10.3,30.2,50.2,17.8,303.7,4.6,8.3,86.6,Intermediate,Morning,Creative,78.0
13.3,36.0,57.2,13.5,263.3,2.5,7.5,155.8,Beginner,Morning,Creative,82.5
18.6,27.3,38.3,15.5,214.6,-0.7,6.8,145.9,Expert,Evening,Creative,84.1
10.9,28.0,59.6,20.0,256.2,4.4,6.6,96.3,Expert,Morning,Analytical,82.8
13.0,36.3,53.4,20.5,378.5,5.5,8.8,194.6,Expert,Afternoon,Creative,77.7
,15.2,63.2,11.9,284.4,1.3,8.5,44.1,Beginner,Morning,Cognitive,88.1
16.0,30.1,57.3,19.9,293.8,4.8,5.4,142.3,Intermediate,Evening,Analytical,69.7
13.0,27.6,49.8,19.7,371.1,3.1,7.4,94.1,Beginner,Morning,Creative,80.6
18.1,38.2,73.1,16.5,187.9,5.0,7.5,23.6,Beginner,Evening,Analytical,82.7
17.4,26.8,60.8,15.7,290.7,2.8,6.7,127.0,Beginner,Morning,Cognitive,77.6
19.6,33.1,68.6,14.3,265.1,2.5,5.0,95.2,Intermediate,Evening,Cognitive,86.3
14.7,35.5,61.8,12.2,334.7,3.9,3.9,,Intermediate,Afternoon,Creative,74.3
12.9,21.0,64.6,17.0,347.8,1.6,7.3,56.4,Beginner,Morning,Analytical,80.5
12.3,29.2,46.4,15.5,348.7,5.9,4.5,240.6,Beginner,Afternoon,Creative,66.4
16.2,27.4,,17.3,395.4,4.0,6.2,-27.6,Intermediate,Morning,Analytical,86.1
13.5,35.7,68.8,17.4,733.6,1.7,8.0,-17.9,Beginner,Morning,Creative,60.9
,34.1,59.8,23.6,332.4,2.8,7.6,151.4,Beginner,Evening,Creative,67.3
13.2,28.6,62.9,19.6,441.7,5.2,,147.8,Intermediate,Afternoon,Analytical,71.7
12.3,23.7,70.0,17.6,213.6,3.4,8.3,36.6,Intermediate,Afternoon,Analytical,91.8
15.8,36.2,56.3,9.6,430.0,5.4,7.8,84.1,Beginner,Morning,Cognitive,65.0
9.3,29.6,,17.2,407.1,2.0,6.3,,Beginner,Afternoon,Cognitive,63.7
16.2,20.3,56.5,20.7,312.6,3.4,9.3,103.5,Beginner,Evening,Analytical,75.5
17.7,20.8,61.5,14.7,284.6,3.9,7.7,167.8,Expert,Afternoon,Cognitive,77.5
12.7,32.6,59.7,22.6,287.1,8.5,5.8,117.3,Intermediate,Evening,Cognitive,74.8
22.7,22.3,73.2,17.6,305.6,2.5,3.9,88.7,Intermediate,Evening,Analytical,75.6
15.1,41.2,50.4,16.9,379.8,5.3,7.3,32.5,Beginner,Morning,Analytical,72.6
8.8,24.4,51.7,13.0,196.7,4.9,6.2,116.1,Intermediate,Morning,Analytical,84.7
13.9,30.0,49.4,20.5,420.5,7.5,7.0,81.5,Beginner,Evening,Creative,61.7
15.3,31.0,,13.5,320.0,6.7,,179.7,Intermediate,Afternoon,Analytical,75.3
16.8,25.6,44.7,14.3,378.8,3.1,3.7,177.3,Expert,Morning,Analytical,74.7
14.0,16.6,67.4,10.4,258.5,1.9,6.6,105.3,Intermediate,Morning,Analytical,85.3
11.0,31.1,,18.7,356.2,1.2,5.3,117.8,Expert,Afternoon,Cognitive,83.7
10.6,25.5,52.3,17.8,339.3,4.5,6.2,97.7,Intermediate,Evening,Analytical,81.9
12.4,30.7,77.7,16.0,348.2,6.0,6.1,88.1,Beginner,Morning,Cognitive,88.9
12.8,29.3,72.3,18.2,285.4,6.3,7.1,55.8,Expert,Morning,Creative,84.7
10.5,31.6,61.2,17.9,300.9,3.5,7.4,,Beginner,Evening,Analytical,78.9
12.1,39.4,46.9,14.9,258.2,4.1,7.7,102.6,Intermediate,Evening,Analytical,78.2
17.6,26.7,80.1,13.6,358.2,6.9,3.4,209.4,Beginner,Afternoon,Cognitive,73.5
21.6,27.2,,10.9,387.1,2.5,9.1,98.8,Beginner,Evening,Creative,73.1
18.0,20.0,62.5,15.5,334.1,-1.0,,264.3,Intermediate,Afternoon,Analytical,72.5
20.2,28.8,69.1,12.1,186.0,6.3,7.0,228.4,Beginner,Evening,Creative,77.7
,32.5,40.4,16.5,387.8,1.7,5.8,76.8,Intermediate,Afternoon,Creative,61.8
18.3,27.1,53.6,15.5,326.0,3.4,7.4,,Intermediate,Morning,Analytical,81.7
13.6,32.5,59.3,14.8,187.3,4.9,,,Beginner,Afternoon,Creative,89.3
15.6,28.9,61.3,19.1,234.8,3.1,9.3,94.8,Beginner,Afternoon,Creative,85.5
13.3,22.2,47.0,13.0,404.5,6.2,6.5,234.3,Intermediate,Evening,Analytical,63.6
14.1,31.9,63.3,10.5,320.0,9.3,,132.3,Beginner,Morning,Cognitive,75.3
15.3,28.8,60.3,15.3,268.9,2.4,5.8,71.5,Intermediate,Evening,Analytical,79.1
17.9,30.7,76.7,13.8,275.5,4.3,9.5,115.4,Intermediate,Evening,Creative,80.1
16.7,26.6,70.0,16.4,365.7,4.0,4.9,150.0,Expert,Morning,Analytical,74.7
14.4,26.1,57.3,13.3,379.4,4.6,3.1,112.3,Intermediate,Evening,Cognitive,65.2
15.2,30.9,58.0,17.3,367.5,2.8,9.0,200.9,Intermediate,Afternoon,Creative,70.9
16.7,28.6,70.1,13.1,238.2,2.7,,114.6,Intermediate,Evening,Creative,83.2
17.7,40.3,62.8,13.0,367.2,2.7,6.9,24.8,Beginner,Afternoon,Cognitive,71.7
8.9,34.8,46.3,17.8,296.1,3.1,9.3,24.0,Beginner,Afternoon,Cognitive,79.5
10.7,33.3,80.9,15.9,418.1,3.1,6.4,,Intermediate,Afternoon,Creative,86.8
19.4,28.9,50.1,12.4,333.0,-1.0,7.4,48.6,Intermediate,Morning,Cognitive,85.6
14.8,17.8,84.8,13.1,380.8,4.2,8.2,22.8,Intermediate,Morning,Analytical,85.9
,25.2,,14.9,347.8,3.4,,94.4,Expert,Afternoon,Cognitive,91.5
13.9,26.1,53.6,12.6,341.6,2.6,9.0,167.8,Expert,Evening,Analytical,71.8
13.9,28.4,36.3,15.1,301.6,4.2,8.1,92.2,Expert,Afternoon,Creative,75.0
,29.8,67.8,15.2,380.4,4.0,5.7,139.8,Intermediate,Afternoon,Creative,85.3
10.6,33.9,44.5,13.2,366.5,3.2,8.1,206.2,Beginner,Morning,Creative,71.1
15.1,31.6,63.6,18.0,303.4,4.0,6.9,,Intermediate,Afternoon,Creative,81.7
16.0,37.0,79.3,12.9,298.0,2.8,7.0,64.0,Beginner,Morning,Creative,88.2
16.6,28.1,48.6,19.7,284.4,1.7,,118.5,Intermediate,Evening,Cognitive,79.1
15.9,31.5,,15.3,360.9,7.9,8.4,93.7,Intermediate,Evening,Cognitive,73.6
17.1,32.1,,14.0,331.8,3.0,5.6,150.2,Intermediate,Afternoon,Creative,76.2
12.7,31.5,71.3,17.6,334.4,4.5,9.0,131.2,Beginner,Morning,Cognitive,82.1
11.2,37.7,60.7,16.1,302.0,9.2,,103.0,Beginner,Morning,Cognitive,71.9
24.8,34.8,59.8,18.3,392.9,3.2,,124.8,Intermediate,Afternoon,Creative,74.9
13.8,22.1,72.1,10.0,245.6,4.9,,100.8,Beginner,Afternoon,Cognitive,75.7
14.3,29.3,66.3,17.6,359.1,8.7,6.7,24.1,Expert,Evening,Creative,72.4
17.7,29.9,52.0,14.4,369.1,0.7,7.9,3.6,Beginner,Morning,Creative,72.1
21.4,42.9,,16.1,636.5,6.7,,,Beginner,Evening,Creative,49.7
12.8,28.0,,15.7,247.5,4.4,8.2,181.7,Beginner,Afternoon,Creative,82.5
11.0,24.1,62.8,20.0,339.1,3.0,6.3,131.2,Intermediate,Morning,Cognitive,76.0
10.0,32.6,51.8,10.4,379.8,4.1,7.2,176.6,Intermediate,Afternoon,Cognitive,73.2
21.4,33.0,45.1,20.8,408.6,3.3,3.1,222.9,Beginner,Morning,Analytical,65.5
10.8,29.6,48.7,18.1,352.9,7.2,6.3,92.9,Beginner,Afternoon,Analytical,66.3
14.9,28.7,59.5,16.5,289.3,4.0,6.2,76.1,Intermediate,Evening,Creative,74.0
11.1,35.7,63.5,11.7,354.7,5.4,4.2,164.1,Beginner,Afternoon,Analytical,77.5
9.2,24.9,70.6,11.0,345.0,2.9,8.2,203.8,Intermediate,Evening,Cognitive,86.6
13.8,28.0,74.8,14.3,336.1,4.6,6.4,79.6,Intermediate,Afternoon,Cognitive,93.2
11.2,26.9,62.8,17.9,275.8,3.2,4.3,,Beginner,Morning,Analytical,72.6
12.2,36.6,55.6,16.0,349.9,1.2,7.9,97.3,Beginner,Afternoon,Analytical,70.4
23.0,31.7,,17.7,343.5,6.6,8.6,133.5,Expert,Afternoon,Cognitive,74.3
16.7,23.6,53.9,11.6,441.4,4.7,6.8,98.2,Intermediate,Afternoon,Analytical,77.8
18.7,24.2,44.0,16.1,324.4,5.5,4.7,135.0,Intermediate,Morning,Cognitive,78.2
18.3,41.2,69.4,19.3,404.8,2.5,4.2,57.0,Beginner,Afternoon,Cognitive,67.4
14.6,36.5,73.2,20.4,389.6,6.4,5.2,181.7,Intermediate,Morning,Analytical,84.6
,35.0,51.8,12.2,322.5,4.9,5.8,21.9,Beginner,Morning,Analytical,82.3
16.0,30.1,79.6,14.9,381.9,4.3,9.6,63.9,Intermediate,Afternoon,Creative,83.5
15.7,39.1,65.8,15.0,280.8,6.1,,197.8,Expert,Morning,Creative,92.5
12.7,23.4,64.3,14.1,310.4,3.3,5.1,255.8,Beginner,Evening,Creative,72.7
15.5,34.5,54.8,18.7,293.2,6.6,6.1,88.3,Beginner,Afternoon,Creative,70.2
12.2,27.3,70.2,24.6,312.1,2.7,8.6,212.0,Beginner,Evening,Creative,73.4
14.3,28.5,44.8,12.7,219.8,4.1,7.8,197.6,Beginner,Afternoon,Cognitive,67.1
,34.4,56.6,17.3,410.0,2.1,7.1,144.5,Beginner,Afternoon,Analytical,78.2
9.9,29.1,52.7,16.9,304.8,1.7,6.7,,Beginner,Morning,Cognitive,75.6
5.6,27.4,46.9,17.0,359.3,3.1,7.0,204.2,Intermediate,Evening,Creative,77.4
11.2,27.0,68.6,20.0,332.3,3.7,7.2,108.7,Intermediate,Afternoon,Creative,86.3
22.2,18.1,63.4,17.1,306.4,5.1,,147.9,Beginner,Evening,Analytical,66.4
13.8,34.6,68.0,9.6,256.1,2.7,7.2,-9.7,Expert,Afternoon,Cognitive,94.2
18.1,24.0,57.2,11.7,274.3,5.2,6.5,95.8,Beginner,Morning,Creative,68.1
6.5,41.2,69.9,12.8,308.2,3.4,5.7,,Expert,Afternoon,Creative,93.6
11.0,28.3,60.8,13.8,296.3,3.0,6.6,127.6,Beginner,Morning,Creative,73.6
9.6,37.9,55.3,15.6,271.3,5.3,7.5,101.2,Expert,Afternoon,Creative,86.2
14.2,19.1,53.6,15.4,285.6,2.9,5.9,89.5,Intermediate,Morning,Cognitive,80.7
24.7,34.4,40.2,10.5,343.1,7.7,,119.8,Expert,Afternoon,Cognitive,65.9
16.8,35.9,71.6,11.2,363.8,4.9,8.2,73.5,Expert,Evening,Creative,77.6
21.8,37.8,70.5,9.6,261.7,1.3,7.5,20.6,Beginner,Afternoon,Cognitive,87.8
,20.8,89.3,11.3,276.0,3.8,6.2,93.2,Expert,Evening,Creative,100.0
20.5,25.8,56.7,19.0,330.8,2.7,,,Beginner,Afternoon,Analytical,66.6
23.3,33.5,53.3,15.2,311.8,0.7,7.2,165.0,Beginner,Afternoon,Analytical,69.7
14.6,30.9,43.0,13.1,301.7,6.1,7.3,107.7,Beginner,Evening,Analytical,67.5
12.8,31.8,69.6,10.2,366.1,6.2,9.2,,Intermediate,Evening,Cognitive,76.5
9.7,27.8,67.3,13.0,329.2,2.6,5.3,76.6,Beginner,Evening,Creative,78.3
13.8,39.3,,17.8,238.8,5.4,7.3,118.9,Intermediate,Morning,Analytical,97.4
15.3,45.7,50.8,17.4,280.0,5.8,6.4,16.2,Intermediate,Afternoon,Analytical,78.3
23.1,30.6,67.2,15.2,236.9,4.0,5.1,,Intermediate,Morning,Cognitive,87.2
9.8,32.7,54.8,15.2,311.0,5.9,5.1,-43.3,Expert,Afternoon,Cognitive,84.8
15.2,30.3,73.4,10.7,253.6,4.6,8.3,,Intermediate,Afternoon,Analytical,95.9
7.7,37.7,65.4,13.7,231.9,6.3,4.9,43.6,Beginner,Evening,Creative,82.3
13.3,35.0,44.4,17.7,217.2,1.7,7.4,156.9,Beginner,Evening,Creative,68.2
,23.6,58.7,14.0,419.2,4.3,7.2,141.1,Beginner,Afternoon,Creative,67.5
17.1,26.3,40.5,20.9,251.7,4.4,,184.1,Beginner,Morning,Analytical,68.0
17.4,23.9,48.4,19.6,304.2,1.7,8.3,40.8,Beginner,Evening,Cognitive,76.4
16.6,46.2,49.0,14.6,323.0,1.9,5.2,169.3,Beginner,Morning,Creative,66.4
17.3,33.8,53.6,15.2,326.0,0.8,6.2,,Expert,Afternoon,Analytical,84.9
15.2,26.4,57.4,22.7,351.0,4.1,5.4,227.7,Intermediate,Morning,Analytical,72.7
10.8,25.9,61.6,18.5,317.4,3.1,8.1,109.3,Beginner,Afternoon,Cognitive,80.4
7.6,34.8,61.1,16.2,297.3,1.4,8.8,216.3,Intermediate,Evening,Creative,77.5
12.8,35.4,59.8,16.6,331.0,6.4,7.4,292.6,Beginner,Morning,Analytical,68.6
14.5,34.8,63.3,16.4,330.5,4.8,10.8,145.4,Intermediate,Afternoon,Creative,80.1
20.0,27.4,47.5,15.9,322.5,2.6,7.7,226.9,Intermediate,Morning,Creative,75.9
14.6,31.8,60.7,12.8,352.0,4.4,7.9,100.1,Intermediate,Evening,Creative,69.7
14.2,30.7,74.3,14.8,288.7,3.5,8.5,198.7,Intermediate,Evening,Analytical,78.5
16.5,24.4,58.3,11.7,310.0,0.9,6.0,116.2,Expert,Morning,Creative,88.0
13.9,24.4,64.9,18.2,253.7,4.5,7.6,154.0,Expert,Morning,Cognitive,92.6
18.2,32.5,64.0,15.6,307.8,7.3,5.5,150.3,Intermediate,Afternoon,Analytical,86.9
22.9,31.2,68.6,18.3,288.1,6.8,5.0,109.4,Intermediate,Morning,Analytical,72.7
23.8,33.3,62.9,12.2,372.8,4.2,8.6,31.0,Intermediate,Afternoon,Creative,76.9
,34.7,68.5,20.3,246.9,3.1,5.7,38.6,Beginner,Morning,Creative,89.6
16.3,39.0,65.1,19.9,296.2,5.1,7.3,189.6,Beginner,Morning,Creative,82.5
21.3,25.3,66.6,11.3,293.8,4.5,9.4,131.2,Beginner,Afternoon,Analytical,81.9
14.4,33.8,64.4,14.5,353.5,3.7,4.3,,Intermediate,Morning,Cognitive,77.3
17.7,34.5,49.9,14.8,256.2,7.7,8.0,89.9,Intermediate,Evening,Cognitive,78.4
,28.1,48.3,11.7,320.2,3.2,7.0,99.2,Beginner,Morning,Analytical,75.6
13.8,30.7,56.5,15.2,323.9,5.9,6.9,98.5,Expert,Morning,Cognitive,75.8
19.6,28.3,75.5,17.7,366.2,4.3,7.1,19.8,Expert,Evening,Creative,79.8
12.1,42.7,58.3,14.6,277.3,4.3,7.0,,Intermediate,Afternoon,Analytical,86.5
14.5,30.6,63.1,10.9,254.6,0.7,7.8,101.1,Intermediate,Afternoon,Cognitive,89.7
8.7,32.7,40.3,18.3,343.8,6.2,5.4,119.4,Expert,Morning,Analytical,83.6
23.0,28.4,61.9,13.6,250.3,5.7,7.8,104.9,Beginner,Afternoon,Cognitive,70.7
20.1,27.1,60.9,13.9,293.9,4.4,5.3,201.7,Intermediate,Afternoon,Analytical,78.1
15.8,22.2,33.3,21.0,308.1,6.1,10.2,85.1,Beginner,Morning,Cognitive,73.4
17.0,36.6,62.9,17.2,350.8,4.8,6.8,170.2,Intermediate,Evening,Analytical,67.5
,34.6,43.5,13.6,242.9,1.4,7.3,138.0,Beginner,Afternoon,Analytical,80.4
,28.2,52.7,12.4,305.2,2.1,9.7,121.9,Expert,Afternoon,Analytical,87.6
12.9,24.6,69.9,18.9,321.3,3.9,5.8,,Expert,Afternoon,Analytical,87.5
17.9,31.1,61.6,18.7,276.9,0.6,,99.7,Beginner,Afternoon,Analytical,77.0
19.3,27.0,55.5,14.5,302.1,6.2,4.9,88.6,Intermediate,Morning,Creative,70.4
19.9,28.7,54.7,12.2,364.5,3.6,5.5,98.3,Expert,Afternoon,Analytical,82.3
6.0,22.4,55.8,17.2,294.6,4.3,4.9,132.4,Intermediate,Morning,Analytical,81.4
12.6,31.3,61.6,17.8,301.8,2.0,8.2,9.9,Expert,Afternoon,Analytical,89.7
10.9,31.4,48.0,14.9,364.3,5.3,7.9,110.0,Intermediate,Evening,Cognitive,72.4
15.6,36.6,71.2,12.7,309.1,3.7,6.3,,Beginner,Afternoon,Analytical,62.2
6.9,29.1,48.5,16.1,386.9,3.3,6.2,118.5,Beginner,Evening,Creative,69.5
6.8,28.0,42.7,17.4,238.1,6.8,8.5,127.1,Beginner,Morning,Analytical,89.6
23.7,20.7,69.9,14.5,306.3,6.6,7.0,147.7,Intermediate,Afternoon,Cognitive,81.4
17.5,36.6,55.6,16.8,358.8,5.5,5.7,125.3,Beginner,Evening,Cognitive,64.2
15.5,35.4,60.7,17.1,284.0,4.4,8.6,22.6,Intermediate,Afternoon,Analytical,91.6
16.5,30.2,66.5,19.4,308.3,3.0,6.8,,Intermediate,Afternoon,Analytical,75.9
15.6,22.0,52.8,14.7,383.2,3.4,8.0,276.8,Intermediate,Morning,Analytical,71.7
19.0,22.7,61.4,12.6,281.3,3.3,,211.5,Expert,Afternoon,Analytical,86.4
12.5,26.7,66.5,15.8,344.1,4.8,10.1,107.2,Expert,Morning,Cognitive,78.1
15.7,35.8,76.4,21.1,357.3,3.9,6.7,66.9,Intermediate,Evening,Analytical,86.0
15.9,31.7,54.9,10.7,323.8,4.0,4.0,210.8,Expert,Morning,Cognitive,79.6
10.8,21.0,55.4,9.1,322.0,7.1,6.7,128.6,Intermediate,Evening,Cognitive,80.2
20.1,32.4,65.6,15.7,268.8,6.3,,175.8,Intermediate,Afternoon,Creative,80.8
13.2,25.0,,14.9,356.6,2.4,7.7,60.5,Expert,Morning,Cognitive,90.9
19.1,26.9,58.6,15.4,257.3,4.6,8.2,150.7,Beginner,Afternoon,Analytical,83.0
15.5,35.8,75.9,15.3,744.1,2.4,,230.2,Beginner,Evening,Analytical,55.3
21.5,34.6,43.2,19.0,294.1,5.2,9.3,203.1,Expert,Evening,Analytical,77.9
10.8,36.6,45.8,15.9,300.3,7.9,8.4,169.1,Intermediate,Morning,Analytical,75.2
10.7,29.9,,18.5,309.9,3.3,7.2,130.0,Expert,Morning,Creative,85.4
11.4,35.3,72.0,8.6,592.8,5.6,6.0,436.8,Expert,Morning,Creative,66.4
15.5,26.5,65.1,14.4,398.1,7.2,9.9,103.9,Beginner,Morning,Creative,76.2
21.2,28.5,46.3,13.6,325.6,3.7,8.1,212.0,Expert,Afternoon,Creative,72.3
21.4,28.0,58.8,9.1,284.0,5.0,6.3,153.9,Intermediate,Evening,Cognitive,75.3
5.8,30.1,59.7,16.3,248.0,7.4,9.1,164.5,Intermediate,Afternoon,Creative,83.5
16.0,22.3,37.9,15.7,378.0,2.1,7.3,298.4,Intermediate,Afternoon,Cognitive,65.8
2.1,28.6,61.9,14.6,328.8,1.9,9.3,-8.5,Expert,Afternoon,Analytical,89.5
18.2,38.7,48.2,15.6,308.4,1.5,5.7,36.6,Beginner,Afternoon,Cognitive,74.0
19.5,23.4,67.1,16.3,322.9,5.5,6.7,190.5,Intermediate,Morning,Cognitive,82.8
14.8,22.0,48.5,19.0,358.3,2.0,9.1,174.9,Intermediate,Afternoon,Creative,76.0
15.3,22.5,62.2,17.9,299.5,5.1,6.0,127.7,Intermediate,Evening,Analytical,82.6
15.3,46.0,72.9,17.0,286.7,6.7,,187.2,Intermediate,Afternoon,Analytical,75.9
11.9,32.8,69.7,22.9,254.5,2.7,2.9,,Beginner,Morning,Creative,76.4
,28.4,65.1,13.9,266.0,2.5,7.6,237.3,Beginner,Morning,Cognitive,77.7
14.1,30.4,59.2,11.9,302.8,5.3,8.7,203.2,Beginner,Morning,Creative,69.9
,31.4,45.0,19.5,373.7,4.1,5.6,221.1,Expert,Afternoon,Cognitive,74.1
14.5,26.2,55.6,21.6,609.7,-0.7,7.7,43.7,Beginner,Evening,Creative,59.9
11.6,26.9,57.7,14.1,333.0,7.1,6.2,184.0,Beginner,Morning,Creative,67.3
8.9,29.1,57.0,20.1,376.2,5.1,4.7,120.1,Expert,Evening,Analytical,83.0
7.5,25.7,44.7,14.4,339.1,3.2,6.5,263.3,Beginner,Afternoon,Analytical,73.8
20.3,27.6,64.3,17.8,418.7,3.2,6.1,135.7,Expert,Afternoon,Analytical,78.5
13.2,32.1,48.2,17.9,323.4,5.4,7.2,66.7,Intermediate,Evening,Creative,72.6
16.4,24.0,75.5,14.1,312.2,3.9,6.5,155.0,Expert,Morning,Analytical,92.5
22.1,45.7,61.5,21.5,300.9,4.1,9.0,18.4,Beginner,Evening,Analytical,82.8
12.7,34.5,69.8,21.9,419.6,4.3,6.2,183.5,Beginner,Morning,Creative,76.1
12.5,22.4,69.6,12.9,381.0,2.4,6.8,94.5,Intermediate,Afternoon,Analytical,81.9
14.5,15.1,80.8,16.6,247.0,3.3,7.4,109.3,Expert,Evening,Cognitive,92.1
15.1,25.9,61.8,18.7,425.5,3.6,6.9,134.9,Intermediate,Evening,Analytical,74.0
22.6,34.1,56.1,10.4,344.9,2.5,,101.2,Beginner,Afternoon,Cognitive,69.0
,32.9,,16.1,326.5,4.5,7.1,,Intermediate,Afternoon,Analytical,76.4
17.5,29.3,75.0,11.0,345.9,5.0,7.8,103.1,Intermediate,Afternoon,Creative,85.4
20.8,26.4,46.8,18.0,272.1,7.4,8.3,151.0,Intermediate,Evening,Creative,87.0
14.3,24.6,51.2,16.3,329.8,2.5,3.8,153.6,Intermediate,Morning,Analytical,74.8
16.2,27.6,62.4,14.9,304.6,5.8,7.8,,Expert,Evening,Cognitive,82.5
13.8,23.9,58.5,11.3,302.0,6.8,,72.7,Intermediate,Afternoon,Analytical,89.6
9.8,27.6,69.7,14.2,367.9,5.9,8.7,-16.7,Beginner,Afternoon,Creative,69.2
19.8,38.0,46.6,17.6,306.8,3.0,8.4,186.4,Intermediate,Afternoon,Analytical,76.6
17.1,25.4,59.3,15.9,325.0,3.4,8.4,57.8,Beginner,Afternoon,Creative,70.7
15.1,33.7,58.1,19.6,336.4,7.0,6.1,240.6,Intermediate,Evening,Cognitive,77.2
15.0,34.6,49.3,19.4,367.2,3.6,4.9,82.9,Intermediate,Afternoon,Cognitive,75.2
9.0,23.5,68.8,19.3,383.4,3.9,8.9,196.2,Beginner,Evening,Creative,74.4
11.1,24.9,59.1,14.4,320.7,3.0,8.8,127.8,Beginner,Morning,Cognitive,92.3
16.3,36.4,58.7,16.9,301.1,5.5,4.0,215.0,Beginner,Afternoon,Creative,66.2
12.9,24.4,51.8,13.1,415.2,-0.9,9.1,142.8,Expert,Evening,Creative,76.5
14.1,29.7,56.3,12.2,191.0,2.4,7.5,148.8,Expert,Afternoon,Creative,93.0
14.6,42.2,49.8,19.5,363.4,2.0,7.2,50.6,Beginner,Afternoon,Analytical,69.4
12.3,35.9,68.6,12.4,312.8,7.2,5.8,165.6,Expert,Afternoon,Cognitive,88.8
11.1,30.5,70.3,12.1,348.5,4.5,8.5,175.7,Intermediate,Evening,Analytical,76.9
8.6,35.0,76.8,16.3,322.0,3.6,6.3,130.5,Beginner,Evening,Analytical,77.6
14.4,29.7,64.3,15.2,384.1,3.6,6.3,186.0,Beginner,Morning,Cognitive,76.6
17.5,36.1,56.6,15.4,341.0,1.2,3.8,144.7,Intermediate,Evening,Analytical,72.1
8.4,17.7,55.3,22.9,249.0,6.7,,192.9,Intermediate,Afternoon,Creative,80.9
14.9,29.2,64.9,13.0,246.7,3.3,5.5,127.2,Intermediate,Morning,Analytical,93.0
,17.5,62.0,17.5,309.2,5.2,3.9,186.6,Beginner,Evening,Creative,69.9
11.0,31.0,58.3,16.3,350.4,2.7,9.3,135.8,Beginner,Afternoon,Cognitive,76.8
20.7,28.6,57.4,19.0,385.4,3.9,6.8,243.5,Intermediate,Evening,Analytical,72.2
13.5,38.2,71.7,13.6,286.5,2.2,4.9,99.9,Beginner,Morning,Cognitive,83.1
,34.3,55.7,15.3,209.4,3.5,,114.4,Beginner,Morning,Creative,64.9
14.4,26.8,73.5,16.3,341.6,6.1,6.1,80.2,Beginner,Afternoon,Analytical,71.3
7.9,27.6,61.8,11.7,592.1,4.2,6.1,156.3,Expert,Morning,Creative,75.7
19.0,32.3,56.3,10.6,327.2,4.7,8.2,88.9,Expert,Evening,Creative,80.5
11.2,26.6,52.1,15.9,264.9,4.1,6.6,243.6,Intermediate,Morning,Creative,88.0
,29.8,58.5,20.0,379.6,7.3,7.1,245.5,Expert,Afternoon,Cognitive,76.6
17.4,37.9,65.0,14.9,279.2,2.4,6.6,112.9,Beginner,Morning,Cognitive,69.2
20.8,25.0,56.2,15.4,335.4,3.7,8.7,205.4,Intermediate,Morning,Cognitive,77.3
10.7,27.3,68.5,19.5,333.8,4.4,9.1,110.3,Beginner,Evening,Analytical,86.3
,28.2,55.7,15.6,347.5,2.0,6.8,146.0,Intermediate,Morning,Creative,75.2
20.5,48.9,58.8,18.3,282.8,4.3,5.6,212.2,Expert,Afternoon,Cognitive,77.5
16.9,33.6,47.1,24.0,273.8,4.1,6.8,106.0,Intermediate,Evening,Creative,70.9
17.7,36.8,65.6,14.3,362.7,4.2,,60.0,Beginner,Afternoon,Cognitive,73.6
10.8,34.6,57.3,15.5,347.6,4.2,7.5,148.3,Intermediate,Evening,Creative,73.3
13.5,35.0,75.8,17.2,336.8,2.7,5.0,71.5,Beginner,Morning,Cognitive,73.4
,32.8,67.0,20.5,376.3,0.8,6.7,122.2,Expert,Morning,Cognitive,91.7
11.6,32.2,60.8,15.7,337.1,4.4,7.7,139.7,Intermediate,Evening,Cognitive,82.7
8.3,21.3,72.3,18.2,301.5,2.2,6.1,,Intermediate,Afternoon,Cognitive,87.8
13.0,32.1,64.1,17.0,345.9,3.8,6.3,161.6,Intermediate,Afternoon,Creative,72.0
,29.3,70.1,15.8,342.5,2.5,7.4,138.4,Intermediate,Afternoon,Cognitive,77.7
15.2,33.3,51.4,14.7,343.8,1.0,6.2,171.6,Beginner,Afternoon,Cognitive,74.3
20.5,29.6,64.6,14.2,275.8,4.7,8.4,213.7,Intermediate,Morning,Cognitive,77.4
15.7,34.6,65.0,25.2,271.0,5.4,8.2,171.2,Beginner,Evening,Creative,69.7
11.9,35.6,44.6,11.4,364.0,6.2,7.9,183.5,Intermediate,Afternoon,Cognitive,67.4
20.1,12.5,75.1,11.7,312.6,3.1,6.1,66.7,Expert,Afternoon,Creative,88.2
15.8,27.4,48.4,16.7,222.8,4.1,7.9,,Expert,Evening,Analytical,87.6
18.8,18.9,47.0,16.6,251.4,4.7,5.9,145.2,Intermediate,Morning,Creative,78.2
10.7,31.4,31.5,17.3,254.1,6.0,6.9,259.7,Intermediate,Morning,Analytical,74.3
19.2,28.2,64.7,13.4,373.4,0.5,3.0,-11.4,Beginner,Evening,Cognitive,69.4
19.3,38.1,,12.9,317.6,1.1,8.7,173.5,Intermediate,Evening,Cognitive,63.2
16.2,31.2,54.8,15.1,321.8,6.8,9.6,153.3,Beginner,Afternoon,Creative,77.9
11.8,27.1,68.4,18.7,302.3,0.6,7.3,164.4,Intermediate,Morning,Cognitive,89.9
14.8,35.6,61.9,12.9,267.1,5.8,4.6,38.5,Beginner,Morning,Cognitive,78.0
17.4,28.1,53.8,16.5,358.0,6.7,6.7,132.1,Beginner,Afternoon,Creative,63.3
15.9,27.0,44.1,14.5,352.6,5.6,7.1,232.7,Intermediate,Afternoon,Cognitive,66.4
17.4,32.4,58.9,11.4,284.8,2.0,,51.1,Beginner,Evening,Analytical,73.6
19.0,39.7,68.6,12.2,390.1,2.2,10.8,163.2,Intermediate,Evening,Analytical,83.2
12.4,35.1,67.0,18.7,357.2,3.9,6.6,85.1,Beginner,Evening,Cognitive,66.6
10.4,33.4,77.9,14.2,277.3,7.5,6.1,220.9,Beginner,Afternoon,Cognitive,77.2
14.8,46.5,53.5,19.7,305.6,7.5,7.2,170.5,Intermediate,Evening,Analytical,70.1
13.7,25.6,,15.9,301.6,4.6,6.8,148.6,Beginner,Afternoon,Cognitive,73.3
18.1,25.5,63.1,11.9,335.6,0.8,5.9,75.5,Beginner,Morning,Analytical,76.9
10.7,30.9,62.1,17.4,248.6,4.3,4.4,111.3,Intermediate,Morning,Creative,82.8
19.1,39.1,60.0,13.6,284.7,3.6,8.1,98.4,Beginner,Afternoon,Analytical,78.6
20.4,24.3,52.5,14.9,359.7,4.0,5.7,67.6,Expert,Evening,Cognitive,67.9
15.0,40.5,33.5,19.4,240.7,0.7,5.5,111.0,Beginner,Morning,Cognitive,70.4
,21.4,49.9,12.1,310.1,4.5,5.8,3.1,Beginner,Morning,Analytical,75.8
11.9,29.3,65.6,14.7,258.7,1.0,4.8,163.5,Intermediate,Evening,Analytical,71.9
12.8,31.0,62.8,12.7,365.7,-1.1,8.0,95.1,Beginner,Morning,Cognitive,82.6
13.4,24.7,69.7,12.4,337.2,4.4,7.8,77.7,Beginner,Evening,Cognitive,77.2
20.8,26.3,63.5,14.6,246.6,7.8,7.3,34.0,Beginner,Morning,Cognitive,78.7
14.7,34.8,67.4,13.4,267.9,2.3,8.1,145.1,Beginner,Morning,Creative,77.7
9.7,38.6,67.6,15.2,320.7,3.1,7.6,235.8,Expert,Evening,Creative,92.3
16.0,17.3,60.2,17.9,204.6,5.8,7.9,101.9,Beginner,Morning,Analytical,88.3
18.3,31.1,60.3,13.7,265.0,6.3,9.7,202.5,Intermediate,Afternoon,Analytical,74.2
14.9,29.3,30.9,11.6,278.8,4.2,8.5,154.8,Expert,Morning,Creative,73.9
20.9,30.6,53.4,17.9,384.2,2.6,7.3,110.5,Intermediate,Morning,Creative,63.2
18.1,28.1,53.9,13.7,291.2,6.7,5.6,236.8,Expert,Morning,Analytical,79.5
10.8,22.3,58.9,21.5,353.0,1.5,4.6,16.4,Beginner,Morning,Creative,71.8
12.8,39.3,50.7,14.8,296.4,3.0,4.4,128.7,Expert,Morning,Analytical,87.3
15.9,37.0,69.4,15.6,357.2,5.2,,98.8,Beginner,Evening,Cognitive,77.2
8.3,29.4,,9.1,242.4,0.9,6.2,,Intermediate,Afternoon,Analytical,79.6
16.3,27.1,71.0,12.5,283.8,4.8,7.1,50.6,Intermediate,Morning,Creative,87.0
8.0,26.3,50.4,9.2,314.5,6.3,5.6,168.3,Beginner,Afternoon,Creative,68.3
19.1,14.5,54.0,16.9,328.9,7.4,10.3,22.4,Intermediate,Evening,Creative,81.3
18.6,32.1,53.2,15.8,336.2,3.2,4.3,158.6,Intermediate,Evening,Analytical,69.2
17.0,34.7,55.0,17.9,329.6,3.1,7.2,89.8,Beginner,Afternoon,Creative,75.2
12.3,30.8,71.8,18.4,345.3,5.4,6.5,147.7,Beginner,Evening,Analytical,74.2
15.7,29.5,56.7,18.9,319.4,2.8,7.0,77.7,Intermediate,Morning,Cognitive,85.5
12.9,30.8,57.0,15.3,328.7,3.4,6.5,68.9,Intermediate,Afternoon,Cognitive,77.4
10.9,24.9,52.6,16.3,269.3,4.6,5.7,215.3,Expert,Afternoon,Creative,81.6
13.6,27.0,57.4,17.7,239.1,4.7,5.3,222.1,Intermediate,Afternoon,Analytical,78.8
17.8,29.0,62.2,13.6,264.1,0.2,10.1,51.3,Expert,Afternoon,Analytical,92.9
15.2,34.2,,13.2,235.6,1.7,6.6,129.5,Intermediate,Afternoon,Creative,86.3
20.8,38.3,58.5,20.6,331.2,0.3,7.5,166.4,Beginner,Evening,Analytical,70.8
18.1,28.6,70.2,10.6,367.0,0.7,4.6,116.0,Beginner,Evening,Creative,69.7
17.6,23.7,62.7,17.5,272.6,1.8,3.8,,Intermediate,Afternoon,Creative,73.8
8.6,30.2,48.5,17.0,370.4,3.6,6.0,163.4,Intermediate,Afternoon,Cognitive,71.3
13.9,42.1,59.1,12.6,342.6,3.7,8.3,152.8,Beginner,Morning,Creative,71.9
10.7,24.3,54.6,14.0,292.3,-0.3,7.0,93.1,Beginner,Morning,Analytical,85.1
14.3,35.3,65.2,14.9,302.5,2.1,6.2,151.6,Expert,Afternoon,Creative,86.1
12.2,38.0,61.0,16.7,375.8,1.0,7.6,104.2,Intermediate,Afternoon,Cognitive,77.6
13.5,27.8,71.3,17.1,203.8,3.6,6.2,98.7,Intermediate,Morning,Cognitive,90.3
,25.8,52.6,15.9,375.6,2.7,9.1,75.8,Intermediate,Evening,Analytical,72.6
16.9,33.4,58.1,16.6,364.8,6.5,9.1,76.0,Beginner,Afternoon,Creative,67.0
19.0,32.1,49.4,18.0,290.5,3.7,6.1,135.5,Beginner,Afternoon,Analytical,70.4
8.6,34.2,,17.8,315.4,2.8,5.8,28.2,Beginner,Morning,Analytical,81.3
15.2,42.4,44.6,20.6,401.3,3.5,6.9,26.5,Beginner,Morning,Creative,64.2
18.9,31.0,63.2,19.1,254.5,2.7,7.6,109.9,Intermediate,Evening,Cognitive,80.8
21.0,22.8,59.4,16.1,310.9,6.7,6.6,120.2,Intermediate,Afternoon,Analytical,72.1
8.8,30.4,61.6,17.9,352.4,3.3,8.6,57.0,Expert,Evening,Analytical,81.2
13.6,31.4,67.9,17.3,330.5,4.9,7.4,225.1,Expert,Evening,Cognitive,85.8
19.1,37.6,62.2,16.5,322.6,5.6,8.6,75.3,Beginner,Afternoon,Creative,69.9
14.2,28.8,47.2,13.4,410.8,2.7,5.3,80.7,Intermediate,Morning,Creative,76.3
11.4,27.5,54.4,16.5,264.6,0.4,6.1,75.7,Intermediate,Evening,Creative,77.8
8.8,21.8,59.2,9.8,266.8,3.0,7.8,177.0,Expert,Evening,Cognitive,89.4
11.2,33.3,56.7,19.2,194.3,5.3,7.1,221.8,Beginner,Afternoon,Analytical,73.6
8.2,50.1,57.9,17.1,266.1,0.6,6.7,62.0,Intermediate,Evening,Cognitive,86.8
15.2,28.7,76.2,15.5,286.7,4.5,6.2,170.4,Intermediate,Evening,Analytical,77.9
18.6,32.7,61.0,14.7,336.0,5.7,7.1,136.0,Beginner,Afternoon,Analytical,65.1
10.0,26.7,63.8,18.0,368.0,6.8,9.1,74.3,Beginner,Afternoon,Creative,71.7
,22.3,,21.5,271.8,5.4,4.0,135.8,Intermediate,Evening,Creative,68.5
18.4,32.6,67.5,17.1,312.9,4.6,6.8,40.8,Intermediate,Afternoon,Creative,75.4
15.0,30.2,88.5,21.7,389.8,4.4,,105.0,Beginner,Morning,Cognitive,82.5
8.6,15.7,73.5,18.4,310.6,1.6,5.4,59.9,Intermediate,Morning,Creative,85.9
16.5,39.7,55.6,13.6,345.9,2.1,6.8,99.8,Beginner,Morning,Cognitive,73.0
14.8,32.5,82.8,17.5,376.0,0.5,4.5,124.1,Intermediate,Morning,Creative,82.5
14.4,30.4,60.3,17.2,273.5,4.1,6.1,209.7,Beginner,Evening,Creative,65.3
12.8,27.5,63.1,13.6,263.3,4.9,6.6,123.2,Expert,Morning,Creative,99.2
15.3,32.4,57.3,14.8,401.1,4.2,7.0,60.3,Beginner,Morning,Cognitive,77.0
17.0,32.7,57.1,14.7,349.0,4.6,9.8,121.0,Beginner,Morning,Analytical,70.4
24.6,32.4,37.5,16.3,253.7,5.5,5.8,-4.4,Beginner,Afternoon,Cognitive,70.6
15.4,36.4,67.9,15.2,267.2,1.3,5.0,171.3,Beginner,Afternoon,Cognitive,84.9
21.0,37.8,57.0,16.8,310.0,4.1,8.5,71.3,Intermediate,Morning,Cognitive,74.1
,42.0,58.1,17.3,389.7,4.5,0.3,234.0,Beginner,Morning,Analytical,77.0
14.6,25.0,62.7,19.8,369.1,3.1,6.1,174.8,Expert,Morning,Cognitive,79.7
15.6,26.6,55.9,17.6,373.4,-0.3,6.5,126.5,Beginner,Afternoon,Creative,64.6
10.1,32.2,62.6,13.9,298.2,2.0,5.6,102.1,Beginner,Morning,Analytical,87.4
16.2,25.3,,22.3,319.6,3.0,6.9,94.2,Beginner,Evening,Cognitive,74.0
7.0,26.3,64.0,13.9,280.1,4.3,6.0,98.2,Beginner,Afternoon,Cognitive,72.3
,32.9,58.5,14.8,299.2,4.1,4.4,119.6,Beginner,Morning,Analytical,82.3
15.4,35.4,58.8,17.8,263.9,7.8,7.9,95.7,Intermediate,Afternoon,Cognitive,81.2
19.8,37.7,62.0,24.7,276.4,5.9,8.0,153.3,Intermediate,Morning,Analytical,81.9
,28.8,51.7,17.2,283.7,4.0,,208.2,Intermediate,Afternoon,Creative,74.6
14.1,32.8,62.1,14.1,312.7,4.2,6.2,126.2,Intermediate,Morning,Cognitive,83.1
15.6,31.5,66.8,11.1,341.0,6.5,9.8,186.3,Intermediate,Afternoon,Cognitive,77.8
18.9,30.1,60.9,10.9,403.3,6.6,7.7,40.6,Beginner,Evening,Creative,66.2
9.7,25.1,55.8,16.0,301.7,4.7,7.0,141.4,Intermediate,Evening,Cognitive,75.3
16.6,24.3,57.1,17.6,349.4,7.5,9.4,125.1,Expert,Morning,Cognitive,78.1
11.7,34.0,66.5,11.7,311.0,2.2,4.6,36.3,Intermediate,Morning,Analytical,89.2
14.3,25.0,49.0,16.7,368.1,3.9,4.0,104.7,Intermediate,Afternoon,Cognitive,71.0
13.2,19.3,51.8,12.1,257.2,10.3,7.3,171.3,Beginner,Evening,Creative,67.7
16.7,29.8,43.9,13.2,293.2,5.4,8.3,-41.4,Intermediate,Evening,Cognitive,81.9
17.2,38.7,60.3,17.9,353.1,3.7,4.4,108.0,Intermediate,Morning,Analytical,76.5
18.6,13.2,68.6,13.8,349.1,4.2,5.1,92.8,Intermediate,Morning,Creative,87.3
16.4,28.3,73.3,19.9,350.0,4.4,8.2,136.2,Expert,Afternoon,Creative,85.9
15.7,34.1,75.5,14.2,390.5,7.3,5.3,174.4,Beginner,Morning,Creative,75.3
22.4,19.1,53.1,19.3,233.3,5.6,6.6,161.9,Beginner,Morning,Creative,62.2
8.9,28.7,62.5,22.8,257.3,3.8,7.3,178.3,Intermediate,Morning,Analytical,94.7
21.8,23.2,56.0,13.8,348.1,0.6,8.4,,Expert,Afternoon,Analytical,80.7
13.8,24.0,76.5,23.4,360.7,2.5,6.5,98.2,Beginner,Evening,Analytical,90.5
17.3,27.6,73.0,16.0,352.8,4.1,7.7,-25.6,Beginner,Evening,Analytical,67.6
13.7,23.3,61.7,14.1,455.4,3.7,5.1,160.3,Beginner,Afternoon,Cognitive,73.1
12.2,22.8,53.8,15.1,570.7,6.2,7.9,,Beginner,Afternoon,Analytical,69.6
16.9,29.6,,14.8,338.5,3.5,5.6,136.9,Intermediate,Evening,Cognitive,66.5
19.2,43.4,45.7,20.2,316.5,5.7,4.9,35.0,Intermediate,Morning,Creative,75.7
16.9,34.5,,20.0,351.1,1.1,10.1,75.5,Beginner,Afternoon,Cognitive,70.7
12.8,36.1,45.5,19.9,338.8,3.0,9.7,,Beginner,Afternoon,Cognitive,68.8
29.4,34.8,78.8,12.1,294.1,5.4,7.2,,Beginner,Morning,Cognitive,79.9
19.8,25.8,47.0,16.6,339.4,8.1,9.3,19.8,Beginner,Afternoon,Analytical,70.4
18.7,31.9,49.4,11.4,324.2,3.7,6.5,38.7,Intermediate,Morning,Analytical,74.8
13.6,36.6,50.8,19.0,326.4,5.7,6.8,187.7,Expert,Afternoon,Creative,75.3
12.5,35.0,86.0,14.5,376.7,6.7,6.7,98.8,Expert,Morning,Analytical,87.1
13.9,31.2,59.4,17.5,444.0,5.9,,100.2,Beginner,Morning,Cognitive,62.6
,33.1,69.9,14.5,224.3,5.5,3.5,83.3,Expert,Morning,Analytical,96.2
11.0,44.8,61.8,10.7,384.4,3.3,6.5,28.8,Intermediate,Evening,Analytical,71.7
10.7,35.0,,18.7,675.5,7.0,9.0,182.1,Intermediate,Afternoon,Cognitive,49.2
17.2,28.1,75.3,18.9,282.9,1.4,7.4,,Intermediate,Afternoon,Creative,75.6
16.3,29.6,64.0,16.4,301.9,1.5,8.2,73.3,Beginner,Afternoon,Analytical,73.1
11.9,23.7,58.8,9.7,364.1,7.7,7.6,6.7,Beginner,Afternoon,Creative,74.5
10.6,44.1,77.6,18.3,322.5,4.7,5.7,166.5,Beginner,Morning,Cognitive,81.7
20.8,39.6,56.5,13.8,317.6,1.5,7.4,125.1,Beginner,Afternoon,Analytical,73.3
16.4,30.5,58.6,17.5,285.7,1.1,6.5,131.4,Beginner,Morning,Creative,87.2
,43.1,56.5,14.5,282.0,1.0,5.4,142.7,Intermediate,Morning,Creative,88.0
9.8,33.8,70.8,14.8,271.7,8.1,8.4,15.3,Intermediate,Afternoon,Cognitive,88.5
13.6,27.4,68.1,17.5,294.5,3.8,5.0,113.2,Intermediate,Morning,Analytical,83.9
17.9,35.4,62.8,13.5,313.6,3.0,6.0,134.5,Beginner,Morning,Creative,73.4
17.4,32.4,49.5,15.5,337.7,7.3,10.3,117.4,Expert,Afternoon,Creative,70.3
19.5,35.0,56.3,17.5,278.8,4.5,8.1,117.0,Expert,Afternoon,Creative,78.0
9.0,21.8,49.5,22.5,357.8,3.3,7.4,189.4,Intermediate,Afternoon,Creative,76.3
15.9,25.1,71.6,15.8,274.6,6.1,3.7,146.4,Expert,Afternoon,Creative,84.3
20.7,38.9,44.3,18.5,358.4,5.2,6.8,157.7,Intermediate,Afternoon,Creative,63.9
20.3,40.2,75.9,12.5,276.7,5.2,5.3,110.6,Expert,Afternoon,Creative,93.2
16.4,38.5,72.9,21.1,420.9,3.5,6.9,-33.6,Beginner,Morning,Creative,67.4
24.4,43.3,,13.6,352.4,2.2,6.7,100.5,Beginner,Morning,Creative,66.5
17.4,33.5,55.8,15.6,362.1,2.0,5.7,118.5,Beginner,Afternoon,Creative,67.4
19.2,33.0,52.9,17.5,311.4,4.2,8.8,108.4,Beginner,Morning,Analytical,82.5
15.2,24.5,64.3,13.7,350.4,4.0,8.4,115.5,Beginner,Evening,Cognitive,82.6
11.9,26.5,74.1,19.2,257.4,5.0,5.3,,Intermediate,Evening,Cognitive,79.5
11.5,18.1,71.9,14.0,271.2,3.2,9.4,177.0,Intermediate,Morning,Cognitive,94.0
15.7,28.1,55.7,18.5,304.6,6.6,5.3,68.6,Intermediate,Morning,Creative,83.8
14.2,17.6,72.5,19.2,395.9,1.3,9.5,107.7,Beginner,Morning,Cognitive,80.2
7.9,36.5,71.7,17.7,370.3,4.8,6.7,212.2,Expert,Morning,Creative,77.4
10.9,32.3,58.1,18.1,208.2,2.2,6.4,22.7,Intermediate,Morning,Analytical,86.1
13.7,17.8,,23.6,270.7,3.5,9.2,103.4,Beginner,Afternoon,Cognitive,81.9
17.9,28.9,75.4,17.2,315.7,2.2,6.8,-10.9,Intermediate,Evening,Analytical,87.2
14.9,41.8,70.6,16.3,382.8,3.3,8.6,104.5,Beginner,Afternoon,Analytical,71.4
,29.2,72.2,17.0,332.2,1.9,5.0,126.1,Beginner,Morning,Creative,73.7
11.1,24.0,85.9,19.8,193.1,2.0,7.0,11.0,Expert,Afternoon,Cognitive,96.3
15.1,19.3,,23.0,261.4,5.9,7.7,132.6,Beginner,Afternoon,Analytical,83.6
20.3,19.5,63.3,15.5,356.0,1.2,8.8,79.3,Intermediate,Evening,Cognitive,74.8
15.6,33.2,73.6,13.3,330.2,5.3,8.1,184.8,Expert,Evening,Analytical,71.0
9.0,27.4,,19.5,326.7,5.7,7.1,148.5,Intermediate,Evening,Analytical,96.4
10.0,27.9,53.9,11.9,375.6,5.5,7.7,87.5,Beginner,Afternoon,Creative,76.0
17.4,27.4,58.0,16.8,302.7,3.9,5.9,107.5,Beginner,Afternoon,Cognitive,66.7
14.1,29.2,49.8,16.9,354.9,1.8,7.9,213.0,Beginner,Morning,Creative,62.2
14.7,22.6,63.4,15.7,402.1,0.9,7.7,113.1,Intermediate,Afternoon,Creative,70.8
12.5,31.9,68.9,15.9,331.2,1.6,5.8,39.3,Intermediate,Morning,Creative,76.4
17.0,21.5,50.5,11.0,275.3,1.7,7.2,51.5,Beginner,Afternoon,Creative,76.6
13.8,25.5,,13.4,298.7,4.6,8.2,108.7,Expert,Afternoon,Creative,79.5
14.3,36.1,55.5,18.8,274.8,1.2,10.7,187.5,Intermediate,Morning,Analytical,94.3
11.6,32.3,54.7,9.9,207.9,3.6,8.8,90.6,Beginner,Morning,Cognitive,88.3
18.7,34.1,71.3,15.7,280.5,4.1,7.3,54.3,Intermediate,Morning,Cognitive,93.7
14.1,42.9,,15.1,351.8,3.4,7.4,120.5,Intermediate,Morning,Creative,80.6
17.4,29.6,46.0,10.0,320.5,3.5,6.8,,Beginner,Morning,Cognitive,71.9
10.2,30.1,67.4,21.1,387.9,6.6,7.2,151.0,Beginner,Morning,Analytical,77.3
21.9,28.4,58.7,12.9,327.2,5.0,8.2,17.9,Expert,Morning,Creative,89.8
20.1,27.3,72.0,17.6,614.0,5.4,8.1,263.0,Intermediate,Morning,Analytical,59.6
7.4,23.9,68.3,14.6,232.0,3.3,6.9,135.6,Intermediate,Evening,Analytical,86.1
11.8,30.5,42.5,13.5,298.1,5.6,5.4,93.6,Intermediate,Morning,Creative,72.4
16.9,32.1,73.2,15.3,306.6,4.6,6.7,188.2,Beginner,Morning,Analytical,80.7
9.7,32.5,79.0,14.9,278.7,4.4,,147.1,Beginner,Afternoon,Creative,77.0
14.5,30.4,70.3,15.4,396.3,3.2,5.2,68.6,Intermediate,Evening,Analytical,78.9
16.7,35.6,70.7,13.6,223.5,4.5,7.9,148.1,Beginner,Afternoon,Cognitive,85.2
14.3,30.2,57.5,13.0,314.3,8.2,7.5,6.8,Beginner,Morning,Cognitive,79.5
17.2,27.5,55.2,19.0,376.6,5.2,5.6,91.3,Expert,Afternoon,Cognitive,81.8
,24.4,62.1,16.0,358.2,7.4,6.5,95.4,Expert,Afternoon,Creative,80.0
6.0,20.7,69.2,15.8,301.0,0.2,7.5,159.7,Intermediate,Afternoon,Analytical,81.6
18.9,38.8,68.9,13.3,275.0,4.1,7.4,302.4,Expert,Afternoon,Analytical,89.7
18.9,25.8,55.6,20.7,374.6,5.6,7.7,,Beginner,Evening,Cognitive,74.4
25.0,24.4,54.6,15.7,293.9,4.8,5.9,207.9,Expert,Evening,Cognitive,67.2
6.2,27.5,45.1,10.3,278.5,5.0,7.5,201.5,Beginner,Afternoon,Creative,74.5
18.0,28.3,66.5,16.8,370.0,3.2,6.9,40.2,Expert,Afternoon,Creative,65.1
7.1,39.8,56.1,13.7,335.4,6.4,,200.3,Expert,Afternoon,Analytical,85.2
22.0,28.0,57.0,18.7,302.4,0.8,,,Intermediate,Evening,Creative,77.0
17.0,45.8,77.3,19.1,336.3,3.7,11.5,120.6,Expert,Morning,Creative,85.3
11.2,30.4,66.0,18.8,342.3,4.2,9.0,257.8,Intermediate,Evening,Creative,83.3
18.1,42.3,63.2,14.6,317.3,2.9,7.2,151.0,Beginner,Morning,Cognitive,76.5
12.8,35.4,,15.7,327.7,4.1,6.9,81.4,Intermediate,Afternoon,Cognitive,89.1
16.2,32.2,74.2,16.7,211.9,0.1,5.6,146.7,Intermediate,Evening,Analytical,100.0
15.8,39.5,43.8,18.7,314.7,1.4,5.6,28.2,Beginner,Morning,Creative,69.3
22.0,36.7,,12.9,288.0,6.5,7.4,183.7,Intermediate,Afternoon,Cognitive,70.4
22.3,33.8,57.7,16.3,280.0,4.5,7.5,81.4,Expert,Morning,Creative,91.2
12.6,43.9,50.2,21.6,285.8,3.2,11.0,-27.5,Beginner,Afternoon,Analytical,80.4
19.2,27.0,57.3,14.4,295.2,6.0,5.9,98.4,Intermediate,Morning,Creative,68.8
16.4,24.0,44.5,15.9,305.1,6.8,5.8,89.2,Expert,Afternoon,Analytical,75.1
9.3,25.9,69.2,23.8,328.3,7.6,7.4,149.9,Expert,Afternoon,Analytical,92.9
12.2,40.5,54.8,15.3,283.3,0.2,6.2,50.8,Expert,Evening,Cognitive,89.5
24.3,38.7,62.0,11.4,345.9,6.8,7.6,140.9,Intermediate,Evening,Creative,72.4
16.4,26.8,60.5,15.8,356.8,1.7,6.3,79.2,Expert,Morning,Cognitive,87.6
19.0,15.9,65.6,21.0,356.3,4.6,6.6,115.8,Intermediate,Afternoon,Creative,69.9
14.2,28.8,35.4,19.2,366.8,5.2,7.6,184.0,Beginner,Morning,Creative,61.2
12.8,23.9,64.5,13.1,291.6,7.2,6.1,185.9,Intermediate,Morning,Analytical,85.2
15.1,27.0,57.2,17.2,306.5,4.9,6.5,196.5,Intermediate,Morning,Analytical,83.6
13.9,23.7,64.1,15.5,332.3,4.6,7.8,74.3,Beginner,Evening,Creative,76.9
9.0,20.3,48.2,18.4,298.8,2.3,7.1,137.8,Intermediate,Evening,Cognitive,77.5
11.0,41.3,64.1,14.2,262.1,0.6,6.0,140.4,Intermediate,Morning,Analytical,84.7
17.8,25.9,73.0,17.5,294.9,2.3,6.3,195.1,Beginner,Morning,Analytical,76.7
,38.5,61.9,21.7,401.7,6.8,8.6,100.3,Intermediate,Morning,Creative,82.8
15.1,28.7,52.8,8.2,282.8,4.1,7.5,30.7,Intermediate,Afternoon,Creative,87.3
15.9,23.2,53.3,17.8,280.3,7.3,6.5,170.9,Intermediate,Afternoon,Analytical,69.5
16.3,33.1,65.8,20.0,292.7,2.6,8.3,200.5,Beginner,Morning,Cognitive,87.6
19.6,27.7,65.7,11.3,347.8,5.6,7.7,139.0,Beginner,Evening,Analytical,69.2
10.6,28.8,63.6,13.8,337.4,4.3,9.0,54.4,Beginner,Morning,Creative,84.6
17.3,30.9,59.6,14.8,355.3,6.6,8.3,,Expert,Evening,Analytical,74.3
18.0,25.1,62.0,13.8,446.6,3.6,8.7,127.2,Beginner,Afternoon,Creative,67.8
18.9,20.3,59.4,13.6,361.1,3.7,6.5,80.4,Intermediate,Afternoon,Analytical,78.5
9.3,29.7,56.2,14.9,365.0,6.4,5.7,185.8,Beginner,Evening,Creative,63.3
16.0,35.8,67.6,18.6,463.0,-0.2,8.2,219.9,Beginner,Evening,Creative,73.4
21.9,24.6,63.1,20.5,344.5,3.7,8.2,23.6,Expert,Morning,Cognitive,85.9
14.6,30.9,72.9,19.9,300.4,0.7,6.8,152.3,Intermediate,Morning,Creative,89.5
16.9,39.0,71.2,19.0,304.9,3.9,5.4,,Beginner,Evening,Analytical,70.4
,29.5,62.8,21.5,372.8,3.2,7.5,113.8,Intermediate,Morning,Creative,83.8
10.9,30.5,,22.1,257.4,5.2,7.6,128.9,Beginner,Morning,Analytical,83.6
22.3,30.3,50.4,16.5,222.7,4.9,5.0,112.2,Intermediate,Afternoon,Cognitive,77.6
17.0,25.9,59.2,20.3,278.9,3.4,7.6,,Intermediate,Evening,Analytical,72.0
17.1,24.0,63.4,17.3,361.0,2.1,8.7,53.8,Beginner,Evening,Cognitive,69.1
8.4,24.1,44.2,15.4,349.6,4.2,5.0,104.5,Beginner,Evening,Cognitive,65.4
18.2,32.2,64.3,15.9,312.0,6.6,7.8,248.9,Beginner,Afternoon,Creative,66.2
17.0,34.5,50.4,19.0,373.5,2.0,9.0,82.8,Expert,Morning,Cognitive,79.5
21.5,34.8,51.5,20.4,350.4,1.0,9.1,27.5,Expert,Afternoon,Analytical,91.1
13.8,27.7,54.7,17.7,337.2,0.3,4.2,119.4,Beginner,Evening,Cognitive,64.4
11.0,36.6,59.7,14.8,319.1,0.9,,184.8,Intermediate,Morning,Cognitive,85.1
12.3,31.8,46.7,14.5,364.8,4.0,6.5,117.7,Beginner,Morning,Creative,70.4
13.0,30.4,68.6,10.4,357.8,1.2,6.4,90.9,Beginner,Morning,Analytical,80.4
,10.0,61.8,17.1,306.3,3.3,10.8,150.0,Intermediate,Afternoon,Cognitive,86.8
20.2,25.1,79.2,16.9,360.7,4.9,7.3,269.4,Expert,Evening,Creative,81.6
20.3,20.9,63.0,12.9,287.3,-0.3,6.4,104.6,Expert,Afternoon,Creative,75.6
14.2,33.8,65.7,17.4,331.7,6.0,8.2,,Intermediate,Evening,Analytical,76.3
13.4,30.6,51.5,17.4,340.0,6.9,9.5,144.8,Beginner,Morning,Creative,74.0
,23.6,48.2,11.5,303.2,7.7,7.3,68.1,Intermediate,Evening,Cognitive,76.7
17.8,31.8,66.2,15.0,326.7,6.9,6.2,219.8,Beginner,Evening,Creative,70.8
21.6,21.5,49.1,20.2,350.4,8.8,7.1,99.1,Intermediate,Morning,Analytical,75.9
12.5,23.7,,14.1,265.9,4.5,8.6,26.5,Beginner,Evening,Analytical,79.6
14.5,25.7,77.1,16.1,329.2,5.6,6.5,137.6,Intermediate,Morning,Creative,90.7
16.7,33.2,69.5,16.5,430.7,3.5,8.6,92.1,Beginner,Evening,Cognitive,68.5
21.9,38.4,65.7,15.9,278.7,5.3,6.8,228.9,Beginner,Evening,Creative,79.8
15.8,26.5,62.7,18.1,371.5,4.3,4.2,144.3,Expert,Evening,Analytical,70.4
15.8,37.9,56.2,18.8,315.2,0.7,9.3,87.9,Beginner,Afternoon,Creative,76.8
15.7,30.3,58.9,19.8,379.1,1.0,7.5,172.1,Intermediate,Morning,Creative,88.6
9.3,31.4,54.3,15.1,283.8,7.6,8.6,120.2,Beginner,Afternoon,Cognitive,80.1
9.2,29.6,46.8,17.6,320.3,4.3,7.5,139.5,Beginner,Afternoon,Creative,87.8
11.8,28.8,60.4,18.5,430.5,6.8,7.1,-23.0,Beginner,Evening,Cognitive,74.0
19.1,32.6,71.1,15.6,311.3,2.9,8.1,50.9,Beginner,Evening,Creative,74.1
13.7,34.4,47.1,13.8,351.7,2.2,6.8,,Expert,Evening,Creative,77.3
12.9,24.7,74.0,16.4,349.7,3.8,9.7,43.1,Beginner,Morning,Cognitive,90.8
12.8,28.9,72.2,14.2,218.6,5.6,7.0,84.3,Expert,Evening,Cognitive,87.6
14.4,40.0,64.0,13.9,342.3,6.8,9.7,,Intermediate,Evening,Analytical,74.1
21.8,31.1,64.1,16.7,258.1,4.4,7.9,151.0,Intermediate,Evening,Cognitive,76.4
14.4,31.7,58.1,15.4,351.6,5.3,3.4,190.0,Intermediate,Morning,Creative,75.6
11.9,37.0,60.4,16.5,325.9,3.7,5.5,120.8,Intermediate,Morning,Analytical,74.8
15.1,27.0,55.4,11.3,264.2,6.9,8.3,79.1,Intermediate,Morning,Cognitive,81.5
22.0,29.8,60.3,15.5,260.5,6.9,5.6,204.7,Beginner,Afternoon,Cognitive,65.4
13.0,34.9,,9.2,316.4,2.4,5.0,122.8,Beginner,Afternoon,Analytical,71.8
10.3,37.4,78.8,12.9,444.1,4.8,8.9,55.8,Expert,Evening,Creative,81.1
13.0,15.8,,15.7,401.2,2.0,4.6,218.0,Expert,Afternoon,Creative,70.6
15.5,25.6,57.9,19.6,338.0,5.6,8.2,124.1,Expert,Morning,Analytical,92.8
17.8,24.0,,17.6,345.8,3.2,6.5,178.8,Intermediate,Afternoon,Creative,84.4
19.0,29.3,52.9,16.3,350.1,2.4,8.1,137.7,Intermediate,Evening,Cognitive,78.5
10.8,24.5,54.5,14.9,488.7,-0.1,7.4,313.0,Intermediate,Evening,Creative,59.1
,34.0,69.1,15.2,285.4,6.2,3.9,158.7,Intermediate,Evening,Cognitive,88.2
13.7,31.0,,19.9,362.6,4.4,6.5,101.8,Beginner,Afternoon,Creative,62.4
17.7,35.3,53.8,12.7,289.9,4.5,6.6,98.2,Intermediate,Afternoon,Cognitive,80.3
,35.7,54.1,13.8,392.0,5.7,,162.8,Beginner,Evening,Analytical,73.3
12.6,34.1,52.7,19.2,252.3,2.5,7.5,126.9,Beginner,Afternoon,Cognitive,79.3
12.6,28.0,71.3,15.0,274.9,2.2,6.6,119.6,Expert,Morning,Creative,89.3
18.8,30.6,61.4,21.8,390.8,5.1,5.3,94.0,Beginner,Morning,Cognitive,68.1
17.1,27.2,57.2,18.1,305.7,6.3,7.7,103.9,Beginner,Morning,Creative,70.6
18.6,21.8,60.3,19.5,313.9,5.1,8.3,29.5,Beginner,Afternoon,Creative,68.0
20.4,35.7,62.2,11.1,352.3,7.2,7.5,150.6,Expert,Morning,Cognitive,74.6
,29.5,52.5,19.2,377.9,5.1,,81.6,Intermediate,Morning,Creative,79.0
10.3,21.0,46.1,13.5,350.5,5.0,6.4,126.6,Intermediate,Morning,Analytical,73.6
10.3,33.2,73.4,18.1,334.4,5.6,5.6,116.2,Expert,Afternoon,Creative,92.2
7.6,28.7,69.9,14.9,360.0,3.5,7.4,131.9,Expert,Afternoon,Analytical,80.0
13.2,17.6,63.8,16.7,340.5,1.5,7.3,122.0,Beginner,Afternoon,Analytical,84.7
13.5,21.8,69.2,12.7,374.3,4.0,8.3,147.3,Intermediate,Morning,Creative,84.7
18.2,25.8,79.1,10.8,462.8,5.4,6.1,67.3,Intermediate,Morning,Analytical,83.3
15.1,31.3,54.6,16.5,345.3,2.3,7.2,115.7,Intermediate,Afternoon,Analytical,77.1
13.0,34.7,48.8,15.1,277.0,1.2,5.0,121.7,Beginner,Morning,Cognitive,80.9
14.5,34.5,66.6,13.3,371.9,2.5,6.5,68.4,Expert,Morning,Analytical,91.8
10.8,33.6,45.3,11.0,312.7,6.7,6.2,61.1,Intermediate,Morning,Analytical,79.9
19.1,29.8,60.4,8.0,336.9,5.0,8.6,85.9,Beginner,Evening,Analytical,70.0
11.9,40.3,57.0,17.6,338.3,3.7,9.6,130.5,Intermediate,Afternoon,Analytical,77.3
10.4,34.2,66.7,15.2,290.9,2.1,5.2,,Beginner,Morning,Analytical,80.1
18.3,31.3,55.2,14.2,301.5,4.6,8.4,176.5,Beginner,Morning,Creative,70.6
,33.4,,16.6,204.6,4.4,8.0,83.3,Intermediate,Evening,Analytical,92.2
8.1,27.6,52.5,19.0,314.9,4.9,6.2,119.5,Beginner,Afternoon,Creative,67.0
18.4,29.7,67.1,16.8,534.7,9.0,5.9,251.0,Intermediate,Afternoon,Creative,66.1
12.0,17.5,53.3,14.7,320.7,5.0,5.9,31.5,Intermediate,Afternoon,Creative,76.8
13.5,27.7,65.5,22.4,297.0,2.6,6.4,201.9,Beginner,Evening,Cognitive,67.4
,40.6,49.9,14.1,338.9,1.2,6.5,67.1,Expert,Evening,Cognitive,81.1
17.3,30.9,59.8,11.8,272.9,2.9,6.8,,Beginner,Afternoon,Creative,71.0
16.8,30.6,73.2,16.3,267.1,3.1,6.2,151.2,Beginner,Afternoon,Cognitive,75.2
14.8,36.0,,15.2,346.3,5.7,8.2,11.7,Beginner,Morning,Analytical,80.6
13.3,32.1,71.8,18.8,349.0,2.8,7.8,110.9,Beginner,Evening,Creative,70.4
16.6,25.3,59.7,14.4,345.6,2.0,6.7,73.0,Beginner,Afternoon,Creative,75.5
14.5,30.1,54.9,15.5,305.0,5.1,6.2,218.5,Intermediate,Morning,Creative,73.3
22.2,23.2,61.7,13.4,374.7,2.8,6.2,132.6,Expert,Evening,Cognitive,72.1
17.3,31.1,66.2,18.4,263.8,5.2,7.7,3.7,Beginner,Evening,Cognitive,72.2
11.3,25.0,40.9,16.4,305.1,2.3,7.1,195.7,Intermediate,Evening,Cognitive,74.8
13.1,35.6,,15.2,357.4,3.1,7.3,153.0,Intermediate,Evening,Analytical,69.0
15.2,26.9,50.6,15.6,363.0,2.8,8.3,144.9,Expert,Evening,Cognitive,79.9
20.2,25.1,48.1,15.9,281.4,4.8,6.9,121.4,Intermediate,Morning,Creative,79.8
20.6,29.3,65.4,11.7,427.1,3.7,9.1,34.8,Beginner,Evening,Cognitive,64.0
13.4,32.2,73.4,19.5,313.5,1.6,4.0,214.9,Beginner,Evening,Cognitive,65.5
11.3,22.8,62.2,19.3,324.4,1.4,5.0,105.6,Intermediate,Morning,Cognitive,76.5
10.8,26.9,46.4,16.1,368.9,3.4,9.7,206.4,Expert,Morning,Cognitive,83.3
16.0,30.6,53.3,15.8,397.6,1.2,6.4,120.9,Beginner,Evening,Creative,65.6
24.2,38.0,55.8,13.0,323.1,3.2,7.4,108.6,Beginner,Morning,Cognitive,71.3
17.2,14.8,62.0,21.2,378.7,4.5,8.9,16.3,Expert,Evening,Creative,87.0
8.6,33.7,59.3,20.5,297.2,1.6,7.5,77.5,Expert,Morning,Cognitive,86.7
12.1,27.7,65.0,17.2,403.4,5.7,8.4,199.3,Expert,Morning,Analytical,85.4
,27.0,,18.5,321.9,6.8,7.9,163.3,Intermediate,Afternoon,Analytical,79.7
11.7,25.9,63.4,19.7,335.7,6.2,8.5,151.5,Beginner,Morning,Creative,75.0
13.4,27.8,69.0,19.1,302.7,5.3,7.7,155.5,Intermediate,Afternoon,Creative,80.9
16.5,33.7,57.3,13.4,330.8,4.8,8.1,120.2,Intermediate,Afternoon,Analytical,69.2
17.7,26.8,93.0,15.1,283.5,4.5,6.1,91.8,Beginner,Morning,Analytical,75.5
19.4,40.0,65.5,17.4,316.9,4.7,7.8,72.1,Intermediate,Morning,Cognitive,85.6
,33.7,66.8,16.6,320.9,2.8,6.9,92.5,Intermediate,Afternoon,Analytical,82.8
7.2,31.2,77.6,18.3,267.2,3.9,6.9,128.5,Beginner,Morning,Creative,84.7
10.8,29.0,60.9,17.9,291.4,4.3,4.5,73.7,Intermediate,Evening,Creative,75.8
14.4,37.1,53.5,16.7,215.0,5.3,6.4,121.0,Intermediate,Afternoon,Analytical,72.4
15.6,38.0,73.1,8.2,258.0,0.8,6.8,124.7,Expert,Morning,Creative,93.7
18.4,23.0,73.7,19.5,319.3,4.4,9.3,109.1,Beginner,Afternoon,Cognitive,74.8
15.2,25.8,,18.5,368.0,6.1,,21.4,Beginner,Morning,Cognitive,70.9
15.2,33.8,77.6,22.2,302.2,2.8,7.4,56.9,Intermediate,Morning,Analytical,84.7
16.0,35.6,59.2,14.6,671.9,3.8,9.1,,Beginner,Morning,Creative,56.4
14.0,28.2,69.3,10.5,378.1,0.3,5.1,-8.2,Intermediate,Evening,Analytical,77.8
,25.5,,15.5,361.7,4.1,6.4,181.5,Intermediate,Evening,Creative,68.8
19.5,30.5,61.0,17.4,360.9,1.0,8.3,198.0,Beginner,Evening,Creative,75.8
14.7,38.9,64.6,14.7,326.0,2.9,10.7,171.1,Intermediate,Morning,Creative,84.2
14.9,30.2,70.3,20.1,295.5,3.9,4.0,136.9,Intermediate,Morning,Cognitive,88.9
14.9,22.4,56.3,14.0,339.8,2.8,6.8,46.0,Beginner,Afternoon,Creative,67.7
,30.7,51.9,15.7,384.1,3.7,7.9,138.4,Expert,Afternoon,Cognitive,83.7
10.6,34.7,73.3,15.3,410.4,4.7,8.3,204.3,Expert,Evening,Creative,76.3
22.1,29.4,63.1,24.3,440.3,3.9,10.4,52.0,Intermediate,Morning,Analytical,70.3
10.3,37.5,54.9,13.3,396.5,4.3,6.0,273.3,Intermediate,Morning,Cognitive,79.0
12.4,35.2,60.9,17.8,322.2,0.3,6.6,,Intermediate,Afternoon,Cognitive,84.4
18.0,29.6,65.1,12.4,259.9,3.7,4.6,56.4,Expert,Evening,Cognitive,80.0
19.1,30.3,44.3,17.0,350.1,-0.4,7.2,,Intermediate,Evening,Analytical,73.7
9.4,18.9,67.2,13.1,374.8,3.2,7.8,89.7,Intermediate,Afternoon,Cognitive,79.8
10.6,37.3,64.1,19.3,192.3,7.7,10.1,116.8,Expert,Evening,Analytical,98.3
16.1,28.0,76.6,18.7,246.0,5.9,9.6,97.4,Beginner,Afternoon,Creative,82.1
24.4,27.6,57.8,16.8,297.2,1.1,9.3,-48.1,Expert,Evening,Creative,78.1
20.0,26.7,73.8,11.8,281.6,2.9,6.0,41.9,Beginner,Evening,Analytical,83.2
14.0,32.7,59.6,15.8,239.5,3.6,7.6,119.6,Beginner,Evening,Cognitive,77.6
5.3,23.2,61.4,15.1,339.0,5.0,7.6,131.4,Beginner,Morning,Cognitive,85.6
,24.1,62.8,18.5,382.1,5.7,7.7,174.1,Expert,Morning,Analytical,89.2
16.4,29.7,80.9,13.3,310.6,7.3,6.9,80.1,Expert,Afternoon,Creative,82.7
13.5,26.2,47.6,19.5,237.0,2.1,8.7,129.0,Intermediate,Afternoon,Analytical,88.0
11.6,32.0,65.0,18.9,330.3,4.4,6.5,120.6,Intermediate,Evening,Cognitive,78.5
15.6,26.5,60.4,11.9,264.5,0.5,7.5,69.8,Intermediate,Morning,Cognitive,86.5
11.2,39.6,59.7,15.3,269.6,4.8,,,Expert,Morning,Cognitive,84.0
22.5,34.2,65.8,15.8,368.0,5.0,10.2,148.9,Intermediate,Evening,Cognitive,72.0
21.1,34.1,71.1,19.0,380.0,4.0,5.8,259.1,Beginner,Morning,Creative,69.4
,26.4,65.3,13.9,305.5,5.3,7.8,184.0,Beginner,Morning,Creative,77.9
15.4,44.4,72.4,16.6,356.6,2.3,7.7,27.3,Intermediate,Afternoon,Creative,80.0
12.4,27.4,57.5,19.3,266.3,1.4,8.8,,Intermediate,Afternoon,Cognitive,86.0
14.9,25.7,59.5,16.8,346.5,2.1,9.5,34.1,Beginner,Morning,Cognitive,87.1
21.6,34.2,50.0,10.4,300.8,4.7,6.5,208.5,Beginner,Evening,Cognitive,56.8
18.5,31.2,79.8,14.5,253.7,6.6,6.9,102.3,Expert,Afternoon,Analytical,92.5
15.8,25.1,58.1,18.7,274.6,2.3,7.1,139.0,Beginner,Evening,Cognitive,69.5
18.7,43.2,57.0,18.3,340.5,2.6,7.7,198.9,Intermediate,Afternoon,Creative,73.9
17.2,35.9,66.1,9.3,246.0,4.2,8.2,148.2,Expert,Morning,Creative,87.7
16.6,30.0,71.1,16.6,305.9,10.9,6.4,,Intermediate,Morning,Creative,83.4
18.9,44.4,53.1,18.8,373.4,3.1,9.8,,Beginner,Morning,Analytical,68.2
17.1,34.9,71.9,17.6,295.4,5.9,4.3,64.1,Intermediate,Afternoon,Creative,83.1
18.4,29.9,57.0,18.0,242.9,3.6,5.2,121.7,Expert,Morning,Analytical,94.6
15.6,43.7,74.3,22.2,306.2,2.9,7.9,159.6,Intermediate,Afternoon,Analytical,86.2
14.0,34.0,54.6,15.9,353.9,1.3,6.8,113.9,Expert,Afternoon,Analytical,90.7
12.8,33.7,,16.9,255.1,3.4,6.2,218.5,Beginner,Morning,Cognitive,85.5
12.3,27.7,60.4,13.2,379.4,5.7,8.4,,Intermediate,Morning,Cognitive,77.3
,30.3,,14.1,358.2,2.3,8.2,101.8,Intermediate,Evening,Creative,72.2
11.4,27.5,45.8,15.0,337.5,4.2,8.9,110.7,Expert,Evening,Creative,85.4
11.2,38.6,52.6,18.5,348.9,2.3,5.4,87.0,Beginner,Morning,Analytical,71.6
13.0,20.3,69.9,13.8,326.4,3.2,8.2,148.5,Expert,Morning,Cognitive,78.4
,38.2,40.6,19.7,336.7,1.0,8.2,96.5,Intermediate,Evening,Creative,70.1
14.4,24.7,63.3,12.7,323.6,8.6,5.5,132.0,Beginner,Morning,Creative,71.4
16.0,29.7,62.5,17.9,364.1,4.6,7.1,211.9,Beginner,Evening,Cognitive,61.3
16.1,28.2,43.2,17.7,384.6,3.3,8.5,147.3,Expert,Morning,Analytical,73.7
21.4,26.9,52.0,16.8,279.0,6.6,9.0,116.9,Beginner,Evening,Creative,73.8
12.7,34.1,52.0,19.0,284.9,3.8,6.8,106.8,Beginner,Morning,Creative,80.3
14.1,30.0,60.5,13.8,300.4,4.9,5.4,199.2,Beginner,Evening,Cognitive,70.7
14.6,26.0,74.7,14.6,289.6,7.1,9.3,143.5,Expert,Morning,Cognitive,100.0
19.5,30.9,70.7,13.1,376.7,6.9,7.1,165.5,Intermediate,Afternoon,Analytical,72.0
20.4,25.8,56.4,16.0,245.0,1.7,4.2,85.2,Intermediate,Morning,Analytical,79.6
16.9,26.8,51.7,15.6,347.1,4.0,6.6,40.2,Beginner,Morning,Creative,65.6
19.9,21.0,44.4,18.6,389.3,6.6,8.7,197.0,Intermediate,Evening,Analytical,68.6
15.7,27.3,56.2,17.2,291.1,1.8,5.2,183.9,Intermediate,Afternoon,Creative,82.7
14.3,33.0,51.0,18.1,393.6,3.5,7.2,56.5,Expert,Evening,Creative,66.0
,30.2,59.6,15.4,377.9,3.4,6.5,170.2,Expert,Afternoon,Cognitive,82.1
,40.9,60.0,17.2,302.5,5.0,6.9,202.1,Beginner,Evening,Creative,69.5
12.1,45.7,55.2,21.4,360.9,5.6,,96.7,Intermediate,Afternoon,Cognitive,76.5
19.0,27.2,55.5,12.0,278.7,6.3,7.8,117.3,Beginner,Evening,Creative,63.4
14.2,25.0,53.1,10.5,264.9,4.2,6.7,234.8,Intermediate,Evening,Creative,72.0
13.7,36.8,54.9,17.9,296.8,1.9,8.0,195.7,Beginner,Morning,Creative,78.9
18.6,32.0,74.4,13.5,387.5,3.3,6.4,76.0,Beginner,Evening,Analytical,84.8
14.6,36.8,65.2,11.9,576.8,1.9,8.7,147.6,Beginner,Evening,Analytical,65.0
16.6,32.4,65.3,17.6,322.1,2.6,7.0,106.2,Intermediate,Morning,Cognitive,88.5
17.6,28.8,70.1,13.0,269.8,5.4,5.2,135.7,Beginner,Afternoon,Creative,83.3
11.9,28.9,69.2,20.6,363.3,1.1,5.7,151.8,Intermediate,Morning,Cognitive,75.1
16.5,32.6,74.2,16.5,361.6,2.9,5.3,44.9,Intermediate,Evening,Cognitive,79.6
20.4,28.7,65.9,15.4,284.8,5.8,5.3,83.5,Beginner,Morning,Creative,70.4
11.2,37.3,62.1,13.5,204.1,5.4,5.0,7.8,Intermediate,Morning,Analytical,97.4
16.8,22.2,54.1,16.6,301.9,2.4,5.4,165.7,Beginner,Afternoon,Analytical,72.6
11.7,37.3,51.8,11.2,342.1,2.2,7.0,123.2,Intermediate,Afternoon,Cognitive,78.1
,18.8,68.8,8.6,319.3,7.2,,106.8,Intermediate,Evening,Analytical,90.7
19.0,30.9,58.9,11.3,324.0,4.7,5.0,94.3,Beginner,Evening,Creative,72.6
13.6,28.0,46.4,19.4,337.5,2.4,,110.4,Beginner,Afternoon,Creative,71.2
23.8,20.9,39.1,13.2,294.5,3.9,8.2,144.5,Beginner,Morning,Analytical,65.6
,17.6,81.5,11.7,257.2,6.2,6.8,48.6,Expert,Afternoon,Analytical,84.4
17.8,23.4,50.1,15.7,357.0,2.2,4.4,,Intermediate,Afternoon,Cognitive,71.8
17.6,30.3,53.1,22.7,275.8,2.2,7.1,58.9,Intermediate,Afternoon,Analytical,85.8
18.9,26.4,72.3,19.3,259.9,4.4,7.5,-34.3,Intermediate,Morning,Cognitive,94.8
11.0,23.8,47.9,13.6,345.0,1.3,7.5,226.8,Beginner,Afternoon,Creative,65.7
15.8,38.1,65.3,13.5,264.7,2.7,10.4,160.8,Intermediate,Morning,Creative,80.3
16.5,22.6,78.2,13.6,279.1,3.1,5.9,71.3,Intermediate,Evening,Creative,88.8
13.4,34.1,81.1,13.3,399.0,-1.3,8.7,134.3,Beginner,Afternoon,Analytical,79.6
16.9,24.7,55.5,17.6,399.4,4.2,7.0,50.1,Beginner,Evening,Analytical,71.3
,23.3,,15.0,379.6,5.2,7.7,,Beginner,Afternoon,Analytical,71.9
13.3,26.4,56.0,12.7,358.0,7.9,6.0,264.1,Intermediate,Morning,Cognitive,70.8
14.8,33.7,59.8,12.0,377.8,5.2,6.0,177.2,Expert,Evening,Cognitive,78.4
,21.8,73.0,22.9,418.1,1.9,5.1,1.2,Beginner,Afternoon,Cognitive,86.9
7.9,31.7,,18.2,374.7,3.1,4.8,27.9,Intermediate,Morning,Creative,73.7
18.1,24.2,66.5,13.4,332.6,7.7,8.0,30.8,Beginner,Afternoon,Cognitive,70.7
14.9,25.3,58.0,19.6,363.6,4.9,6.2,94.9,Expert,Afternoon,Analytical,82.2
15.2,32.4,73.7,12.5,296.8,6.1,10.8,116.0,Beginner,Evening,Analytical,78.7
11.1,43.0,73.2,15.6,327.3,2.9,6.3,204.7,Intermediate,Afternoon,Creative,79.6
,24.5,55.9,15.3,329.5,3.6,8.0,38.6,Intermediate,Afternoon,Analytical,84.2
19.4,34.3,58.9,16.5,313.1,3.9,7.1,121.3,Intermediate,Morning,Analytical,84.0
15.0,28.1,68.9,13.2,304.3,5.8,4.3,-38.3,Intermediate,Afternoon,Analytical,85.6
15.1,27.2,69.8,16.4,384.4,3.1,5.0,58.3,Beginner,Evening,Cognitive,75.4
15.8,36.4,35.3,10.8,272.4,5.2,4.7,39.5,Beginner,Evening,Cognitive,73.1
10.1,24.9,68.9,14.9,327.4,4.0,9.2,,Beginner,Morning,Analytical,84.4
17.5,23.1,76.5,20.0,255.5,1.6,8.9,165.5,Beginner,Morning,Analytical,78.2
10.0,32.8,62.6,19.1,219.6,4.0,9.9,80.8,Intermediate,Morning,Analytical,92.9
11.2,39.6,69.5,13.9,379.8,6.2,3.7,130.7,Beginner,Afternoon,Analytical,68.9
10.8,34.5,72.8,11.4,384.3,4.0,4.9,37.0,Beginner,Evening,Cognitive,81.0
14.3,21.6,62.2,9.5,295.7,3.3,,190.6,Intermediate,Afternoon,Creative,82.2
13.6,26.3,68.1,17.9,322.5,6.8,5.8,62.8,Expert,Afternoon,Analytical,86.5
15.0,35.9,60.1,16.8,305.5,4.8,8.0,186.7,Intermediate,Evening,Cognitive,81.6
11.4,39.5,59.5,17.2,305.6,1.2,6.3,184.3,Beginner,Afternoon,Analytical,79.4
19.0,31.4,53.4,21.1,295.6,3.4,6.2,135.4,Beginner,Morning,Creative,79.9
18.3,26.5,61.7,16.5,343.0,4.5,4.3,141.2,Expert,Afternoon,Cognitive,79.8
14.3,39.9,78.9,16.7,300.9,4.5,6.1,59.3,Beginner,Evening,Cognitive,71.8
13.1,29.6,51.0,11.8,340.8,5.0,7.6,22.8,Beginner,Evening,Creative,66.5
12.7,26.4,66.2,20.9,718.4,3.7,5.5,256.0,Intermediate,Afternoon,Creative,53.9
13.8,25.4,63.2,15.5,339.5,3.6,,133.0,Intermediate,Afternoon,Cognitive,83.4
9.4,22.8,74.7,13.5,326.2,4.0,5.4,97.4,Intermediate,Evening,Creative,79.9
11.2,47.0,76.6,16.6,291.4,5.6,5.8,70.7,Beginner,Afternoon,Analytical,82.5
18.4,38.5,50.8,22.0,319.3,2.6,5.9,,Beginner,Morning,Creative,66.8
16.2,26.1,54.3,22.4,236.5,3.9,7.7,31.2,Expert,Evening,Creative,94.9
21.5,40.4,54.8,13.1,397.0,4.5,,177.3,Beginner,Evening,Cognitive,64.4
13.8,33.2,55.2,19.5,272.1,2.9,9.8,78.2,Intermediate,Morning,Creative,81.7
13.6,32.8,56.0,17.0,224.1,4.9,8.2,63.3,Intermediate,Afternoon,Cognitive,84.3
13.4,25.7,63.5,19.0,314.8,4.7,7.5,157.8,Intermediate,Afternoon,Analytical,74.8
13.7,26.9,51.5,16.8,337.7,-0.1,9.7,88.4,Beginner,Morning,Creative,73.0
,29.7,52.9,17.8,386.2,4.1,7.4,84.1,Beginner,Evening,Creative,66.6
16.1,18.2,52.1,20.0,332.2,6.8,7.9,187.9,Intermediate,Afternoon,Cognitive,75.8
15.1,27.1,64.9,10.8,366.3,7.0,8.4,50.9,Expert,Evening,Cognitive,86.5
13.0,30.0,59.4,17.1,366.5,5.4,7.3,54.4,Expert,Morning,Creative,87.0
20.0,37.9,57.6,12.5,361.6,6.5,6.9,6.5,Beginner,Afternoon,Cognitive,71.0
22.6,26.3,51.6,14.6,263.3,3.7,6.8,118.5,Beginner,Morning,Creative,72.1
19.7,34.9,44.0,16.0,345.5,5.1,6.1,84.7,Expert,Evening,Analytical,73.7
17.2,17.6,76.3,13.0,250.7,4.3,6.3,231.7,Intermediate,Afternoon,Creative,81.7
18.0,37.0,57.1,14.3,419.7,5.3,8.6,84.5,Expert,Afternoon,Analytical,81.4
22.4,24.6,87.1,11.8,354.9,7.7,,159.0,Beginner,Morning,Analytical,79.0
18.0,30.8,67.7,14.2,288.8,6.0,7.2,67.8,Intermediate,Morning,Cognitive,79.0
12.7,32.4,78.3,17.5,338.8,3.3,7.0,169.0,Intermediate,Morning,Cognitive,84.2
16.6,31.3,69.9,18.6,269.5,7.2,4.9,207.1,Intermediate,Morning,Cognitive,88.3
17.5,29.4,61.6,13.7,242.3,4.5,8.3,88.6,Intermediate,Afternoon,Cognitive,87.0
11.0,22.6,54.0,20.0,363.8,5.3,5.0,109.9,Beginner,Afternoon,Creative,69.8
,24.7,,17.7,271.0,3.5,5.9,107.1,Intermediate,Afternoon,Analytical,76.4
19.4,36.0,71.2,20.3,310.9,5.5,6.9,136.2,Beginner,Afternoon,Creative,69.3
7.7,26.4,62.7,10.7,330.3,4.8,9.2,179.3,Intermediate,Morning,Analytical,85.3
,29.4,66.2,16.9,310.9,6.3,7.8,82.6,Expert,Morning,Analytical,84.3
14.3,21.0,68.1,17.8,268.6,3.0,7.5,183.0,Beginner,Morning,Analytical,78.7
16.4,35.2,63.6,10.8,323.0,5.9,9.0,132.2,Expert,Evening,Creative,76.9
9.6,22.1,55.3,23.2,327.4,-0.9,6.6,214.6,Beginner,Afternoon,Cognitive,72.8
14.5,35.5,70.1,14.1,363.6,2.8,10.0,140.3,Intermediate,Morning,Creative,90.7
19.6,23.6,58.0,17.6,442.2,1.3,7.8,35.7,Expert,Morning,Analytical,77.5
15.3,36.1,60.9,18.8,221.2,4.7,7.2,162.8,Beginner,Evening,Creative,70.4
18.8,30.1,67.2,16.3,280.1,5.9,4.3,120.6,Beginner,Afternoon,Analytical,74.6
12.6,26.6,59.4,20.2,331.1,4.0,,103.1,Intermediate,Afternoon,Cognitive,74.3
11.8,39.6,41.8,22.0,370.5,6.7,7.8,151.2,Beginner,Afternoon,Cognitive,64.8
,29.6,70.4,12.7,337.3,2.5,6.7,73.3,Intermediate,Morning,Creative,72.6
16.5,27.8,72.5,16.3,376.1,1.2,,108.6,Expert,Evening,Cognitive,81.3
10.3,35.5,41.7,18.7,246.0,5.4,10.0,,Intermediate,Evening,Analytical,79.8
11.8,21.1,49.6,11.1,304.1,6.3,5.8,160.9,Beginner,Morning,Analytical,77.5
21.3,14.8,80.2,19.2,393.1,4.2,7.5,100.5,Intermediate,Evening,Cognitive,81.1
,36.9,62.3,21.1,277.0,7.6,7.1,128.6,Intermediate,Evening,Cognitive,74.7
18.7,25.0,60.0,19.9,175.0,5.0,8.0,129.9,Beginner,Morning,Cognitive,75.1
13.1,35.2,55.7,17.3,279.2,4.8,4.1,149.6,Intermediate,Afternoon,Creative,76.9
15.0,30.3,49.7,20.6,341.9,3.1,8.0,91.5,Intermediate,Morning,Creative,82.2
16.2,23.0,58.1,17.1,316.5,1.4,9.4,192.3,Intermediate,Morning,Analytical,82.8
6.6,33.6,69.7,12.0,255.8,3.5,4.1,182.2,Beginner,Afternoon,Creative,70.1
9.1,27.5,59.8,14.4,283.9,7.2,5.6,232.7,Intermediate,Morning,Creative,78.1
15.3,23.5,66.1,15.2,253.5,4.4,7.8,65.9,Beginner,Evening,Analytical,77.8
12.1,23.7,77.7,15.8,259.3,3.2,6.8,131.0,Beginner,Evening,Analytical,88.6
19.0,19.6,54.2,15.7,276.1,2.2,8.0,24.8,Expert,Morning,Cognitive,99.4
8.6,32.4,63.0,15.0,325.3,5.1,8.1,52.6,Intermediate,Afternoon,Cognitive,84.8
17.3,24.4,70.0,16.7,200.6,1.8,7.3,,Beginner,Evening,Creative,78.7
9.5,29.8,50.7,20.5,388.3,4.7,9.6,113.0,Beginner,Evening,Analytical,71.3
13.6,28.9,61.8,16.6,314.8,3.1,8.1,62.0,Beginner,Evening,Creative,78.0
10.7,24.4,78.7,17.9,264.7,3.5,5.0,166.7,Beginner,Morning,Creative,79.5
22.6,20.9,56.6,9.4,271.3,5.3,8.1,140.2,Beginner,Afternoon,Analytical,71.6
9.6,45.2,70.7,16.4,288.3,2.1,7.0,-23.6,Beginner,Afternoon,Analytical,84.7
14.5,29.7,58.6,19.3,320.3,4.0,7.8,186.3,Intermediate,Evening,Analytical,77.7
8.1,40.9,78.0,19.7,327.6,0.9,8.8,123.7,Intermediate,Morning,Analytical,92.9
21.4,37.0,43.5,19.4,310.3,3.8,9.4,87.2,Intermediate,Evening,Creative,69.5
16.6,28.1,60.6,16.9,282.2,5.0,7.1,,Intermediate,Morning,Creative,85.6
15.5,31.1,,17.2,319.5,5.6,8.3,147.7,Beginner,Evening,Creative,64.4
20.9,30.9,53.0,14.0,216.3,6.3,5.4,91.1,Expert,Afternoon,Analytical,86.1
15.6,41.1,,18.5,259.2,5.3,6.3,111.1,Expert,Afternoon,Cognitive,89.4
15.9,35.0,57.3,14.0,286.2,3.2,6.2,123.2,Expert,Afternoon,Creative,81.1
15.5,25.2,48.1,18.0,252.9,0.4,8.6,151.5,Expert,Morning,Cognitive,89.3
17.3,32.1,59.3,16.1,309.1,6.0,9.6,,Expert,Morning,Cognitive,86.7
13.0,34.8,,16.0,253.1,3.0,11.8,210.8,Intermediate,Morning,Cognitive,100.0
14.1,22.9,44.7,19.0,405.7,1.1,8.3,13.4,Beginner,Morning,Analytical,75.1
18.2,33.0,53.7,17.7,247.1,7.7,8.7,85.6,Intermediate,Morning,Analytical,82.2
16.1,38.1,85.4,16.8,395.6,3.9,4.4,184.9,Intermediate,Evening,Creative,77.0
14.5,24.9,63.3,14.5,219.7,5.0,4.3,243.7,Intermediate,Afternoon,Creative,81.3
9.4,25.7,41.8,20.8,420.3,4.5,5.7,189.9,Intermediate,Morning,Analytical,76.3
21.0,37.0,46.0,17.0,349.2,4.0,5.1,150.4,Beginner,Evening,Analytical,76.6
12.4,27.9,62.3,18.2,359.6,3.2,7.8,172.6,Beginner,Afternoon,Cognitive,68.9
18.9,24.1,61.0,16.2,251.7,2.8,9.6,170.7,Expert,Evening,Analytical,86.8
15.7,35.3,54.1,13.9,303.9,8.5,7.0,85.4,Intermediate,Afternoon,Analytical,75.4
9.8,33.5,81.9,17.1,307.1,1.1,6.0,156.6,Intermediate,Morning,Analytical,94.1
20.0,30.6,86.2,14.2,315.0,3.1,7.5,62.0,Beginner,Afternoon,Analytical,85.6
16.0,36.7,57.4,17.3,383.6,2.2,5.9,128.2,Beginner,Afternoon,Cognitive,73.9
20.3,37.2,68.7,6.2,354.6,5.0,6.2,90.8,Expert,Morning,Creative,87.2
14.3,29.5,69.2,14.8,311.7,3.2,6.7,148.7,Intermediate,Morning,Cognitive,84.8
17.8,41.8,70.6,16.0,370.0,3.0,7.6,88.3,Intermediate,Morning,Analytical,77.7
7.9,39.5,53.6,13.1,379.2,5.3,4.5,124.5,Intermediate,Morning,Analytical,82.1
13.0,18.1,79.4,17.1,291.6,7.9,4.0,59.8,Intermediate,Afternoon,Creative,81.0
9.9,23.8,59.3,14.7,290.1,2.3,5.7,97.9,Beginner,Afternoon,Creative,74.4
13.5,16.5,64.2,16.0,428.1,0.9,7.8,189.8,Intermediate,Morning,Creative,75.4
16.9,28.1,60.0,14.3,308.0,4.1,5.1,8.6,Intermediate,Afternoon,Cognitive,83.6
12.6,22.7,,18.9,287.9,5.7,9.8,123.7,Intermediate,Afternoon,Creative,81.5
18.5,25.1,62.8,17.6,312.3,3.6,,204.3,Intermediate,Morning,Analytical,84.6
11.6,36.5,48.1,16.9,373.7,5.3,8.0,173.6,Expert,Morning,Analytical,81.0
18.5,19.5,40.3,16.2,355.9,2.9,8.3,125.1,Beginner,Morning,Analytical,74.9
20.2,30.8,57.9,23.6,313.7,8.8,7.6,165.0,Expert,Afternoon,Cognitive,83.8
19.1,30.7,51.2,15.5,553.4,5.2,7.8,115.5,Beginner,Morning,Creative,61.4
13.6,29.5,,13.9,332.5,3.0,8.9,164.1,Intermediate,Afternoon,Creative,79.8
6.5,30.8,64.3,12.5,312.9,2.5,,193.8,Beginner,Afternoon,Creative,74.1
17.3,16.6,60.1,18.7,305.0,4.5,7.5,134.2,Beginner,Afternoon,Creative,79.0
14.5,25.1,74.8,20.9,327.4,5.3,9.9,180.2,Intermediate,Morning,Analytical,86.2
11.1,39.3,59.9,13.5,299.2,1.4,7.1,59.1,Beginner,Morning,Cognitive,89.3
12.8,22.8,45.4,15.1,323.5,4.0,6.3,50.5,Intermediate,Afternoon,Creative,88.3
20.7,40.0,57.8,14.9,317.5,5.5,4.8,166.9,Expert,Evening,Analytical,78.9
10.5,21.6,71.7,15.6,247.5,4.7,5.9,,Beginner,Evening,Analytical,69.0
16.9,20.8,41.2,10.7,293.5,5.2,8.8,125.5,Intermediate,Afternoon,Cognitive,79.4
15.9,24.3,59.1,18.4,307.1,7.0,6.9,173.1,Intermediate,Afternoon,Creative,82.0
13.6,36.8,65.8,19.6,413.0,-2.2,7.7,-56.2,Intermediate,Afternoon,Cognitive,89.6
17.6,26.7,86.5,10.3,312.0,4.4,7.1,156.7,Beginner,Evening,Creative,75.1
21.5,32.1,72.1,21.3,333.7,-0.7,5.2,90.5,Beginner,Morning,Cognitive,82.3
13.8,30.4,61.3,20.9,427.6,3.9,6.6,,Beginner,Evening,Creative,61.1
14.0,29.7,65.2,6.8,241.0,6.6,5.7,166.5,Beginner,Afternoon,Creative,76.7
17.5,37.6,41.0,9.5,243.3,3.7,6.3,125.0,Beginner,Afternoon,Cognitive,72.3
18.7,34.6,49.5,15.6,281.1,2.1,5.7,87.2,Intermediate,Morning,Creative,81.1
14.5,23.1,66.5,19.9,303.3,5.7,7.7,197.0,Expert,Afternoon,Cognitive,87.6
,28.3,61.6,16.9,308.4,4.3,8.2,198.4,Expert,Afternoon,Cognitive,92.5
6.1,40.5,62.9,16.1,294.5,4.4,7.1,71.6,Intermediate,Morning,Creative,88.0
11.9,31.9,60.3,17.7,258.3,8.3,4.0,190.3,Beginner,Morning,Creative,80.6
,21.0,59.9,13.6,368.7,1.0,5.0,180.9,Beginner,Evening,Cognitive,70.9
,21.4,61.0,19.8,297.3,2.7,8.0,136.6,Beginner,Afternoon,Analytical,78.2
14.0,35.3,49.4,15.7,379.2,4.8,5.9,169.8,Beginner,Afternoon,Cognitive,71.2
13.9,34.2,57.7,11.1,269.1,6.4,5.9,154.0,Intermediate,Morning,Analytical,86.2
15.0,24.5,47.6,13.6,418.0,2.1,7.1,57.7,Intermediate,Afternoon,Analytical,66.7
11.5,34.5,53.8,17.1,236.7,3.2,5.8,141.5,Beginner,Afternoon,Cognitive,77.3
21.2,39.6,72.0,15.1,319.3,3.9,3.8,,Beginner,Afternoon,Cognitive,74.9
20.2,38.7,58.2,14.8,270.1,3.7,5.6,54.8,Expert,Afternoon,Cognitive,96.1
21.5,39.6,66.0,16.6,321.8,5.4,6.4,73.0,Intermediate,Afternoon,Analytical,70.6
17.7,33.3,61.2,17.1,271.0,3.9,6.2,,Beginner,Afternoon,Cognitive,81.8
14.9,28.9,56.2,12.3,212.7,5.3,8.1,15.6,Expert,Morning,Cognitive,97.2
21.5,27.6,49.9,19.7,281.0,1.6,7.1,85.4,Expert,Evening,Creative,85.1
12.3,29.9,56.0,15.6,399.8,4.3,7.0,186.5,Beginner,Afternoon,Creative,69.2
11.5,24.7,61.8,17.3,270.0,4.1,,42.6,Beginner,Morning,Creative,85.1
12.6,27.8,65.8,16.3,345.4,5.7,4.7,47.9,Intermediate,Afternoon,Cognitive,78.5
17.1,37.7,61.2,14.8,320.3,9.0,,235.0,Expert,Evening,Cognitive,80.4
12.0,20.3,66.5,18.7,297.3,5.9,9.5,62.9,Expert,Morning,Cognitive,88.9
14.4,20.8,44.8,16.2,422.2,2.6,6.8,,Beginner,Morning,Analytical,71.8
8.6,35.0,68.7,16.2,304.3,5.3,6.4,150.1,Beginner,Afternoon,Analytical,81.3
16.9,27.9,48.7,8.5,328.5,3.9,9.0,108.2,Intermediate,Morning,Creative,78.0
8.9,18.4,69.8,18.5,324.3,3.3,6.6,117.3,Intermediate,Evening,Analytical,82.8
11.3,29.6,65.0,15.5,398.8,2.9,7.5,71.7,Beginner,Morning,Analytical,66.3
19.9,28.8,41.3,18.3,245.1,2.8,7.4,81.1,Expert,Evening,Analytical,85.7
19.7,27.4,67.4,20.9,432.2,1.7,,139.4,Intermediate,Morning,Creative,74.0
16.5,34.1,70.0,18.5,396.0,1.4,5.4,47.9,Expert,Morning,Creative,86.7
,22.0,72.6,16.2,339.9,5.3,7.7,205.8,Expert,Evening,Analytical,85.4
12.9,30.1,,15.1,350.9,3.3,5.7,12.6,Intermediate,Afternoon,Cognitive,70.1
11.9,28.7,61.8,23.6,308.6,4.4,,132.9,Intermediate,Afternoon,Creative,78.6
,30.2,,17.5,327.5,2.3,8.4,56.2,Intermediate,Morning,Analytical,74.7
8.9,19.6,67.4,16.6,341.0,5.2,6.2,148.3,Beginner,Afternoon,Cognitive,75.1
16.0,26.9,64.1,15.5,274.6,2.6,6.0,61.8,Intermediate,Afternoon,Cognitive,85.7
15.2,30.1,,13.3,396.0,1.3,7.3,155.5,Beginner,Evening,Creative,65.3
11.3,33.2,69.9,10.1,331.2,7.1,,168.9,Intermediate,Evening,Cognitive,74.8
21.3,41.1,69.9,20.6,327.1,4.4,10.6,174.2,Beginner,Afternoon,Creative,71.9
17.4,34.8,58.5,13.7,276.7,3.4,8.7,90.8,Beginner,Afternoon,Analytical,86.6
17.8,32.8,52.2,15.4,378.5,3.6,8.7,210.4,Beginner,Afternoon,Creative,62.0
13.1,37.6,52.7,15.7,317.7,3.3,7.0,123.3,Beginner,Afternoon,Cognitive,76.8
15.0,28.2,73.6,20.3,293.7,5.0,,117.5,Intermediate,Morning,Creative,93.2
17.5,39.3,69.5,13.7,265.7,0.9,7.3,153.1,Intermediate,Morning,Creative,79.0
15.6,36.7,,16.8,311.9,0.4,6.9,22.0,Intermediate,Morning,Analytical,91.5
21.4,27.3,58.0,17.5,261.5,4.2,7.6,106.3,Beginner,Morning,Cognitive,81.0
,41.5,42.3,11.8,337.3,0.5,7.4,141.8,Beginner,Morning,Creative,65.8
13.0,32.7,59.2,11.6,358.7,0.2,5.0,85.0,Beginner,Afternoon,Analytical,76.0
17.5,43.2,48.1,13.9,300.3,5.8,6.0,117.7,Beginner,Evening,Analytical,57.7
9.9,31.8,61.6,16.7,331.8,4.3,7.6,,Expert,Afternoon,Analytical,80.6
18.7,26.6,71.9,16.3,381.0,4.4,,72.0,Beginner,Morning,Analytical,77.4
9.8,25.4,50.2,15.6,311.4,1.8,8.0,168.1,Beginner,Morning,Analytical,76.9
17.6,27.9,62.4,18.0,314.7,6.8,7.1,82.5,Beginner,Afternoon,Creative,64.9
12.4,26.6,70.0,13.4,320.3,6.0,8.4,124.9,Beginner,Morning,Creative,90.9
16.9,37.6,62.2,15.5,586.9,1.3,6.8,,Intermediate,Afternoon,Cognitive,65.6
18.6,29.8,54.8,15.7,302.4,3.8,,169.5,Intermediate,Evening,Creative,67.2
15.6,20.3,60.1,13.5,281.6,3.2,4.3,142.4,Beginner,Morning,Cognitive,76.9
,31.3,69.6,22.9,341.5,3.9,,164.7,Beginner,Morning,Cognitive,72.7
11.4,30.8,,9.5,316.4,6.2,5.8,109.4,Beginner,Afternoon,Cognitive,79.6
12.1,27.2,60.0,19.7,349.9,3.2,7.5,94.2,Beginner,Evening,Creative,62.5
7.4,31.6,71.6,18.4,371.1,6.0,,182.1,Beginner,Evening,Analytical,75.8
19.5,29.7,65.1,18.4,267.5,0.5,8.1,9.6,Expert,Evening,Cognitive,88.6
15.4,33.8,48.0,16.3,278.2,2.8,7.6,,Intermediate,Morning,Analytical,74.2
10.5,33.4,,20.0,354.6,3.2,6.3,105.1,Intermediate,Evening,Cognitive,84.2
20.8,32.2,69.5,14.7,307.3,2.9,7.3,130.7,Intermediate,Morning,Creative,84.5
12.2,22.2,47.6,17.2,324.0,4.0,6.3,174.1,Intermediate,Morning,Cognitive,81.9
16.0,42.7,37.3,16.2,324.2,4.3,7.5,132.4,Intermediate,Evening,Creative,65.0
11.7,20.7,,15.3,272.6,4.5,6.2,106.9,Intermediate,Evening,Analytical,77.2
6.9,29.2,59.0,16.4,345.3,5.8,7.6,,Intermediate,Morning,Creative,83.9
9.5,23.4,70.1,13.2,332.4,5.5,9.0,137.0,Beginner,Morning,Analytical,86.5
13.2,32.4,51.1,14.0,269.6,1.0,5.1,127.8,Intermediate,Morning,Creative,92.9
18.6,30.8,65.6,20.7,311.7,4.3,6.0,216.1,Intermediate,Morning,Cognitive,72.9
16.4,29.0,,24.6,314.5,2.8,6.0,178.1,Expert,Morning,Cognitive,75.5
15.6,39.1,61.8,17.6,357.4,5.6,7.5,279.3,Intermediate,Evening,Creative,78.3
7.0,36.7,55.9,18.5,378.7,6.6,8.3,2.8,Intermediate,Afternoon,Analytical,80.5
20.1,28.0,81.0,16.8,319.6,5.7,4.4,197.7,Beginner,Evening,Analytical,84.1
15.9,34.8,41.1,17.4,236.0,7.8,,209.1,Intermediate,Evening,Analytical,73.7
14.5,39.4,59.9,17.6,356.3,5.5,7.0,79.1,Beginner,Afternoon,Creative,84.1
19.5,36.6,41.0,19.1,429.9,6.0,,113.0,Beginner,Evening,Creative,61.7
20.0,29.2,54.5,20.6,355.9,2.4,5.7,125.2,Beginner,Afternoon,Creative,60.8
19.6,20.5,43.0,13.3,306.4,4.0,,93.1,Intermediate,Morning,Creative,66.8
14.0,31.9,83.0,24.5,340.1,5.4,7.4,99.6,Beginner,Afternoon,Analytical,81.3
,34.0,56.4,16.4,360.0,4.6,9.7,318.4,Beginner,Afternoon,Analytical,69.8
19.0,25.4,57.9,16.4,325.7,2.2,10.3,120.1,Expert,Evening,Creative,85.0
9.5,30.1,59.6,14.8,385.7,2.2,8.2,155.4,Beginner,Evening,Creative,68.4
22.8,29.5,48.7,14.8,263.4,0.4,6.6,142.5,Intermediate,Afternoon,Analytical,76.7
15.1,38.3,70.6,17.8,299.8,4.7,7.7,125.6,Intermediate,Evening,Analytical,80.5
10.8,41.1,66.4,17.9,343.0,1.9,7.9,52.6,Beginner,Morning,Cognitive,76.2
10.1,37.1,69.2,17.7,354.9,5.3,,177.9,Intermediate,Evening,Creative,73.9
9.9,29.5,47.8,14.6,292.6,5.4,7.6,117.2,Beginner,Afternoon,Cognitive,74.9
15.6,36.9,71.4,7.9,297.4,4.4,7.8,26.6,Intermediate,Morning,Analytical,96.5
15.0,33.9,70.2,10.6,286.7,4.8,8.6,129.7,Intermediate,Afternoon,Analytical,95.3
10.1,29.6,57.7,16.0,282.8,6.0,,138.5,Intermediate,Afternoon,Creative,83.5
13.6,42.6,69.0,17.0,346.0,6.3,4.3,189.6,Intermediate,Morning,Cognitive,77.7
,25.6,62.7,14.7,318.1,-0.5,8.9,39.1,Beginner,Evening,Analytical,83.4
17.4,33.6,44.1,13.9,384.9,5.4,7.2,113.0,Beginner,Morning,Cognitive,72.3
14.8,35.0,58.2,16.9,265.3,5.0,5.8,79.1,Intermediate,Evening,Cognitive,76.9
13.5,28.3,55.2,15.7,312.1,4.6,5.0,70.0,Intermediate,Afternoon,Cognitive,78.1
9.8,33.4,60.9,14.6,356.8,4.9,7.5,133.5,Expert,Morning,Cognitive,95.8
13.8,35.7,70.2,11.2,337.2,3.4,7.1,93.3,Expert,Afternoon,Cognitive,91.6
13.3,31.5,43.6,13.5,265.1,-0.8,5.4,150.2,Expert,Afternoon,Creative,74.8
16.3,32.8,55.6,18.8,377.6,2.8,7.0,66.4,Intermediate,Afternoon,Creative,72.7
,30.6,51.8,13.1,324.8,0.3,8.6,111.5,Beginner,Afternoon,Cognitive,74.2
18.2,34.8,52.2,18.0,415.9,0.7,9.3,137.2,Intermediate,Afternoon,Creative,71.7
13.1,28.6,51.8,20.2,313.4,6.1,7.2,145.1,Intermediate,Afternoon,Analytical,73.4
7.6,28.1,60.7,13.6,377.9,2.9,7.2,131.3,Beginner,Evening,Cognitive,81.5
19.0,30.1,65.2,14.7,302.1,4.5,7.9,117.5,Expert,Morning,Creative,87.8
11.3,37.1,63.5,19.0,308.2,4.0,8.7,85.3,Expert,Afternoon,Creative,82.3
10.6,19.5,61.9,19.7,344.7,6.7,7.3,215.3,Intermediate,Morning,Analytical,77.6
14.8,24.5,66.2,14.1,234.9,4.1,7.5,132.8,Beginner,Evening,Analytical,75.5
16.2,43.7,83.8,11.1,219.0,2.8,6.4,51.9,Beginner,Evening,Analytical,77.7
12.9,31.7,61.4,19.8,286.1,7.0,6.8,2.2,Expert,Morning,Analytical,90.9
12.8,27.6,70.2,17.8,555.0,3.0,6.0,290.7,Expert,Morning,Cognitive,72.3
13.4,34.8,69.6,17.2,207.2,4.8,5.4,42.7,Beginner,Morning,Creative,85.4
20.7,25.3,77.8,18.7,357.1,5.0,5.2,,Beginner,Afternoon,Creative,77.4
15.0,17.4,65.6,12.4,280.4,1.5,5.7,48.3,Expert,Afternoon,Analytical,85.4
11.1,32.1,51.6,17.2,302.8,5.8,5.6,128.6,Beginner,Evening,Creative,70.9
11.2,25.6,63.0,15.1,327.0,6.7,7.4,138.7,Intermediate,Afternoon,Creative,74.3
14.0,30.6,62.5,17.8,345.2,1.7,7.7,168.0,Expert,Morning,Creative,79.2
16.0,32.0,68.2,18.4,334.1,4.1,6.4,114.5,Beginner,Evening,Analytical,78.4
16.9,30.9,,18.9,330.1,6.7,5.7,114.7,Intermediate,Afternoon,Creative,69.1
15.5,19.7,72.7,17.8,343.5,0.7,10.2,55.9,Beginner,Afternoon,Creative,83.2
11.6,30.2,60.1,16.8,295.0,5.3,6.3,104.7,Beginner,Morning,Creative,81.8
13.3,32.7,68.4,16.9,284.4,1.5,6.1,122.3,Expert,Afternoon,Cognitive,88.7
17.9,21.6,63.1,17.1,204.1,3.4,4.6,122.5,Intermediate,Evening,Cognitive,83.5
10.4,20.9,61.2,14.1,351.9,3.6,7.8,109.9,Expert,Afternoon,Creative,87.1
13.1,23.6,62.3,14.9,285.7,1.6,9.7,,Intermediate,Morning,Creative,88.6
17.4,34.5,66.7,17.2,419.2,2.2,6.7,42.3,Beginner,Afternoon,Creative,71.3
18.5,18.0,79.6,18.0,356.9,3.9,6.5,210.5,Beginner,Evening,Creative,72.2
14.2,35.0,39.8,14.0,367.5,6.8,7.4,155.3,Beginner,Morning,Creative,63.9
13.4,32.4,65.4,12.8,355.3,5.0,7.5,261.5,Beginner,Afternoon,Creative,64.2
9.7,28.5,60.4,11.0,346.5,0.7,3.3,144.1,Beginner,Evening,Cognitive,71.3
17.1,21.1,58.2,12.2,343.8,4.9,8.0,160.0,Beginner,Morning,Analytical,76.2
,25.2,36.4,14.4,348.5,4.1,9.8,65.7,Intermediate,Afternoon,Creative,77.4
25.3,34.7,65.8,14.7,328.7,2.7,7.1,208.1,Intermediate,Afternoon,Creative,72.1
16.5,37.5,58.8,15.2,570.4,3.1,6.8,14.0,Intermediate,Afternoon,Creative,64.5
,23.8,51.7,12.4,261.1,5.0,8.2,158.7,Intermediate,Afternoon,Analytical,72.9
11.3,36.9,60.4,10.6,341.1,0.9,8.0,,Beginner,Morning,Creative,71.3
7.5,34.1,57.1,16.4,384.6,2.7,7.3,207.5,Beginner,Afternoon,Creative,62.9
15.7,30.0,42.6,16.4,313.7,1.7,8.2,112.2,Intermediate,Morning,Analytical,71.5
,25.6,60.9,17.9,327.6,2.4,8.2,122.3,Intermediate,Afternoon,Creative,72.8
20.1,26.5,65.8,18.4,254.1,4.7,5.2,4.1,Beginner,Morning,Analytical,85.1
19.5,40.9,54.5,17.2,297.3,4.1,5.3,6.4,Expert,Morning,Analytical,88.2
16.0,31.1,62.6,16.3,258.6,5.3,,142.2,Intermediate,Evening,Creative,84.7
16.4,38.0,61.1,18.6,262.0,-0.5,4.7,188.3,Intermediate,Afternoon,Cognitive,83.3
5.3,31.4,70.5,20.3,324.9,3.5,8.2,137.4,Beginner,Evening,Cognitive,69.3
18.1,27.3,,14.0,317.1,3.8,,111.9,Intermediate,Morning,Creative,81.0
12.7,33.5,68.0,18.3,359.4,0.7,7.7,,Intermediate,Afternoon,Analytical,91.2
12.2,42.9,56.9,14.1,358.3,2.6,,131.9,Intermediate,Morning,Analytical,76.5
13.7,26.1,79.7,16.7,276.3,4.0,6.5,159.7,Intermediate,Evening,Analytical,86.9
13.6,35.5,55.6,19.2,223.2,4.6,6.0,62.3,Expert,Evening,Creative,83.1
12.1,31.1,53.2,15.2,272.6,4.7,,135.4,Intermediate,Morning,Cognitive,81.8
15.1,21.3,59.0,13.1,284.5,0.1,8.7,59.3,Beginner,Evening,Analytical,82.5
12.8,21.2,52.7,14.6,347.6,2.7,6.1,186.2,Intermediate,Morning,Analytical,78.7
15.4,27.3,47.5,13.1,350.6,0.9,9.9,54.3,Intermediate,Afternoon,Creative,77.3
9.1,32.1,67.3,12.8,317.7,4.0,6.9,106.5,Intermediate,Evening,Cognitive,80.1
14.1,35.3,29.4,19.6,357.0,3.1,7.8,155.8,Beginner,Evening,Cognitive,67.8
10.6,20.6,52.8,17.6,448.1,2.7,7.2,40.8,Beginner,Evening,Creative,64.3
12.4,33.9,,13.8,314.1,10.3,6.4,71.1,Expert,Morning,Cognitive,82.7
15.6,29.3,61.4,13.0,308.3,1.9,8.4,254.1,Intermediate,Morning,Creative,77.9
8.6,30.0,38.1,13.3,278.0,4.0,1.8,176.4,Expert,Morning,Analytical,76.7
11.7,33.5,65.5,13.8,335.9,5.0,6.5,140.1,Intermediate,Afternoon,Creative,84.3
17.3,40.5,66.6,19.5,376.9,4.7,8.2,158.7,Intermediate,Evening,Analytical,80.5
,31.8,43.7,15.7,295.1,5.2,4.8,,Intermediate,Morning,Creative,80.4
22.1,21.9,61.9,22.4,300.4,4.7,5.9,157.7,Expert,Afternoon,Analytical,85.2
19.8,28.9,65.2,15.9,293.9,3.3,6.3,237.3,Intermediate,Morning,Analytical,86.2
13.0,35.1,69.4,14.3,262.5,4.0,6.5,90.4,Intermediate,Morning,Creative,85.5
11.9,35.3,45.3,18.8,326.7,2.7,6.1,229.4,Beginner,Afternoon,Analytical,68.5
15.8,34.0,43.9,11.0,328.5,2.5,5.5,92.2,Intermediate,Afternoon,Cognitive,69.6
9.2,26.9,75.0,16.6,317.9,1.4,6.9,127.3,Intermediate,Evening,Creative,86.6
7.0,21.8,51.8,12.4,412.0,5.6,8.2,,Beginner,Morning,Cognitive,73.2
13.2,33.5,54.7,9.5,340.0,6.2,7.6,146.1,Beginner,Evening,Analytical,70.2
14.5,22.7,66.3,15.6,264.2,2.8,8.5,128.9,Beginner,Morning,Analytical,85.9
,34.2,48.3,18.5,351.6,3.8,6.7,106.6,Beginner,Morning,Analytical,75.1
12.5,34.2,57.3,16.6,303.0,7.2,8.9,68.3,Beginner,Afternoon,Creative,70.2
20.1,27.2,68.9,16.3,303.6,6.2,5.1,133.5,Intermediate,Evening,Analytical,80.0
9.0,29.3,45.8,8.2,311.3,5.8,9.0,82.3,Expert,Morning,Cognitive,96.7
10.4,31.2,55.0,15.5,305.7,4.5,8.6,186.4,Intermediate,Morning,Cognitive,82.2
,26.3,48.7,15.6,333.5,2.7,4.6,135.6,Beginner,Afternoon,Creative,74.0
,21.7,52.3,17.9,425.8,3.0,7.7,90.9,Beginner,Morning,Cognitive,63.9
10.2,29.8,71.9,12.8,301.6,4.5,6.8,180.0,Intermediate,Evening,Creative,81.0
15.5,30.4,74.1,18.5,324.5,4.9,6.8,94.1,Beginner,Evening,Creative,64.5
10.8,38.2,62.6,14.5,331.7,2.1,7.1,178.4,Expert,Morning,Analytical,93.9
14.5,25.3,65.3,15.1,294.4,6.5,6.1,127.1,Intermediate,Afternoon,Cognitive,76.2
12.2,36.4,65.0,17.6,299.9,6.8,8.4,5.5,Intermediate,Evening,Cognitive,80.6
11.6,23.1,53.3,12.4,369.7,5.6,,,Beginner,Morning,Cognitive,67.5
6.6,21.9,62.4,18.5,294.5,7.0,5.3,116.8,Intermediate,Afternoon,Analytical,89.3
15.6,28.2,,11.9,275.6,5.3,6.9,153.3,Beginner,Morning,Creative,78.1
10.0,24.4,50.4,18.0,409.1,4.5,6.3,132.9,Expert,Afternoon,Cognitive,74.0
14.3,21.8,59.1,15.3,259.7,4.1,,133.3,Intermediate,Morning,Cognitive,85.1
13.0,41.7,,15.5,364.2,3.4,5.0,122.6,Beginner,Evening,Cognitive,60.9
14.2,27.3,47.3,6.8,309.9,4.0,10.0,,Beginner,Afternoon,Cognitive,69.8
14.4,43.9,52.9,14.2,259.2,1.9,7.2,151.6,Beginner,Morning,Analytical,72.2
15.8,24.0,71.5,15.4,301.2,3.8,5.1,13.9,Intermediate,Evening,Creative,76.9
12.1,19.7,75.6,20.6,308.7,1.7,6.7,29.5,Beginner,Morning,Cognitive,85.0
20.0,37.7,59.7,15.9,238.5,2.4,6.3,146.0,Intermediate,Afternoon,Cognitive,85.6
7.6,25.6,65.8,14.0,341.4,6.5,,85.7,Beginner,Afternoon,Creative,74.9
14.1,30.8,54.4,18.5,336.4,6.4,7.6,184.4,Intermediate,Morning,Analytical,86.3
18.3,21.9,,14.5,302.6,2.3,10.3,139.4,Expert,Evening,Analytical,75.0
16.9,29.8,51.1,19.1,343.7,5.7,9.8,142.6,Intermediate,Evening,Analytical,64.8
11.1,21.8,,16.8,330.2,2.8,7.3,64.8,Intermediate,Morning,Analytical,77.5
11.8,29.6,61.4,13.3,384.7,2.7,5.8,154.5,Beginner,Afternoon,Cognitive,68.8
,27.2,,18.8,266.1,6.8,7.4,130.3,Beginner,Afternoon,Creative,89.7
17.4,31.4,57.2,17.8,305.4,1.8,8.1,63.8,Intermediate,Evening,Creative,75.2
12.0,33.8,54.3,18.7,370.1,0.4,7.3,,Beginner,Morning,Creative,71.4
16.0,31.4,63.4,15.5,347.1,2.7,8.1,219.4,Intermediate,Afternoon,Analytical,81.0
16.1,32.7,,17.8,204.9,2.8,7.7,154.1,Beginner,Afternoon,Analytical,83.9
24.5,29.3,68.0,21.8,236.5,3.3,,97.1,Beginner,Afternoon,Creative,79.7
16.3,27.4,54.1,16.5,320.0,0.6,5.2,,Beginner,Afternoon,Cognitive,71.9
11.8,32.8,80.7,14.8,402.0,4.7,6.8,120.6,Expert,Morning,Analytical,100.0
9.2,29.3,56.8,20.6,298.4,7.8,9.9,137.3,Beginner,Evening,Cognitive,78.6
13.9,29.6,55.2,18.0,352.4,4.6,,39.1,Intermediate,Afternoon,Creative,78.9
14.5,32.4,54.4,14.6,324.1,3.6,8.8,112.5,Beginner,Evening,Analytical,78.9
6.2,23.8,55.3,21.2,348.9,5.3,10.0,-2.9,Intermediate,Morning,Cognitive,86.1
12.1,38.6,66.1,12.4,373.5,4.1,5.2,,Beginner,Afternoon,Analytical,74.2
16.2,28.5,59.6,17.6,367.2,4.1,10.9,207.4,Expert,Evening,Creative,74.7
12.9,30.7,69.9,19.4,365.5,3.8,8.5,41.9,Expert,Afternoon,Creative,83.3
18.9,29.7,64.6,19.2,289.3,4.4,8.7,111.6,Beginner,Evening,Creative,73.0
8.8,33.9,60.3,13.3,312.4,3.2,6.0,107.0,Expert,Evening,Cognitive,79.4
,32.0,63.7,12.3,345.9,0.7,8.1,52.5,Expert,Afternoon,Analytical,93.9
18.7,29.7,72.0,16.7,344.1,7.7,5.8,92.8,Expert,Afternoon,Analytical,86.4
18.8,38.7,66.6,18.1,349.7,5.1,7.2,40.7,Expert,Morning,Analytical,86.5
8.7,10.8,62.8,12.8,231.6,2.6,7.5,61.9,Beginner,Afternoon,Creative,83.8
16.3,37.5,64.2,16.9,379.9,4.7,6.6,,Intermediate,Morning,Cognitive,85.0
12.3,35.5,48.5,11.6,234.8,1.7,,143.2,Beginner,Afternoon,Creative,76.9
9.4,19.0,85.7,19.2,282.5,4.8,6.2,100.2,Beginner,Afternoon,Creative,84.9
,35.6,65.3,14.3,329.8,5.5,4.0,200.5,Expert,Afternoon,Cognitive,94.9
11.4,36.4,66.3,15.5,318.5,6.1,6.6,163.9,Beginner,Morning,Creative,73.4
18.7,33.4,59.7,18.6,390.9,5.1,8.9,238.1,Intermediate,Evening,Creative,67.8
17.1,20.6,37.0,18.3,261.5,3.6,10.7,112.9,Expert,Morning,Analytical,78.0
10.4,34.1,57.3,17.4,301.8,6.0,9.0,57.1,Expert,Morning,Cognitive,95.9
,36.0,60.8,19.1,221.5,2.9,8.6,108.7,Expert,Morning,Cognitive,94.6
13.5,26.6,51.8,17.2,326.6,4.6,6.4,240.9,Beginner,Evening,Analytical,74.6
14.7,32.6,51.7,20.3,309.6,2.5,10.5,59.9,Beginner,Evening,Cognitive,77.2
19.0,27.9,56.6,10.9,258.0,4.5,8.0,171.0,Intermediate,Afternoon,Analytical,73.5
17.8,35.3,67.7,15.8,385.5,7.0,8.1,58.2,Beginner,Evening,Creative,66.2
15.2,28.1,72.6,15.7,374.0,5.5,7.9,98.0,Beginner,Morning,Cognitive,70.4
14.0,26.5,61.7,15.3,323.6,5.8,5.3,90.0,Beginner,Evening,Cognitive,66.9
7.9,29.8,54.3,17.5,376.9,6.2,7.6,65.0,Intermediate,Morning,Creative,67.1
20.2,22.0,56.4,16.6,315.4,3.9,,166.8,Intermediate,Morning,Creative,75.3
13.2,29.2,61.0,18.5,355.7,2.3,8.2,206.4,Beginner,Morning,Cognitive,77.4
21.2,32.2,62.2,12.4,363.2,0.3,7.5,174.1,Intermediate,Afternoon,Cognitive,74.4
15.8,35.2,64.3,22.9,266.6,1.8,6.1,121.6,Beginner,Evening,Cognitive,78.2
23.1,31.5,55.6,14.8,341.6,4.2,,30.8,Beginner,Afternoon,Analytical,69.1
17.4,21.4,65.3,16.9,328.4,-0.1,6.5,127.8,Intermediate,Evening,Cognitive,78.5
9.3,38.1,64.5,15.4,268.8,4.4,6.5,157.5,Intermediate,Afternoon,Cognitive,78.3
12.5,38.6,56.0,16.2,256.1,5.0,7.8,114.5,Intermediate,Morning,Creative,84.7
14.3,30.7,42.8,14.4,344.9,0.9,7.0,199.7,Beginner,Afternoon,Creative,69.0
,25.5,51.2,16.6,305.9,5.8,7.4,108.2,Expert,Afternoon,Analytical,85.6
,26.8,,17.7,246.8,3.2,8.5,84.0,Intermediate,Evening,Creative,84.9
9.5,28.8,43.1,8.8,349.0,0.7,5.9,179.2,Intermediate,Afternoon,Cognitive,79.8
15.0,31.7,,15.0,366.7,0.6,5.8,172.0,Intermediate,Afternoon,Cognitive,80.4
15.9,28.2,42.7,14.9,261.4,3.9,6.7,209.9,Expert,Morning,Analytical,84.8
11.0,24.8,52.3,23.0,500.9,4.2,6.9,266.9,Intermediate,Afternoon,Creative,69.8
22.8,36.1,56.3,18.6,395.9,4.0,8.0,71.7,Intermediate,Evening,Creative,73.7
15.3,31.5,77.8,20.5,274.4,6.1,9.9,-35.5,Expert,Morning,Creative,94.8
,23.7,,17.7,405.4,4.1,6.9,16.6,Intermediate,Evening,Analytical,82.4
8.5,31.7,57.9,16.2,303.8,2.8,7.1,85.2,Intermediate,Afternoon,Creative,82.3
15.2,31.0,50.6,17.1,316.5,3.4,6.0,,Intermediate,Morning,Creative,81.6
14.0,25.7,65.2,19.4,250.3,6.2,5.8,193.4,Beginner,Evening,Creative,75.5
18.1,37.2,54.9,21.3,252.1,1.8,8.0,95.7,Beginner,Afternoon,Cognitive,76.3
14.4,30.8,57.7,16.9,287.2,4.3,7.1,168.8,Intermediate,Morning,Analytical,81.1
10.2,28.7,56.4,14.1,364.3,4.4,8.9,37.4,Expert,Morning,Cognitive,81.8
21.7,29.5,67.2,18.8,437.0,6.0,8.7,194.5,Expert,Morning,Analytical,80.2
16.7,32.7,67.6,13.4,450.3,4.2,8.3,103.2,Beginner,Evening,Creative,59.0
14.0,29.6,51.1,17.2,313.8,2.1,4.8,158.8,Intermediate,Afternoon,Cognitive,73.7
15.7,29.5,53.7,18.0,302.2,4.4,,,Beginner,Evening,Creative,68.3
,36.4,,15.7,435.1,5.4,5.6,227.6,Expert,Morning,Creative,67.2
9.3,21.5,,13.3,375.7,4.3,4.2,48.0,Expert,Morning,Analytical,79.6
15.6,22.5,69.1,14.6,283.7,6.2,7.3,,Intermediate,Morning,Creative,84.7
13.2,34.7,62.0,15.1,308.1,1.4,9.0,183.3,Expert,Afternoon,Cognitive,79.9
17.0,44.5,38.1,12.8,344.8,3.7,8.1,150.5,Intermediate,Evening,Analytical,58.7
12.0,35.3,67.6,14.8,342.6,4.0,5.7,55.1,Intermediate,Afternoon,Analytical,85.9
12.6,41.2,46.5,11.6,289.5,5.5,11.2,142.6,Beginner,Morning,Cognitive,77.8
,27.4,,17.8,315.2,5.8,8.2,57.2,Intermediate,Evening,Creative,73.4
19.9,26.2,62.0,17.0,290.8,4.0,5.7,,Intermediate,Evening,Creative,76.3
1.8,32.7,59.2,16.8,278.4,3.3,3.9,82.8,Intermediate,Morning,Creative,89.0
19.6,35.7,68.7,14.8,268.7,4.4,6.7,114.2,Beginner,Evening,Creative,70.5
14.7,22.1,53.9,15.2,246.4,1.7,4.1,47.9,Expert,Morning,Creative,83.7
12.2,28.7,50.3,13.5,338.1,3.0,5.5,,Beginner,Morning,Analytical,84.1
11.0,29.8,56.9,17.5,308.0,5.1,4.5,,Intermediate,Morning,Analytical,85.2
11.2,25.9,69.8,11.9,263.2,4.7,5.9,118.1,Intermediate,Afternoon,Cognitive,82.3
12.3,26.6,66.3,16.3,258.6,2.7,6.2,146.9,Intermediate,Afternoon,Creative,88.1
10.5,35.1,60.9,14.1,257.8,2.4,5.7,230.8,Intermediate,Morning,Creative,84.1
9.6,32.8,73.3,21.3,289.4,2.4,10.5,155.6,Beginner,Morning,Creative,83.3
10.8,34.8,71.4,17.6,376.3,2.5,6.7,,Beginner,Evening,Cognitive,73.4
16.3,32.0,67.9,16.0,285.9,4.3,9.0,60.8,Intermediate,Evening,Creative,75.7
15.2,24.8,48.2,12.7,347.9,6.4,7.9,44.9,Intermediate,Evening,Analytical,72.0
17.2,32.5,67.8,11.9,398.0,6.6,6.7,61.1,Beginner,Morning,Creative,74.2
14.7,24.3,58.0,17.5,328.4,2.2,6.3,111.0,Intermediate,Morning,Cognitive,85.4
9.8,28.1,56.1,21.4,281.8,4.7,9.0,192.3,Intermediate,Morning,Analytical,80.8
17.0,23.8,53.2,17.2,315.5,4.6,5.4,112.3,Intermediate,Morning,Analytical,82.0
,26.3,58.3,16.5,317.8,4.4,6.1,86.4,Expert,Afternoon,Analytical,88.2
17.6,30.5,,16.6,406.4,2.0,6.0,126.8,Beginner,Afternoon,Creative,73.6
10.3,27.3,61.7,16.3,233.4,2.5,7.1,218.9,Beginner,Afternoon,Cognitive,79.9
12.3,24.7,58.3,16.6,375.8,4.7,5.6,74.7,Intermediate,Afternoon,Cognitive,80.4
13.6,36.8,62.2,13.9,232.8,3.2,8.4,147.5,Intermediate,Morning,Creative,90.3
17.7,29.3,65.5,13.1,360.6,4.2,8.6,98.2,Intermediate,Morning,Cognitive,77.9
15.7,26.8,57.1,16.3,299.5,2.0,5.9,132.1,Expert,Afternoon,Analytical,82.2
15.1,23.5,52.6,20.5,411.3,3.0,7.8,158.3,Expert,Morning,Analytical,75.6
22.5,18.8,,18.3,353.7,1.3,5.7,202.4,Expert,Morning,Cognitive,69.7
7.7,28.7,67.7,12.3,348.7,4.5,7.3,116.7,Intermediate,Afternoon,Cognitive,82.4
10.8,21.7,60.8,15.2,272.9,3.3,,188.0,Intermediate,Morning,Creative,85.8
10.7,34.3,58.2,18.2,410.3,4.5,7.2,,Intermediate,Morning,Creative,84.1
7.9,30.2,71.7,20.6,460.8,3.3,6.8,42.2,Beginner,Evening,Creative,70.5
12.1,39.4,47.1,21.4,420.6,4.5,10.4,108.3,Intermediate,Evening,Creative,61.8
17.8,31.3,60.6,15.4,269.8,7.6,7.5,259.5,Beginner,Morning,Creative,78.8
12.6,25.6,50.4,18.5,310.5,3.0,5.7,113.1,Expert,Morning,Creative,89.1
13.7,18.7,66.6,16.7,260.6,5.0,5.6,,Intermediate,Afternoon,Analytical,83.3
8.1,34.8,37.7,15.6,289.5,2.7,10.4,101.0,Intermediate,Morning,Cognitive,74.5
11.8,22.2,68.0,16.2,334.2,3.7,5.9,92.1,Beginner,Afternoon,Creative,76.2
13.2,27.6,67.6,16.2,356.5,4.9,5.9,37.4,Beginner,Morning,Analytical,77.4
17.6,40.0,50.8,19.5,346.7,4.6,7.0,-17.9,Beginner,Morning,Cognitive,79.8
8.3,33.7,60.7,11.8,234.0,5.4,8.1,73.6,Intermediate,Evening,Cognitive,96.2
13.2,32.3,51.0,17.4,318.2,5.9,,98.9,Beginner,Evening,Cognitive,70.0
19.3,35.7,64.3,20.6,345.9,5.3,6.6,153.0,Intermediate,Morning,Creative,79.7
13.2,35.4,68.2,20.3,367.4,5.8,5.0,97.8,Expert,Morning,Creative,87.1
6.5,39.5,50.0,17.7,341.4,4.4,6.8,127.6,Expert,Morning,Creative,85.8
,26.4,47.0,13.7,344.4,2.5,8.2,49.1,Intermediate,Morning,Cognitive,70.0
17.9,27.7,71.0,18.3,308.1,5.6,,17.1,Beginner,Evening,Cognitive,71.7
18.5,24.5,79.4,20.0,333.6,3.2,10.0,140.9,Expert,Afternoon,Analytical,90.3
8.0,29.8,64.9,14.5,449.2,5.4,5.7,159.1,Expert,Afternoon,Analytical,80.5
21.0,29.2,65.7,17.1,380.3,1.5,7.3,,Beginner,Evening,Analytical,69.8
11.9,19.5,56.7,15.4,338.2,3.3,9.0,192.3,Intermediate,Evening,Analytical,74.9
13.0,26.1,61.8,14.2,356.4,2.6,8.5,199.1,Beginner,Evening,Cognitive,63.0
12.2,38.6,,15.1,323.8,4.8,11.0,161.2,Expert,Morning,Creative,89.6
18.8,31.5,58.2,16.4,323.5,2.8,,85.8,Expert,Morning,Creative,92.5
14.3,34.3,73.5,13.2,367.5,4.0,5.7,137.0,Beginner,Afternoon,Creative,71.8
,29.3,61.8,12.8,290.1,3.7,7.1,,Expert,Afternoon,Creative,87.5
15.3,18.7,63.1,13.3,313.5,6.1,5.7,,Intermediate,Evening,Analytical,85.7
14.6,29.2,58.4,17.0,251.5,4.9,7.2,143.5,Expert,Afternoon,Cognitive,97.7
11.2,36.3,59.4,11.6,358.8,4.6,,195.9,Intermediate,Evening,Creative,71.6
22.2,22.9,72.2,9.3,373.5,4.0,8.0,165.6,Expert,Morning,Cognitive,87.0
9.1,34.5,61.5,20.1,350.2,2.5,6.8,119.5,Beginner,Evening,Analytical,70.4
16.6,19.8,61.7,13.0,308.3,2.2,6.0,125.9,Beginner,Morning,Analytical,79.0
16.5,30.1,61.8,15.4,317.8,4.6,7.5,141.6,Beginner,Evening,Creative,65.9
19.6,33.3,56.4,18.8,327.3,1.2,7.8,190.7,Expert,Morning,Creative,81.0
20.6,28.1,45.9,11.7,374.7,3.9,5.1,231.4,Expert,Afternoon,Analytical,81.9
14.5,44.8,75.7,11.7,371.8,4.2,5.5,127.8,Expert,Evening,Analytical,91.9
17.1,27.0,70.7,14.1,248.3,1.2,6.6,107.8,Expert,Afternoon,Cognitive,97.7
22.1,26.5,72.5,18.9,276.1,3.9,5.0,129.5,Beginner,Afternoon,Analytical,77.3
14.7,31.2,49.3,15.9,341.7,4.0,,181.9,Beginner,Evening,Cognitive,69.0
10.7,25.5,74.4,16.0,253.1,8.2,5.5,151.3,Beginner,Afternoon,Analytical,88.1
,21.4,79.7,15.1,365.9,4.0,7.6,89.3,Beginner,Afternoon,Cognitive,81.4
9.8,23.4,70.4,17.7,306.2,5.8,7.2,120.7,Beginner,Morning,Analytical,74.9
16.5,34.5,76.5,20.3,355.4,4.9,6.3,121.0,Intermediate,Evening,Analytical,77.7
19.3,28.2,68.0,25.0,321.7,4.5,5.6,81.2,Beginner,Afternoon,Cognitive,70.5
14.5,40.2,51.5,15.6,315.1,5.7,7.6,80.5,Beginner,Afternoon,Cognitive,70.6
8.5,27.4,65.1,20.6,265.6,1.1,7.5,47.5,Beginner,Morning,Creative,76.5
,34.3,49.8,19.0,292.6,3.8,8.9,111.1,Beginner,Afternoon,Creative,65.6
7.9,33.1,54.0,16.8,314.2,4.6,3.2,187.9,Expert,Morning,Analytical,76.5
8.8,27.3,63.2,9.4,312.6,2.1,4.4,181.1,Intermediate,Morning,Analytical,86.9
14.3,24.7,61.8,14.9,356.2,3.9,8.4,118.4,Expert,Afternoon,Cognitive,96.4
16.0,19.6,64.6,15.0,287.9,4.2,7.7,227.0,Intermediate,Morning,Analytical,76.0
16.7,33.3,42.1,17.1,318.5,3.7,8.4,116.7,Beginner,Morning,Creative,72.3
14.7,37.2,58.5,15.4,395.2,2.2,5.7,99.6,Intermediate,Afternoon,Cognitive,72.2
22.0,20.5,65.5,14.3,361.1,2.5,6.4,1.4,Beginner,Morning,Analytical,79.5
,27.8,67.5,22.1,325.2,3.4,5.1,132.0,Beginner,Morning,Cognitive,77.9
19.1,26.0,68.1,19.9,247.1,4.8,3.5,66.3,Beginner,Morning,Creative,77.1
18.1,33.3,62.5,9.9,251.3,4.2,7.2,207.1,Beginner,Afternoon,Creative,75.1
9.8,28.0,56.2,15.2,351.9,4.4,9.1,45.4,Beginner,Afternoon,Creative,71.5
14.3,37.9,65.0,17.9,357.0,3.5,6.7,197.2,Beginner,Afternoon,Analytical,76.7
23.5,27.7,,20.0,222.7,2.3,5.9,132.3,Intermediate,Morning,Analytical,91.1
13.0,22.6,69.0,14.7,355.0,3.4,5.3,51.1,Beginner,Morning,Analytical,87.8
12.3,27.2,64.3,15.4,291.9,2.3,8.7,20.3,Beginner,Morning,Analytical,85.0
15.7,27.8,59.4,16.3,299.7,-2.1,7.1,142.2,Expert,Afternoon,Analytical,91.8
13.1,33.2,52.3,18.0,364.4,4.0,7.2,64.7,Beginner,Evening,Analytical,67.9
11.8,27.8,71.2,11.4,356.6,3.5,4.8,1.7,Beginner,Morning,Creative,81.0
13.1,32.6,65.6,10.0,315.1,6.5,5.6,238.8,Expert,Morning,Creative,84.3
,25.3,81.0,19.8,354.4,5.4,8.1,172.1,Beginner,Morning,Analytical,79.5
14.5,28.2,65.3,13.0,301.8,5.0,6.2,51.3,Beginner,Afternoon,Creative,78.8
9.7,25.3,66.1,22.4,280.5,2.0,,,Intermediate,Afternoon,Cognitive,90.3
9.0,24.9,45.3,13.4,383.0,6.0,10.8,190.9,Beginner,Afternoon,Analytical,74.1
23.8,37.6,,15.4,386.3,4.3,7.1,,Intermediate,Evening,Cognitive,69.9
14.1,25.7,56.8,17.1,287.8,3.3,6.7,126.0,Expert,Afternoon,Analytical,88.4
16.7,27.9,68.3,9.6,293.3,2.4,6.8,146.3,Beginner,Morning,Analytical,79.6
11.9,36.3,63.3,24.6,364.6,2.7,6.0,,Intermediate,Morning,Creative,81.8
16.3,34.5,69.9,14.8,285.3,3.5,6.9,61.4,Intermediate,Afternoon,Cognitive,82.5
20.8,39.8,81.3,13.5,360.0,1.9,9.9,5.9,Beginner,Afternoon,Creative,79.3
12.4,32.9,52.0,12.5,268.8,4.1,,147.5,Intermediate,Afternoon,Analytical,70.0
,26.4,69.5,17.1,305.7,3.7,4.6,262.8,Beginner,Afternoon,Cognitive,80.1
9.4,42.3,66.8,16.9,368.9,5.4,6.3,51.2,Intermediate,Afternoon,Analytical,81.4
23.1,33.5,79.8,12.6,271.5,3.7,7.2,60.2,Beginner,Evening,Creative,84.1
16.1,29.1,67.1,11.9,290.6,0.4,4.7,166.5,Intermediate,Afternoon,Analytical,82.9
13.3,30.3,66.0,19.2,338.8,3.4,6.3,-26.3,Beginner,Evening,Analytical,77.5
13.8,31.1,68.5,14.0,230.1,1.7,5.6,72.6,Expert,Morning,Creative,100.0
13.0,28.6,69.2,10.8,323.6,2.8,6.4,132.5,Beginner,Afternoon,Analytical,84.6
13.2,21.7,74.5,15.6,378.1,2.1,7.1,70.3,Intermediate,Evening,Cognitive,71.0
5.2,39.8,51.8,14.8,363.2,8.2,8.0,151.1,Intermediate,Afternoon,Creative,84.4
14.6,29.9,56.1,21.9,317.5,3.3,5.3,144.8,Intermediate,Evening,Analytical,69.6
14.4,31.1,77.4,14.4,321.0,5.4,6.9,,Intermediate,Afternoon,Creative,85.2
17.0,42.5,40.4,15.1,394.6,3.4,6.5,74.5,Intermediate,Morning,Analytical,78.2
12.9,25.9,59.2,16.7,388.5,3.5,6.7,95.4,Intermediate,Afternoon,Creative,77.3
11.9,33.9,,14.3,315.3,3.0,5.8,124.7,Expert,Morning,Creative,82.0
15.0,25.2,58.2,17.3,288.5,2.6,6.9,132.6,Beginner,Evening,Cognitive,76.5
8.6,31.9,75.8,12.9,362.9,2.7,7.7,205.6,Intermediate,Evening,Creative,79.6
15.6,31.2,64.8,15.3,376.5,4.7,,163.8,Expert,Morning,Cognitive,90.3
7.6,34.7,56.1,17.2,388.9,3.9,9.6,97.4,Expert,Morning,Creative,88.8
19.5,37.2,53.7,19.4,349.2,6.7,8.4,153.9,Expert,Afternoon,Creative,80.6
,26.5,62.8,14.2,302.2,3.6,4.6,158.0,Beginner,Morning,Analytical,79.2
11.3,38.5,71.7,14.2,236.5,3.4,9.2,80.6,Beginner,Morning,Analytical,93.7
17.6,38.9,61.4,20.6,416.9,4.1,9.3,154.9,Intermediate,Afternoon,Analytical,75.4
15.4,28.5,58.7,14.3,400.1,5.2,6.2,105.9,Intermediate,Afternoon,Creative,78.5
11.0,30.0,53.0,15.8,470.1,4.2,7.3,248.3,Intermediate,Morning,Creative,81.9
6.9,27.0,,21.1,329.5,6.7,7.1,180.6,Intermediate,Evening,Cognitive,85.9
16.3,28.2,63.2,16.2,309.0,9.2,4.9,181.6,Expert,Evening,Cognitive,81.3
11.8,22.8,52.8,15.3,323.3,5.6,8.5,67.8,Beginner,Evening,Cognitive,72.2
,34.7,70.3,15.5,300.0,4.8,4.2,53.2,Expert,Evening,Analytical,83.2
15.1,17.7,77.1,13.8,354.6,-0.0,,226.7,Intermediate,Morning,Analytical,83.5
12.2,25.8,60.5,17.4,263.3,6.8,9.4,227.0,Beginner,Morning,Cognitive,84.0
,29.7,63.0,13.2,300.3,6.5,4.5,164.0,Intermediate,Morning,Creative,75.3
17.3,37.8,49.0,18.3,363.7,7.1,6.6,102.2,Intermediate,Evening,Analytical,69.4
0.4,26.7,67.4,16.0,221.3,5.6,8.7,102.4,Beginner,Evening,Analytical,77.1
13.1,32.6,64.6,16.7,335.4,2.1,7.6,61.2,Beginner,Afternoon,Cognitive,83.2
9.5,29.5,56.7,21.2,292.6,2.1,8.3,,Expert,Evening,Analytical,89.7
11.8,35.7,52.6,11.7,400.8,1.8,6.0,112.7,Beginner,Afternoon,Cognitive,72.5
14.4,32.3,,16.1,336.5,4.2,5.6,114.4,Intermediate,Afternoon,Analytical,87.0
16.4,35.0,63.8,17.9,280.6,2.6,6.7,51.0,Intermediate,Afternoon,Creative,88.6
16.0,26.7,50.8,14.2,392.6,5.7,7.4,177.2,Intermediate,Morning,Creative,66.6
19.3,23.9,68.6,18.9,321.1,2.9,7.9,146.9,Intermediate,Morning,Analytical,77.5
17.5,32.2,62.3,14.4,326.6,3.3,7.7,147.4,Beginner,Afternoon,Cognitive,73.5
17.3,27.1,60.6,16.9,364.4,4.5,8.5,12.8,Intermediate,Afternoon,Analytical,80.6
15.8,30.2,69.8,15.6,289.7,3.0,7.2,29.0,Beginner,Afternoon,Cognitive,84.5
20.1,31.9,33.9,16.5,392.4,2.2,5.4,54.0,Intermediate,Afternoon,Analytical,66.5
,37.5,41.9,16.2,348.9,0.4,5.0,166.4,Beginner,Morning,Creative,63.3
13.8,34.7,73.8,15.9,287.9,5.9,8.1,90.6,Intermediate,Afternoon,Creative,87.7
7.4,25.9,58.7,14.6,298.4,2.2,8.5,57.9,Beginner,Afternoon,Analytical,84.7
19.2,23.1,55.7,14.0,257.2,3.2,10.0,159.2,Beginner,Afternoon,Analytical,80.8
14.7,40.2,46.6,16.9,335.4,3.3,,100.6,Beginner,Evening,Analytical,69.3
26.7,20.5,61.9,16.2,311.1,-0.1,,142.4,Beginner,Afternoon,Creative,72.9
13.4,27.3,63.2,13.9,335.6,4.6,7.5,58.9,Expert,Afternoon,Creative,76.5
15.4,33.9,74.4,17.0,234.9,6.8,6.4,118.4,Beginner,Evening,Cognitive,79.3
17.2,39.8,63.7,14.6,293.8,5.9,5.7,200.1,Expert,Evening,Analytical,90.2
10.6,28.9,57.0,20.7,270.9,3.2,7.1,,Expert,Evening,Analytical,87.7
16.4,30.2,64.1,23.5,344.6,6.1,6.8,72.4,Intermediate,Morning,Creative,75.9
15.1,24.7,,20.2,289.9,0.5,9.9,103.5,Beginner,Morning,Analytical,80.6
13.8,30.8,68.9,20.0,343.5,5.7,7.9,168.7,Beginner,Morning,Cognitive,81.2
19.7,23.1,66.2,18.4,293.3,2.5,6.7,125.3,Intermediate,Morning,Analytical,89.7
11.4,25.5,62.7,15.4,401.3,5.9,5.7,141.2,Beginner,Evening,Creative,60.6
,34.6,54.2,10.3,322.6,4.1,7.8,203.0,Beginner,Afternoon,Analytical,64.8
20.8,27.4,49.7,12.9,365.8,1.6,7.2,133.1,Intermediate,Morning,Creative,69.2
12.2,35.5,48.1,14.0,314.3,4.5,6.3,84.4,Expert,Morning,Cognitive,90.9
13.8,29.1,63.9,19.6,366.1,4.0,6.0,195.4,Intermediate,Morning,Cognitive,84.1
24.4,21.8,65.0,16.8,281.4,4.5,7.8,70.6,Beginner,Afternoon,Analytical,72.8
16.9,37.0,70.9,14.0,317.9,2.4,6.4,118.6,Intermediate,Afternoon,Analytical,90.2
13.0,22.1,65.6,10.5,296.7,1.7,,85.3,Beginner,Evening,Creative,73.4
18.2,26.4,70.5,23.0,413.4,5.2,6.3,48.4,Beginner,Evening,Cognitive,76.4
12.7,28.8,58.7,17.6,260.6,3.9,11.3,113.9,Expert,Morning,Cognitive,97.5
,36.0,67.7,18.7,423.5,5.1,7.2,123.6,Beginner,Morning,Cognitive,85.6
20.5,26.8,50.0,14.4,251.3,5.1,5.8,104.9,Beginner,Morning,Cognitive,67.7
10.6,24.4,,15.6,356.8,5.4,3.1,180.0,Beginner,Afternoon,Analytical,74.4
24.8,31.0,41.7,15.0,288.9,7.2,4.5,74.4,Expert,Evening,Analytical,67.6
13.0,28.7,60.3,16.2,332.7,4.4,6.6,141.7,Intermediate,Afternoon,Creative,70.3
23.5,27.2,72.2,21.5,311.5,2.0,9.5,47.3,Intermediate,Afternoon,Cognitive,84.7
9.5,31.3,60.7,12.4,278.5,2.5,10.4,263.9,Intermediate,Afternoon,Analytical,81.5
19.1,22.8,67.2,15.9,324.1,3.4,6.6,80.7,Beginner,Morning,Analytical,72.9
17.0,19.7,,17.1,299.1,4.4,7.5,22.8,Intermediate,Morning,Cognitive,88.2
18.4,42.8,54.3,15.6,348.6,6.8,6.8,106.0,Beginner,Afternoon,Analytical,67.2
18.9,30.6,58.1,19.0,269.7,3.7,7.7,133.6,Beginner,Afternoon,Creative,71.5
13.0,31.0,71.8,10.8,343.6,7.4,6.6,173.0,Intermediate,Morning,Creative,78.2
9.8,25.3,67.2,21.7,363.2,7.5,6.2,184.4,Expert,Afternoon,Cognitive,82.6
14.8,35.4,,11.9,314.6,4.9,,157.4,Beginner,Evening,Creative,69.8
15.9,26.8,46.1,12.6,253.9,5.3,8.1,170.5,Beginner,Afternoon,Analytical,83.9
13.1,13.3,,14.7,406.6,3.1,9.0,186.2,Beginner,Afternoon,Creative,66.3
16.1,26.6,54.2,14.1,343.3,7.4,6.3,134.8,Beginner,Afternoon,Analytical,71.9
16.3,28.3,58.2,17.3,283.9,2.7,8.1,74.2,Expert,Afternoon,Cognitive,95.2
11.4,29.0,45.5,16.9,344.7,6.4,7.2,125.3,Intermediate,Evening,Cognitive,70.4
16.6,28.8,70.4,16.3,236.2,1.9,6.4,77.0,Intermediate,Evening,Analytical,90.4
13.9,26.1,,11.7,378.8,5.3,8.0,183.0,Intermediate,Morning,Analytical,79.3
,25.6,60.5,15.6,426.2,6.2,9.0,192.1,Beginner,Afternoon,Creative,68.0
18.1,28.2,51.7,16.1,361.2,5.8,5.8,195.8,Intermediate,Morning,Analytical,72.1
11.9,20.1,57.2,19.7,269.8,3.1,6.5,51.0,Intermediate,Morning,Cognitive,82.7
13.2,18.3,61.2,16.6,220.5,3.5,9.2,183.7,Intermediate,Afternoon,Analytical,85.7
15.3,30.6,53.9,17.1,388.2,7.1,6.9,85.6,Expert,Evening,Creative,81.5
20.5,30.7,,21.9,312.6,3.0,5.8,142.1,Intermediate,Afternoon,Creative,74.8
15.8,35.3,73.9,12.5,300.4,3.1,7.3,169.6,Beginner,Morning,Analytical,74.6
17.1,28.5,42.5,14.8,378.2,7.0,7.0,33.8,Expert,Morning,Creative,78.8
13.8,22.8,61.8,12.6,290.5,3.9,8.6,171.7,Beginner,Afternoon,Creative,71.3
14.7,18.4,52.1,20.8,358.1,3.9,6.9,27.1,Beginner,Morning,Cognitive,81.4
,24.7,73.4,21.0,675.9,7.7,7.0,,Beginner,Morning,Analytical,57.3
16.2,32.5,58.2,20.6,332.3,2.7,6.9,178.6,Beginner,Afternoon,Cognitive,68.5
13.8,38.6,49.5,17.6,401.5,2.5,7.3,199.6,Intermediate,Morning,Cognitive,72.3
20.4,30.3,,17.1,295.6,4.4,9.3,168.5,Intermediate,Afternoon,Creative,78.3
13.5,22.7,63.5,14.6,291.0,4.1,8.1,86.1,Expert,Evening,Cognitive,82.1
8.2,24.7,87.8,18.3,309.9,2.4,5.4,,Intermediate,Morning,Analytical,99.9
26.0,24.9,38.9,12.2,259.9,5.6,7.4,111.4,Intermediate,Afternoon,Analytical,77.3
13.7,27.6,48.0,12.1,366.8,4.0,7.5,123.2,Beginner,Afternoon,Analytical,69.4
20.3,36.7,73.1,14.7,360.2,4.1,7.6,172.5,Beginner,Afternoon,Cognitive,75.4
20.6,37.2,44.9,21.7,319.5,4.0,4.8,,Intermediate,Afternoon,Analytical,74.6
18.8,29.0,,14.5,273.8,1.9,7.2,92.3,Intermediate,Morning,Analytical,79.9
14.2,31.1,55.2,14.9,182.7,2.4,6.1,98.5,Expert,Evening,Cognitive,96.8
16.1,25.2,53.6,16.9,505.0,0.8,4.8,319.3,Beginner,Evening,Cognitive,55.0
9.9,19.7,58.3,18.7,308.4,6.3,8.8,123.4,Beginner,Morning,Cognitive,86.4
23.0,40.7,56.7,19.8,225.0,4.0,,211.4,Intermediate,Morning,Cognitive,84.4
11.6,16.1,70.6,12.6,444.7,6.0,6.6,177.0,Beginner,Morning,Creative,75.2
,19.0,73.3,15.7,340.8,3.1,8.3,88.6,Beginner,Morning,Cognitive,81.9
15.4,40.8,64.3,16.7,347.2,6.3,8.5,93.1,Intermediate,Afternoon,Cognitive,86.1
14.6,30.1,57.6,17.0,312.5,0.8,6.6,113.5,Beginner,Morning,Analytical,83.4
12.4,23.2,62.6,18.6,356.9,5.9,7.0,111.8,Intermediate,Morning,Analytical,83.5
20.6,34.1,68.1,18.5,305.0,3.8,5.5,189.4,Beginner,Evening,Cognitive,74.9
18.8,34.6,70.0,16.1,311.9,1.2,5.6,87.6,Beginner,Morning,Cognitive,77.1
16.3,22.0,63.7,19.5,390.2,-1.6,8.9,,Beginner,Evening,Cognitive,64.1
13.4,26.8,75.3,18.9,374.9,5.0,7.1,140.1,Expert,Afternoon,Analytical,89.1
,35.3,53.8,18.7,319.5,6.0,8.5,162.3,Beginner,Morning,Analytical,74.4
13.1,25.1,,14.4,421.1,4.1,6.8,,Intermediate,Afternoon,Cognitive,70.3
21.3,31.7,67.0,18.1,315.9,5.2,7.6,143.7,Beginner,Afternoon,Analytical,74.4
15.4,38.5,53.9,19.6,294.7,4.9,,91.3,Intermediate,Afternoon,Analytical,75.1
19.9,15.6,62.3,14.5,326.3,4.1,8.3,97.2,Beginner,Morning,Cognitive,67.3
14.5,28.0,63.0,16.4,335.0,5.9,7.0,,Intermediate,Afternoon,Analytical,77.4
15.3,31.6,58.6,20.7,260.4,1.0,6.3,108.7,Intermediate,Evening,Cognitive,81.2
19.9,19.2,58.5,17.2,344.4,4.2,7.9,,Expert,Afternoon,Creative,75.2
23.8,26.8,44.8,15.7,425.7,5.4,8.5,93.6,Beginner,Morning,Creative,59.4
21.2,36.3,,20.4,367.5,3.1,6.4,130.3,Beginner,Afternoon,Creative,69.5
18.5,25.8,57.6,14.6,734.0,4.5,5.2,293.5,Beginner,Afternoon,Analytical,49.0
17.4,21.1,54.3,10.9,344.0,1.6,9.5,63.5,Expert,Afternoon,Creative,89.7
13.0,36.8,51.4,13.7,270.1,4.2,6.7,53.9,Intermediate,Afternoon,Analytical,81.1
16.2,32.7,,19.4,270.2,2.6,4.1,165.6,Intermediate,Afternoon,Cognitive,84.0
11.3,29.6,59.0,17.6,328.2,3.0,6.4,95.5,Beginner,Evening,Creative,63.0
16.5,29.4,,16.2,298.6,5.1,7.7,69.2,Beginner,Afternoon,Analytical,75.9
16.8,36.2,62.2,19.2,247.7,0.5,6.9,,Beginner,Afternoon,Creative,79.7
7.2,31.8,70.4,16.5,302.5,1.8,6.8,66.0,Expert,Morning,Analytical,100.0
15.2,33.9,57.9,15.3,342.5,5.4,,252.2,Intermediate,Evening,Analytical,81.0
16.7,25.8,,18.5,349.0,3.7,6.4,73.6,Expert,Evening,Cognitive,69.0
14.7,18.5,62.6,14.9,278.4,2.5,5.1,131.4,Beginner,Morning,Analytical,87.0
,33.7,73.0,17.5,317.7,4.9,5.1,151.1,Intermediate,Afternoon,Analytical,74.8
9.6,36.6,59.1,13.6,340.7,1.8,7.5,176.9,Intermediate,Morning,Creative,87.3
,28.7,64.5,12.8,530.5,1.7,8.8,93.8,Beginner,Evening,Cognitive,63.6
19.1,35.3,,13.4,281.4,3.6,,147.2,Expert,Afternoon,Analytical,85.4
,28.0,59.0,15.9,319.3,3.7,9.1,21.5,Expert,Morning,Creative,92.8
16.4,29.5,,14.1,274.5,2.5,8.6,138.5,Expert,Evening,Cognitive,87.7
12.8,40.5,50.0,14.1,655.5,3.5,6.8,206.5,Intermediate,Morning,Analytical,65.4
15.1,28.3,59.9,15.5,444.8,6.7,8.0,165.1,Beginner,Evening,Creative,65.2
,27.9,66.5,15.8,244.6,3.9,7.7,135.6,Beginner,Afternoon,Cognitive,89.5
18.4,18.8,63.0,11.3,391.2,1.7,6.2,113.3,Expert,Morning,Cognitive,81.8
22.2,34.1,,8.4,337.1,4.0,3.8,117.9,Beginner,Morning,Cognitive,76.5
10.7,25.7,67.3,17.2,258.8,-0.2,7.2,32.7,Intermediate,Morning,Cognitive,87.4
11.2,30.9,61.9,16.4,353.9,7.2,8.1,71.1,Intermediate,Afternoon,Analytical,80.9
16.8,28.1,60.1,11.9,512.1,1.6,6.2,326.2,Intermediate,Afternoon,Analytical,72.5
20.9,27.3,67.4,17.3,380.3,4.4,10.0,,Expert,Morning,Cognitive,86.1
15.0,29.3,61.4,17.3,353.0,4.3,8.5,160.9,Beginner,Morning,Cognitive,79.9
10.1,29.8,57.6,15.1,329.8,2.4,,83.0,Beginner,Morning,Analytical,80.1
14.2,37.1,64.7,21.9,304.7,6.6,6.7,172.2,Beginner,Afternoon,Creative,69.8
10.9,39.1,59.6,19.8,378.4,8.1,5.7,103.2,Intermediate,Afternoon,Cognitive,69.4
12.3,33.9,57.2,14.8,300.4,2.5,6.4,33.8,Beginner,Morning,Analytical,81.0
13.8,37.6,61.6,14.9,250.0,5.4,8.0,115.1,Beginner,Afternoon,Analytical,84.8
11.3,35.1,61.7,11.6,225.2,2.0,6.6,197.7,Expert,Morning,Creative,89.8
11.9,33.0,49.0,19.7,258.2,6.6,6.1,-4.0,Expert,Evening,Analytical,82.0
15.3,38.7,63.3,16.7,360.1,6.5,7.1,164.1,Beginner,Evening,Cognitive,72.2
15.9,22.1,78.5,18.5,301.8,6.0,8.1,129.5,Beginner,Afternoon,Analytical,72.5
9.3,25.9,50.2,9.6,281.4,0.7,8.1,275.6,Expert,Evening,Cognitive,76.2
16.6,25.1,55.0,18.3,298.3,2.9,7.9,257.7,Beginner,Evening,Analytical,68.2
13.5,28.2,87.8,14.5,361.5,2.9,9.1,14.2,Beginner,Evening,Cognitive,91.4
,34.1,51.8,17.8,351.7,2.8,6.9,202.9,Beginner,Afternoon,Cognitive,70.3
,23.3,72.9,17.6,328.1,6.7,6.5,96.6,Intermediate,Morning,Analytical,83.6
12.8,33.0,57.7,15.9,290.0,0.4,6.8,108.3,Beginner,Morning,Cognitive,84.9
17.5,26.5,60.6,13.9,300.5,4.8,5.8,85.4,Expert,Morning,Analytical,80.3
11.7,27.9,,17.2,313.4,5.5,5.8,78.0,Intermediate,Afternoon,Analytical,79.8
20.3,31.2,,13.5,275.3,2.6,8.1,199.1,Intermediate,Morning,Analytical,82.7
11.8,40.1,44.2,19.2,314.5,5.0,8.2,-21.3,Beginner,Morning,Cognitive,75.6
16.4,25.7,61.9,13.8,272.7,4.9,3.0,80.1,Intermediate,Afternoon,Analytical,86.9
14.2,29.5,56.0,16.1,338.3,3.5,8.4,160.6,Intermediate,Morning,Creative,78.2
10.9,23.5,41.4,13.8,343.9,6.2,6.4,-2.3,Intermediate,Afternoon,Cognitive,81.1
18.6,25.7,,16.5,375.9,2.9,6.1,106.2,Intermediate,Evening,Creative,80.2
12.5,23.5,38.9,12.9,333.0,6.2,6.5,47.5,Intermediate,Afternoon,Creative,77.7
8.2,31.5,,13.6,331.4,4.3,5.1,134.0,Expert,Afternoon,Creative,90.5
3.5,32.6,66.2,22.9,278.2,3.4,6.7,123.0,Expert,Afternoon,Creative,93.5
11.5,34.1,46.4,18.5,317.6,3.6,9.9,176.0,Intermediate,Afternoon,Analytical,75.8
,25.5,73.4,17.1,268.9,1.2,4.7,-19.1,Beginner,Morning,Creative,86.7
20.0,33.0,52.5,17.5,234.8,3.3,7.9,145.8,Beginner,Evening,Cognitive,63.9
12.1,30.7,53.0,16.9,306.7,1.8,8.5,75.0,Beginner,Morning,Creative,78.7
13.5,29.7,42.0,15.7,294.8,4.5,7.9,207.0,Intermediate,Morning,Creative,67.4
13.1,22.6,51.4,18.3,350.6,5.8,9.3,93.4,Intermediate,Evening,Creative,78.4
9.7,30.9,,13.5,271.9,4.9,8.5,71.0,Intermediate,Morning,Analytical,90.8
11.2,31.1,68.2,20.8,460.7,2.6,8.0,,Expert,Afternoon,Creative,88.8
18.9,30.6,71.7,16.4,296.0,3.5,8.6,154.0,Expert,Morning,Creative,89.0
,32.4,,18.4,316.5,4.6,8.5,,Expert,Morning,Creative,84.7
16.1,34.2,62.7,20.7,291.7,4.7,6.5,118.5,Beginner,Morning,Cognitive,75.8
9.7,23.4,41.6,17.5,358.9,7.3,7.9,61.3,Intermediate,Morning,Analytical,70.0
15.4,28.7,62.7,13.6,309.3,5.2,6.6,48.9,Beginner,Afternoon,Analytical,78.2
5.8,33.1,81.6,19.7,271.0,4.3,5.0,160.6,Beginner,Evening,Analytical,85.8
18.4,28.4,42.2,21.1,396.3,4.2,,235.3,Beginner,Afternoon,Cognitive,65.9
16.0,35.8,49.9,10.2,348.7,3.3,,144.6,Beginner,Evening,Creative,65.6
9.6,30.5,67.3,15.7,352.5,4.0,8.6,215.0,Intermediate,Morning,Cognitive,92.5
21.5,18.3,68.5,16.9,337.1,5.4,7.8,72.4,Expert,Morning,Analytical,88.5
7.8,35.0,50.6,15.2,309.2,2.6,5.7,238.7,Beginner,Morning,Analytical,78.8
17.1,29.3,74.7,12.3,304.0,4.8,5.8,140.2,Intermediate,Afternoon,Analytical,82.6
17.2,19.4,51.8,13.4,358.9,3.8,7.6,,Intermediate,Afternoon,Cognitive,77.1
10.0,28.5,76.7,10.5,314.9,7.4,7.6,116.7,Beginner,Afternoon,Analytical,85.7
14.8,22.4,64.7,18.9,376.2,4.6,6.4,48.5,Intermediate,Evening,Creative,73.2
8.5,34.5,72.7,20.1,315.0,4.7,4.6,58.8,Beginner,Afternoon,Cognitive,76.0
3.6,29.8,63.7,20.1,313.2,2.3,8.2,113.2,Intermediate,Afternoon,Creative,90.5
10.7,24.5,66.6,15.9,338.5,6.9,2.6,166.6,Intermediate,Evening,Analytical,75.6
12.5,34.9,67.1,16.8,389.6,5.0,7.5,77.7,Beginner,Morning,Analytical,77.5
17.6,32.8,71.4,19.2,378.8,6.7,8.7,249.0,Beginner,Afternoon,Cognitive,79.0
15.3,28.6,59.7,15.3,317.6,3.6,4.2,117.4,Intermediate,Afternoon,Creative,76.9
15.4,22.5,51.0,13.2,301.3,4.0,7.2,83.9,Expert,Afternoon,Cognitive,83.4
10.9,24.9,59.2,14.3,480.9,1.3,6.4,77.4,Beginner,Morning,Creative,67.6
12.9,24.9,53.3,16.5,354.6,7.7,7.3,88.8,Intermediate,Afternoon,Analytical,77.6
11.3,34.5,54.0,13.9,230.8,4.7,8.5,,Intermediate,Afternoon,Cognitive,80.7
,19.9,76.5,17.4,405.3,7.7,5.0,223.4,Expert,Afternoon,Cognitive,88.0
12.6,29.7,66.2,11.9,362.2,3.3,6.7,156.9,Expert,Morning,Creative,90.2
,28.5,65.8,15.3,282.7,4.9,6.8,123.4,Intermediate,Evening,Analytical,84.9
12.7,36.2,70.7,17.2,381.5,6.0,,33.9,Intermediate,Evening,Analytical,78.7
13.7,31.4,66.2,16.4,347.4,4.7,7.9,-34.3,Expert,Afternoon,Creative,89.0
17.8,33.2,78.7,13.8,343.4,3.3,9.4,131.3,Beginner,Afternoon,Creative,82.0
13.0,26.8,39.1,18.2,306.7,3.1,8.0,,Beginner,Evening,Creative,65.7
9.7,22.6,50.0,16.8,347.6,3.3,7.2,87.2,Beginner,Morning,Creative,79.1
,28.0,53.0,9.7,249.2,9.3,,143.8,Expert,Morning,Creative,78.2
16.1,34.7,46.2,17.4,323.1,2.8,6.1,39.7,Expert,Afternoon,Analytical,77.3
16.3,34.6,,14.7,286.0,0.0,5.7,207.7,Beginner,Evening,Analytical,73.5
17.5,27.4,61.6,14.4,305.6,4.1,7.8,231.8,Intermediate,Morning,Cognitive,81.6
16.8,24.8,79.8,13.5,285.6,4.0,7.3,161.4,Intermediate,Evening,Analytical,91.0
15.1,23.7,,13.0,288.1,3.4,7.5,101.9,Beginner,Afternoon,Creative,84.7
24.6,29.2,54.9,16.6,384.4,2.8,5.7,83.7,Expert,Afternoon,Analytical,88.9
9.9,30.8,64.9,17.6,248.4,3.5,4.7,101.5,Beginner,Morning,Analytical,80.1
12.7,38.8,41.7,16.5,340.4,1.4,,139.2,Beginner,Morning,Analytical,69.8
18.9,30.7,61.4,18.8,263.5,7.6,5.7,180.5,Intermediate,Evening,Cognitive,79.7
15.6,33.7,60.9,17.7,386.1,4.5,3.9,147.0,Intermediate,Evening,Cognitive,67.6
,25.3,51.0,10.0,341.4,4.2,7.7,195.7,Beginner,Afternoon,Creative,68.5
15.7,30.3,58.0,13.3,249.8,6.1,5.1,153.1,Intermediate,Evening,Creative,72.9
,30.8,53.1,19.6,336.7,9.4,5.0,182.0,Intermediate,Evening,Cognitive,61.7
11.0,29.2,50.7,12.2,285.2,3.2,6.6,118.2,Beginner,Afternoon,Analytical,70.3
,29.9,66.7,7.8,331.3,4.6,5.6,51.1,Beginner,Afternoon,Analytical,63.2
19.7,30.8,70.3,21.5,253.6,5.6,4.6,,Intermediate,Afternoon,Cognitive,83.3
10.2,32.9,65.1,16.9,381.5,5.4,,251.1,Beginner,Afternoon,Creative,69.7
,37.0,55.6,14.0,220.1,5.8,7.8,137.7,Expert,Morning,Analytical,89.9
14.8,16.4,53.4,13.5,279.6,5.8,6.5,87.3,Expert,Afternoon,Creative,73.0
12.6,36.7,55.9,17.9,265.9,3.2,4.7,148.4,Expert,Morning,Analytical,89.9
,19.7,57.8,17.4,339.0,6.4,9.2,98.9,Beginner,Evening,Creative,76.7
11.0,31.9,51.3,17.0,295.4,3.8,5.9,121.9,Expert,Evening,Analytical,79.5
,44.1,70.5,15.4,310.8,4.6,7.8,125.1,Intermediate,Morning,Creative,87.9
18.3,29.7,58.0,12.2,287.9,5.2,6.8,74.6,Beginner,Morning,Creative,70.3
14.2,31.1,67.6,15.9,251.6,2.6,7.1,76.9,Beginner,Afternoon,Creative,83.1
18.3,28.1,46.0,19.2,308.6,4.9,7.0,115.7,Beginner,Afternoon,Cognitive,58.8
18.8,34.0,53.1,14.4,254.9,5.2,4.9,108.1,Intermediate,Morning,Creative,77.7
15.6,32.2,68.6,17.8,228.4,0.2,10.4,154.2,Intermediate,Afternoon,Cognitive,90.2
12.1,25.9,68.7,14.8,351.3,6.8,5.9,136.2,Beginner,Morning,Cognitive,74.6
16.8,29.3,48.0,18.4,258.0,2.4,8.2,,Intermediate,Morning,Creative,78.8
16.9,23.3,63.0,13.1,392.9,4.5,,111.5,Beginner,Morning,Cognitive,79.3
,29.3,63.3,16.0,390.9,7.1,5.3,71.6,Intermediate,Morning,Cognitive,72.1
18.5,27.5,52.9,17.4,364.3,5.3,9.1,,Beginner,Evening,Cognitive,58.1
9.6,30.8,63.6,14.0,263.2,6.1,9.3,179.4,Expert,Evening,Analytical,91.8
13.0,25.7,44.2,17.1,426.1,6.2,7.7,90.9,Expert,Afternoon,Creative,67.2
7.4,28.7,50.7,15.9,202.4,3.0,8.2,82.1,Intermediate,Afternoon,Cognitive,85.8
18.0,30.1,66.0,15.9,586.6,1.9,5.1,391.6,Beginner,Morning,Creative,51.7
14.2,30.5,60.3,14.0,361.7,4.8,8.0,96.4,Beginner,Afternoon,Cognitive,75.9
16.7,31.6,60.8,19.0,357.7,5.4,8.0,-10.8,Expert,Morning,Creative,90.9
9.1,29.0,58.2,13.2,283.7,6.2,7.7,133.2,Beginner,Afternoon,Cognitive,72.8
20.6,25.3,65.4,16.8,280.7,5.6,9.5,87.1,Beginner,Evening,Analytical,81.2
10.2,30.5,65.9,13.5,309.2,3.0,3.6,76.6,Beginner,Morning,Analytical,76.7
18.1,28.9,67.9,15.8,315.7,5.8,6.7,111.7,Intermediate,Evening,Analytical,80.5
,36.1,61.3,17.9,296.5,-0.2,9.2,-2.9,Intermediate,Morning,Cognitive,84.4
14.2,36.9,56.1,15.1,402.9,6.5,5.3,8.4,Expert,Afternoon,Creative,85.8
13.9,21.8,,6.8,285.8,2.2,8.0,92.4,Beginner,Morning,Cognitive,63.3
12.4,33.7,49.4,12.0,817.5,2.2,6.3,280.9,Beginner,Afternoon,Analytical,37.0
20.2,34.9,56.0,9.5,340.3,9.0,,104.2,Expert,Morning,Cognitive,80.0
15.1,21.9,53.9,16.2,371.0,4.1,5.4,,Expert,Afternoon,Creative,71.7
,33.5,76.0,16.0,245.3,3.5,10.4,119.9,Beginner,Afternoon,Analytical,93.7
13.5,35.4,,14.9,371.4,1.7,5.3,,Intermediate,Morning,Cognitive,66.4
15.5,24.3,70.4,14.1,369.6,4.9,6.8,122.3,Beginner,Afternoon,Creative,71.5
18.6,28.6,57.3,16.7,286.7,5.6,6.6,117.0,Expert,Evening,Analytical,100.0
12.6,31.1,57.9,11.7,362.4,3.3,8.6,86.6,Beginner,Afternoon,Creative,77.8
12.8,33.4,64.0,18.9,246.0,-0.3,7.1,96.6,Expert,Morning,Creative,83.5
15.1,24.1,45.8,16.2,296.3,7.3,4.6,130.7,Intermediate,Morning,Analytical,90.6
18.5,36.9,,13.2,378.4,3.4,,198.9,Intermediate,Evening,Cognitive,77.1
9.5,17.8,47.6,14.7,310.9,3.4,,134.3,Beginner,Afternoon,Cognitive,67.3
17.0,37.9,56.2,15.6,306.8,3.9,7.1,71.1,Intermediate,Afternoon,Cognitive,81.1
13.1,33.3,50.9,11.9,390.2,2.4,9.7,102.0,Intermediate,Morning,Cognitive,71.8
13.7,26.3,73.2,18.0,222.3,6.5,6.7,186.5,Beginner,Afternoon,Creative,81.6
23.0,35.2,54.2,18.9,311.1,5.5,7.5,124.7,Intermediate,Morning,Cognitive,78.2
14.2,23.7,36.2,16.4,316.7,5.0,8.7,37.0,Expert,Evening,Cognitive,76.3
18.0,30.7,56.7,18.8,280.2,8.6,6.0,146.0,Intermediate,Evening,Creative,74.7
17.9,31.4,,24.0,388.7,2.6,8.6,81.4,Intermediate,Morning,Creative,86.2
10.3,31.4,76.3,10.4,274.5,6.6,9.9,51.1,Beginner,Afternoon,Analytical,85.9
7.6,25.0,57.7,16.2,275.1,-0.4,4.3,125.1,Intermediate,Morning,Creative,76.2
18.3,27.0,54.8,12.0,196.4,5.3,8.7,69.5,Beginner,Afternoon,Analytical,76.6
10.7,30.8,59.9,20.7,375.5,8.5,,168.8,Intermediate,Evening,Analytical,71.8
,25.6,64.2,16.7,303.5,1.9,5.8,125.4,Expert,Afternoon,Cognitive,87.0
19.1,31.6,48.7,13.9,303.6,7.3,8.7,200.6,Intermediate,Morning,Cognitive,78.2
10.9,26.3,57.6,15.2,309.3,1.2,7.5,140.8,Beginner,Morning,Cognitive,81.8
11.9,36.0,59.5,20.0,379.7,8.2,6.3,90.2,Beginner,Evening,Creative,63.0
22.9,39.4,60.5,17.4,400.6,3.1,,89.4,Intermediate,Afternoon,Creative,70.0
8.4,28.2,58.6,17.7,233.4,2.5,,98.3,Intermediate,Afternoon,Cognitive,100.0
10.0,35.5,50.6,20.5,296.9,2.9,8.6,149.6,Expert,Morning,Cognitive,87.1
13.2,28.7,63.4,18.9,263.2,4.1,6.5,33.5,Expert,Morning,Creative,98.0
14.0,24.4,59.6,19.4,308.8,3.7,7.7,136.4,Intermediate,Evening,Analytical,68.2
11.4,27.4,59.5,15.6,315.4,3.9,7.7,64.8,Beginner,Afternoon,Analytical,90.5
10.4,30.5,49.2,9.2,234.1,4.6,7.1,254.4,Beginner,Afternoon,Cognitive,72.6
21.0,19.3,66.4,16.3,338.4,4.5,4.9,,Beginner,Afternoon,Cognitive,63.6
16.1,33.8,50.5,14.0,297.5,4.0,7.4,159.1,Beginner,Evening,Cognitive,69.6
,30.5,76.2,18.4,359.0,3.1,6.1,,Intermediate,Morning,Analytical,95.6
14.5,36.0,48.2,10.7,321.5,4.9,6.3,24.3,Intermediate,Morning,Cognitive,90.6
16.2,33.6,,18.5,234.2,4.8,,121.1,Intermediate,Afternoon,Analytical,86.7
18.7,30.7,40.9,16.6,350.7,4.7,7.8,143.5,Beginner,Afternoon,Creative,64.1
11.0,27.9,37.4,17.1,253.0,4.0,,85.8,Beginner,Afternoon,Creative,64.4
16.1,39.1,54.5,17.9,258.4,2.6,7.3,,Beginner,Evening,Creative,81.4
17.8,43.0,37.4,15.9,304.2,4.1,7.0,157.9,Beginner,Afternoon,Cognitive,73.4
21.2,28.0,67.3,15.0,305.7,3.4,5.7,126.7,Expert,Morning,Creative,93.4
22.8,36.3,59.8,19.4,232.3,-0.1,5.8,136.3,Beginner,Evening,Analytical,70.3
15.3,25.8,74.0,17.8,312.6,6.0,5.8,151.5,Intermediate,Afternoon,Analytical,88.7
19.6,26.5,58.3,18.1,315.6,4.5,7.0,194.1,Beginner,Afternoon,Analytical,68.9
4.3,27.7,62.4,15.8,313.6,4.0,6.5,70.0,Expert,Afternoon,Cognitive,100.0
21.2,34.1,57.3,16.3,235.6,5.0,7.3,236.4,Intermediate,Afternoon,Cognitive,72.7
12.1,23.6,51.3,16.0,327.2,2.5,5.7,236.2,Beginner,Morning,Analytical,70.9
14.0,39.3,,10.8,351.0,6.7,6.7,86.8,Intermediate,Evening,Analytical,78.8
16.8,35.6,48.0,11.9,252.7,6.4,6.9,160.3,Intermediate,Evening,Analytical,67.9
14.4,34.0,63.9,15.6,266.2,1.7,7.5,229.3,Expert,Afternoon,Analytical,87.7
15.8,28.2,56.9,10.4,359.4,2.7,9.2,206.4,Beginner,Afternoon,Creative,64.4
21.4,35.0,59.0,15.7,399.0,5.4,8.6,16.9,Expert,Morning,Analytical,81.5
13.5,12.5,88.2,13.3,311.7,4.5,,110.8,Expert,Morning,Cognitive,91.2
10.7,32.6,56.0,15.8,297.5,4.0,4.6,89.8,Expert,Morning,Cognitive,89.4
22.3,31.0,63.1,16.5,329.9,4.9,6.2,171.4,Intermediate,Morning,Cognitive,81.3
17.1,18.7,59.5,10.4,387.8,0.3,8.4,176.7,Intermediate,Evening,Cognitive,72.2
22.7,32.4,71.6,17.0,277.5,2.2,6.9,49.1,Intermediate,Evening,Cognitive,89.6
18.5,33.5,62.4,14.7,295.8,2.8,5.1,77.6,Intermediate,Afternoon,Analytical,79.4
9.7,18.9,57.3,9.0,294.5,5.5,,25.5,Intermediate,Afternoon,Analytical,80.7
17.6,22.9,,14.6,249.2,-0.3,6.3,114.7,Intermediate,Morning,Creative,89.5
11.1,42.4,51.4,17.1,362.6,4.4,8.9,,Intermediate,Evening,Creative,70.9
15.0,28.9,58.1,14.8,333.1,3.2,6.1,147.9,Intermediate,Afternoon,Creative,66.6
14.7,35.9,69.2,14.6,219.1,5.3,7.6,228.3,Expert,Morning,Analytical,100.0
8.5,36.8,51.8,16.5,319.4,5.6,8.0,136.1,Beginner,Afternoon,Creative,67.6
11.7,32.4,67.7,14.6,403.1,7.4,5.1,102.1,Expert,Evening,Analytical,79.1
23.8,36.1,55.2,15.2,333.8,1.7,5.9,168.2,Intermediate,Evening,Cognitive,74.0
16.0,17.3,70.0,12.0,400.2,2.4,6.4,98.9,Expert,Morning,Analytical,86.2
14.3,28.6,69.8,14.4,292.0,4.1,7.2,109.2,Intermediate,Evening,Analytical,83.4
,11.5,59.1,21.7,368.3,6.8,6.1,130.4,Beginner,Morning,Cognitive,67.3
13.4,19.5,50.0,16.5,385.7,4.9,4.9,48.5,Expert,Morning,Cognitive,86.7
14.6,26.7,56.1,16.8,316.4,4.2,5.5,101.5,Beginner,Evening,Cognitive,72.7
19.0,26.0,59.9,14.1,299.4,6.4,8.4,72.1,Expert,Evening,Creative,73.2
13.4,30.2,68.9,14.8,375.0,3.2,10.1,168.4,Intermediate,Afternoon,Creative,88.2
12.0,29.9,63.2,15.3,347.0,6.3,,58.2,Intermediate,Afternoon,Creative,77.4
6.0,30.8,65.4,18.6,367.7,7.5,8.6,63.6,Beginner,Evening,Cognitive,81.4
11.3,31.0,63.5,19.6,340.7,3.7,7.5,77.4,Intermediate,Evening,Creative,79.7
11.2,32.0,68.5,14.6,316.0,0.9,8.0,73.0,Beginner,Evening,Cognitive,70.2
15.6,24.2,58.0,15.9,315.6,4.3,8.1,220.4,Beginner,Afternoon,Cognitive,72.9
12.6,25.7,61.6,15.3,302.3,7.3,8.0,185.1,Beginner,Evening,Cognitive,75.6
23.6,29.8,60.3,18.3,340.0,5.0,7.5,149.4,Beginner,Evening,Creative,67.8
10.8,29.9,55.6,17.4,311.1,1.2,7.2,95.6,Expert,Morning,Creative,91.4
20.6,23.5,70.1,15.7,332.7,6.5,6.4,,Expert,Evening,Cognitive,79.5
15.9,36.5,,19.0,280.4,5.6,7.8,214.8,Beginner,Afternoon,Creative,65.2
18.2,34.3,72.1,17.6,277.4,6.0,7.5,101.4,Intermediate,Afternoon,Analytical,80.1
18.0,24.8,52.4,13.7,349.2,6.3,5.6,,Beginner,Afternoon,Creative,73.7
6.1,28.7,63.5,16.0,339.4,2.9,8.8,169.0,Intermediate,Morning,Cognitive,85.5
15.0,42.1,,15.5,298.5,6.1,8.5,105.9,Expert,Afternoon,Cognitive,95.4
14.0,31.0,75.0,13.0,388.8,2.7,7.3,109.6,Expert,Evening,Cognitive,83.6
10.5,32.4,44.9,15.3,278.9,1.6,8.8,106.5,Intermediate,Morning,Analytical,94.1
16.8,26.3,60.0,19.4,341.9,2.3,8.1,110.7,Intermediate,Afternoon,Cognitive,78.8
21.9,28.1,58.1,19.3,342.9,5.4,6.3,149.8,Beginner,Evening,Cognitive,68.2
,39.1,75.9,18.7,322.7,3.2,4.3,101.7,Expert,Afternoon,Creative,100.0
12.9,30.7,37.9,18.3,383.3,7.0,4.2,138.5,Beginner,Afternoon,Analytical,58.2
10.0,29.6,49.5,16.6,401.4,6.2,8.9,182.6,Intermediate,Afternoon,Creative,74.4
15.3,30.0,74.3,14.2,262.5,5.3,7.0,208.7,Intermediate,Afternoon,Cognitive,81.2
13.7,45.3,55.3,17.7,206.2,6.8,6.4,65.8,Intermediate,Afternoon,Cognitive,75.1
12.6,30.2,47.0,11.1,295.5,1.6,6.0,181.2,Beginner,Evening,Analytical,71.3
17.8,25.0,75.1,14.0,270.9,5.9,7.1,188.0,Expert,Afternoon,Cognitive,93.0
21.5,26.1,45.7,19.3,298.1,5.1,8.4,195.7,Beginner,Evening,Analytical,61.2
25.6,34.7,,14.5,411.0,1.5,5.8,123.0,Intermediate,Afternoon,Creative,82.8
12.0,21.4,44.4,17.9,454.8,2.6,7.1,105.6,Beginner,Morning,Analytical,68.5
7.7,32.7,45.6,14.9,272.6,3.7,11.0,27.3,Beginner,Afternoon,Creative,78.4
17.2,25.7,62.0,17.7,331.2,3.6,9.7,126.0,Intermediate,Afternoon,Cognitive,79.6
21.4,18.8,51.5,11.4,330.1,3.9,3.7,226.9,Intermediate,Afternoon,Creative,68.5
18.3,24.1,62.7,19.8,337.3,2.8,4.3,138.9,Beginner,Morning,Creative,87.6
21.4,30.2,78.0,12.7,251.5,7.0,,107.1,Beginner,Morning,Creative,85.9
14.1,38.4,58.4,11.9,706.3,1.5,8.3,262.4,Intermediate,Morning,Analytical,68.0
12.6,35.5,76.3,19.7,365.1,1.6,7.1,48.8,Intermediate,Morning,Creative,81.6
15.5,28.2,63.2,16.0,296.0,2.1,7.8,103.6,Expert,Afternoon,Analytical,93.1
13.7,35.8,69.6,15.1,381.5,2.7,6.5,,Beginner,Morning,Analytical,81.3
17.7,27.9,36.5,20.7,247.9,2.6,,153.5,Beginner,Evening,Analytical,67.4
18.9,21.2,66.4,18.2,235.3,7.4,8.1,90.0,Beginner,Morning,Cognitive,73.9
19.2,30.1,64.8,14.7,333.2,2.7,6.9,227.0,Beginner,Morning,Cognitive,73.6
17.0,21.0,56.4,15.6,341.6,3.8,8.3,32.4,Intermediate,Afternoon,Cognitive,73.7
16.0,34.7,79.0,19.2,311.8,1.5,6.2,138.8,Intermediate,Morning,Analytical,89.6
18.2,34.8,55.1,13.1,375.4,3.1,8.1,170.8,Beginner,Evening,Cognitive,63.4
7.1,24.7,43.9,20.3,287.1,5.2,7.5,,Beginner,Morning,Creative,83.9
15.8,30.9,67.8,14.7,380.2,5.4,5.0,127.3,Beginner,Afternoon,Analytical,67.2
15.2,30.8,45.8,13.4,359.4,6.0,9.2,165.9,Expert,Evening,Cognitive,71.3
15.9,35.2,60.8,19.3,413.1,2.0,4.9,,Expert,Afternoon,Analytical,73.8
14.6,22.5,73.4,18.2,231.4,2.7,9.0,220.1,Beginner,Morning,Cognitive,93.3
16.7,33.6,65.0,10.7,295.7,5.6,7.7,139.4,Beginner,Afternoon,Creative,71.2
12.7,22.1,57.5,15.7,274.7,4.0,8.0,189.6,Expert,Afternoon,Analytical,86.0
19.5,34.7,56.5,12.7,358.8,3.9,6.3,50.7,Expert,Evening,Cognitive,75.5
16.9,36.4,72.7,18.4,398.7,5.2,6.4,113.2,Intermediate,Evening,Cognitive,79.7
15.6,26.0,47.8,21.2,301.4,6.0,7.0,152.4,Beginner,Morning,Creative,80.4
12.2,37.3,,17.6,350.0,2.6,,151.8,Beginner,Evening,Creative,78.0
18.3,20.6,81.9,13.7,392.2,3.8,7.9,85.9,Intermediate,Morning,Cognitive,82.9
15.8,36.6,65.4,18.7,336.3,3.8,6.5,8.4,Beginner,Morning,Cognitive,70.1
12.0,38.6,57.6,15.8,355.1,2.1,3.8,14.4,Beginner,Evening,Analytical,64.5
14.8,32.1,58.4,15.8,220.8,4.6,9.8,63.2,Intermediate,Morning,Analytical,91.1
17.5,28.8,55.2,14.5,398.3,2.9,7.4,,Beginner,Morning,Cognitive,61.8
17.2,31.9,53.5,16.3,305.1,4.0,,,Intermediate,Morning,Creative,82.0
16.9,26.4,61.2,15.8,453.5,5.3,6.0,109.9,Beginner,Afternoon,Analytical,61.6
15.4,45.7,66.8,8.8,277.5,4.5,7.5,102.4,Beginner,Afternoon,Cognitive,85.5
19.1,26.5,76.1,16.1,343.7,2.2,8.1,122.5,Intermediate,Afternoon,Creative,74.1
20.0,37.9,40.4,15.6,361.3,4.4,4.8,115.1,Beginner,Morning,Creative,61.2
17.9,25.6,35.6,17.0,194.9,4.3,7.9,61.2,Expert,Afternoon,Cognitive,75.1
12.7,39.6,76.3,10.0,408.9,2.9,5.4,,Intermediate,Evening,Cognitive,70.5
10.8,42.1,60.6,17.5,357.2,2.3,5.1,22.1,Beginner,Evening,Analytical,79.0
12.8,32.3,61.1,16.1,245.3,4.3,5.7,232.2,Intermediate,Morning,Cognitive,85.6
22.8,31.7,65.0,17.5,338.5,1.2,10.2,147.1,Beginner,Evening,Analytical,73.3
16.1,24.3,,11.1,338.2,1.9,8.2,65.3,Expert,Afternoon,Creative,79.5
23.5,23.5,79.8,12.3,313.3,1.4,7.0,78.6,Beginner,Morning,Analytical,76.0
,31.8,64.9,10.4,290.2,1.6,9.6,188.6,Intermediate,Morning,Cognitive,78.9
14.0,38.7,55.5,16.4,316.6,3.0,5.6,39.5,Beginner,Morning,Analytical,81.0
14.7,26.7,56.4,15.0,363.1,6.1,5.5,123.0,Intermediate,Afternoon,Creative,74.5
14.6,43.2,58.6,15.6,361.0,5.2,5.6,118.1,Expert,Morning,Creative,82.4
11.9,26.3,52.2,11.8,320.4,6.2,9.8,116.5,Expert,Afternoon,Cognitive,96.7
10.4,31.4,,12.4,331.4,2.8,,152.7,Beginner,Morning,Analytical,78.8
17.0,31.4,61.2,8.5,313.6,-0.0,5.8,158.7,Beginner,Evening,Cognitive,74.5
19.2,29.4,48.3,12.0,271.4,2.8,6.0,144.8,Expert,Morning,Cognitive,76.4
24.8,17.7,64.1,14.0,317.1,6.3,7.4,187.3,Expert,Evening,Creative,78.6
13.3,26.3,74.4,14.2,559.1,3.2,5.3,223.9,Beginner,Evening,Analytical,74.9
13.6,31.2,70.6,15.8,270.2,4.0,6.7,89.9,Intermediate,Morning,Cognitive,88.4
11.9,29.4,52.4,18.3,199.0,3.6,5.5,52.1,Beginner,Afternoon,Creative,88.4
19.5,33.8,48.9,13.9,299.6,5.4,6.9,123.7,Expert,Morning,Cognitive,76.1
,34.5,,17.5,359.3,5.7,8.2,143.4,Beginner,Evening,Analytical,74.4
,28.6,43.8,18.3,381.2,0.9,9.6,14.0,Beginner,Afternoon,Cognitive,78.3
11.4,24.2,63.7,19.5,342.3,-0.9,4.7,146.6,Intermediate,Morning,Analytical,88.1
18.8,39.3,54.3,17.5,255.2,5.3,7.9,67.7,Beginner,Morning,Creative,80.1
,21.9,73.1,16.2,312.3,3.6,8.0,65.9,Intermediate,Afternoon,Creative,71.9
,26.4,,12.8,262.3,5.3,6.7,129.0,Intermediate,Evening,Cognitive,80.2
11.5,24.9,,16.8,415.5,3.4,6.1,-6.0,Beginner,Afternoon,Creative,76.7
7.5,34.5,66.2,14.9,300.6,5.0,,206.8,Beginner,Evening,Cognitive,76.3
11.5,37.9,68.0,20.1,295.3,3.7,4.2,,Intermediate,Afternoon,Cognitive,90.3
17.8,29.0,73.6,16.3,366.1,2.6,8.2,48.6,Beginner,Morning,Analytical,76.6
23.4,31.4,64.7,15.5,318.0,3.2,5.9,108.7,Intermediate,Evening,Cognitive,82.2
13.3,32.6,63.5,20.2,789.2,3.7,4.5,198.1,Expert,Morning,Analytical,60.6
,40.8,70.5,14.6,263.8,5.2,7.5,75.1,Intermediate,Evening,Cognitive,79.6
18.3,19.4,46.3,16.0,324.5,3.7,7.5,90.2,Beginner,Afternoon,Analytical,67.2
9.4,34.5,51.2,22.0,345.4,1.9,8.3,112.6,Beginner,Morning,Creative,68.0
15.9,32.3,47.1,16.8,189.1,7.3,9.7,119.3,Beginner,Afternoon,Cognitive,75.5
18.5,27.8,33.1,19.4,285.9,4.6,7.1,112.0,Beginner,Evening,Analytical,62.7
5.3,32.0,68.4,20.5,289.3,6.7,6.6,123.4,Intermediate,Evening,Cognitive,84.3
17.6,34.4,74.3,14.3,322.8,1.8,6.4,142.5,Intermediate,Morning,Analytical,82.0
19.7,33.5,65.6,18.7,304.5,3.5,6.6,99.9,Beginner,Morning,Analytical,79.5
16.6,43.0,63.8,15.0,334.8,4.4,5.9,146.0,Beginner,Afternoon,Cognitive,73.9
14.8,30.8,60.8,22.1,308.3,5.3,6.3,190.2,Beginner,Afternoon,Cognitive,78.0
,30.2,60.6,20.3,377.4,0.2,5.9,147.1,Intermediate,Afternoon,Creative,83.5
14.1,28.9,77.0,18.2,425.5,0.3,5.4,224.5,Beginner,Morning,Creative,75.5
,33.3,75.5,19.1,245.0,2.7,9.6,35.8,Intermediate,Evening,Creative,90.4
,29.8,54.1,13.9,321.2,5.1,,85.0,Beginner,Afternoon,Cognitive,80.2
13.3,30.1,71.1,21.2,374.3,2.7,,141.8,Expert,Evening,Creative,82.7
15.5,30.1,72.3,13.3,284.9,3.7,,134.6,Expert,Afternoon,Analytical,94.7
12.8,29.2,66.5,17.2,334.0,4.1,6.9,96.8,Beginner,Afternoon,Cognitive,74.6
11.5,26.3,63.9,13.9,301.0,2.3,7.2,156.8,Beginner,Evening,Analytical,70.7
18.0,32.5,63.5,18.6,269.8,6.9,4.8,,Intermediate,Afternoon,Analytical,88.5
16.5,28.3,45.2,21.2,269.2,2.4,4.2,190.6,Beginner,Evening,Analytical,64.9
12.8,33.7,44.3,17.4,196.5,-0.1,6.9,56.4,Intermediate,Evening,Cognitive,86.9
17.0,30.7,67.8,16.9,328.3,2.0,6.4,123.3,Expert,Afternoon,Cognitive,83.8
13.2,27.7,49.0,15.7,331.6,2.3,6.2,,Intermediate,Afternoon,Creative,65.2
,39.4,46.1,16.3,272.4,4.3,6.7,171.4,Expert,Morning,Creative,81.3
18.9,29.4,,15.0,306.0,4.5,7.9,152.8,Beginner,Morning,Creative,66.4
12.6,33.7,55.2,20.9,247.9,5.2,8.3,91.1,Beginner,Morning,Creative,81.4
10.3,25.8,63.7,18.4,346.6,7.8,5.5,180.0,Intermediate,Morning,Analytical,79.2
14.4,17.8,64.5,15.0,300.0,4.1,5.7,118.7,Beginner,Morning,Cognitive,78.8
9.5,26.6,68.5,16.2,358.5,5.7,7.2,45.4,Intermediate,Morning,Creative,87.8
13.9,17.2,56.1,24.7,303.9,3.1,8.8,104.8,Beginner,Afternoon,Analytical,84.5
13.9,28.6,61.1,16.8,270.6,4.6,6.7,259.1,Beginner,Afternoon,Cognitive,71.9
5.1,38.8,68.5,20.4,293.2,3.3,7.2,108.6,Expert,Morning,Cognitive,98.9
17.1,24.6,64.6,14.3,768.7,3.7,,201.5,Beginner,Morning,Cognitive,48.4
14.3,17.4,54.2,17.4,424.8,4.3,3.7,137.3,Expert,Afternoon,Analytical,81.4
19.7,39.0,63.0,14.1,244.6,6.0,10.5,117.4,Expert,Afternoon,Creative,90.5
15.9,27.1,40.2,14.4,365.3,3.9,,211.9,Intermediate,Afternoon,Cognitive,68.6
17.9,29.9,60.0,18.4,264.6,3.9,5.5,164.0,Intermediate,Afternoon,Analytical,87.7
19.8,34.7,53.8,13.3,282.0,4.6,3.8,159.2,Intermediate,Evening,Cognitive,58.3
14.5,33.1,75.2,12.4,330.4,5.8,9.2,103.9,Expert,Afternoon,Analytical,88.3
,34.5,50.2,18.1,344.5,1.2,,,Beginner,Afternoon,Creative,58.3
8.7,35.4,61.2,14.5,283.6,4.5,5.6,101.5,Intermediate,Evening,Creative,70.1
20.0,19.5,55.7,15.2,350.5,1.3,5.9,145.6,Intermediate,Evening,Cognitive,73.0
14.4,21.5,54.4,10.6,379.2,6.6,7.2,243.9,Intermediate,Afternoon,Creative,65.4
11.0,37.0,63.8,12.2,356.4,4.7,8.0,213.7,Intermediate,Afternoon,Creative,82.3
18.0,25.3,55.8,16.7,271.7,6.5,6.6,113.0,Beginner,Morning,Analytical,82.1
6.3,26.0,78.5,15.3,297.8,0.7,5.4,133.4,Intermediate,Afternoon,Analytical,94.8
13.3,22.4,40.3,18.7,363.8,3.7,,54.1,Expert,Evening,Cognitive,69.4
18.6,27.6,66.3,13.3,397.6,5.7,6.3,105.4,Beginner,Afternoon,Analytical,71.9
,27.9,59.2,15.5,256.5,6.8,7.0,-13.4,Expert,Evening,Creative,85.6
12.1,24.4,59.5,16.1,335.1,4.7,4.7,174.8,Intermediate,Afternoon,Analytical,79.3
13.3,23.7,63.0,15.4,356.7,3.1,7.9,75.1,Expert,Evening,Creative,87.8
7.0,31.9,70.0,17.8,250.2,3.5,8.6,114.2,Intermediate,Afternoon,Cognitive,92.5
17.9,25.2,62.7,12.7,370.9,1.9,5.7,92.8,Intermediate,Morning,Creative,69.8
14.5,26.4,,17.5,425.7,6.9,4.2,181.8,Beginner,Afternoon,Analytical,69.4
13.9,16.9,60.5,19.4,353.2,5.3,6.4,202.1,Expert,Morning,Analytical,86.0
13.9,41.6,49.7,13.5,348.3,3.6,,204.7,Beginner,Morning,Analytical,75.1
15.1,35.7,59.1,17.2,282.4,5.1,6.0,,Expert,Evening,Analytical,83.6
17.6,27.0,71.5,17.1,295.5,3.8,10.8,159.3,Expert,Morning,Cognitive,96.8
14.8,24.6,55.9,17.8,287.6,3.4,6.2,67.7,Beginner,Evening,Creative,74.1
9.6,30.1,49.2,16.0,275.8,2.5,4.3,128.9,Beginner,Morning,Analytical,74.7
17.3,29.9,66.2,20.3,307.9,2.5,6.2,177.8,Intermediate,Morning,Creative,70.0
17.0,22.3,63.4,22.3,335.5,4.8,4.2,104.3,Beginner,Evening,Cognitive,70.0
15.8,14.7,52.3,17.9,277.1,6.1,5.9,133.2,Expert,Afternoon,Creative,82.5
19.3,26.8,57.7,16.9,302.6,3.3,7.6,82.9,Beginner,Afternoon,Analytical,80.4
15.1,20.6,58.2,16.0,335.9,2.4,6.3,185.5,Beginner,Afternoon,Creative,63.9
19.4,31.0,60.1,12.1,214.2,5.9,8.7,107.0,Expert,Afternoon,Analytical,83.3
20.6,31.1,66.5,11.7,367.5,4.2,6.2,87.9,Intermediate,Evening,Analytical,80.2
17.3,24.2,55.9,12.5,330.7,-0.5,4.8,140.4,Expert,Afternoon,Cognitive,83.3
12.0,26.8,67.0,16.8,331.3,2.6,,175.2,Beginner,Afternoon,Cognitive,77.0
14.5,40.6,54.7,15.4,377.8,4.9,6.8,36.3,Intermediate,Evening,Creative,68.0
20.0,34.7,,20.6,366.9,2.4,7.0,,Intermediate,Morning,Creative,82.7
9.0,27.3,76.9,8.5,350.4,4.1,5.1,90.1,Intermediate,Afternoon,Analytical,93.6
13.4,43.8,51.4,16.1,334.0,1.5,7.4,160.0,Intermediate,Evening,Analytical,70.1
13.6,22.8,47.7,17.3,319.5,3.2,9.1,88.9,Intermediate,Afternoon,Analytical,73.9
11.5,25.1,69.8,18.7,291.0,1.8,5.0,68.2,Intermediate,Evening,Analytical,70.1
18.5,29.3,,16.4,272.0,1.5,,77.4,Beginner,Afternoon,Cognitive,78.2
,20.8,65.5,17.1,339.4,2.5,4.7,129.9,Intermediate,Evening,Analytical,75.4
12.2,40.7,53.5,16.5,339.7,5.7,7.0,152.1,Beginner,Evening,Cognitive,65.1
17.4,31.1,58.7,17.3,327.1,4.8,4.6,82.5,Intermediate,Morning,Creative,83.6
14.4,25.3,56.6,15.9,252.8,8.1,7.5,123.3,Beginner,Morning,Creative,78.3
11.4,32.7,63.0,22.3,187.2,2.8,7.5,81.3,Intermediate,Afternoon,Cognitive,84.6
12.1,30.9,47.5,17.7,322.8,6.0,7.6,,Intermediate,Afternoon,Analytical,74.4
16.7,28.2,59.0,16.6,228.3,7.7,10.9,90.4,Beginner,Morning,Creative,77.3
,22.7,47.4,13.8,335.9,6.2,4.2,77.5,Beginner,Morning,Cognitive,60.3
13.1,21.4,54.8,15.0,417.4,6.3,4.4,46.8,Beginner,Morning,Creative,74.8
17.2,43.1,59.0,20.5,336.6,4.2,8.9,115.6,Intermediate,Evening,Analytical,78.2
21.3,21.9,65.1,8.5,298.2,4.5,7.8,188.0,Expert,Afternoon,Cognitive,86.0
10.0,40.2,65.9,16.2,267.7,2.2,8.7,,Beginner,Afternoon,Creative,77.8
16.4,24.9,67.6,15.9,291.2,-1.3,3.9,102.1,Intermediate,Morning,Analytical,89.3
,34.7,45.2,17.5,318.2,4.4,5.0,168.3,Beginner,Afternoon,Cognitive,72.3
14.6,32.8,72.6,16.8,373.6,2.1,8.5,90.5,Intermediate,Morning,Cognitive,85.8
,34.0,53.6,20.5,327.0,3.1,6.7,131.6,Expert,Morning,Cognitive,85.5
23.8,34.4,54.3,16.3,305.4,2.3,9.0,26.7,Beginner,Evening,Cognitive,65.7
16.4,20.3,62.7,15.8,353.7,4.6,6.4,119.8,Intermediate,Evening,Creative,84.2
14.1,25.9,56.6,18.9,854.6,3.6,,186.7,Beginner,Morning,Cognitive,51.1
18.9,21.8,63.6,20.6,335.7,6.5,10.4,8.3,Beginner,Morning,Cognitive,87.3
18.4,31.1,,18.1,329.6,2.6,5.4,93.1,Beginner,Morning,Cognitive,79.4
4.9,22.1,52.4,19.0,237.0,4.4,8.1,-21.0,Beginner,Afternoon,Cognitive,82.3
15.0,18.1,58.2,15.3,451.9,3.6,4.6,167.3,Intermediate,Morning,Cognitive,70.5
13.4,28.6,58.5,16.4,245.5,3.4,5.7,149.6,Intermediate,Morning,Analytical,83.5
16.6,16.7,69.6,20.5,310.4,3.8,8.1,65.6,Intermediate,Morning,Creative,85.0
14.2,31.6,55.3,17.6,278.3,7.0,4.9,77.4,Beginner,Evening,Analytical,73.6
14.7,22.5,54.9,15.3,295.2,5.7,8.3,,Beginner,Afternoon,Creative,78.5
11.5,25.0,49.8,16.1,451.5,3.1,,223.3,Intermediate,Afternoon,Cognitive,69.8
17.9,16.3,50.9,19.1,282.1,2.8,5.5,93.4,Expert,Afternoon,Creative,73.7
21.6,39.9,46.5,19.4,227.3,2.4,6.8,117.6,Beginner,Evening,Cognitive,62.9
11.6,21.2,53.0,13.5,331.0,4.2,6.1,,Expert,Evening,Cognitive,78.8
9.4,27.8,75.9,17.1,355.0,1.0,5.9,60.0,Intermediate,Morning,Analytical,85.9
15.1,19.2,66.9,16.0,667.3,3.6,6.3,335.8,Intermediate,Morning,Analytical,72.3
14.9,25.0,72.8,15.8,338.2,4.8,,104.7,Intermediate,Afternoon,Analytical,86.9
19.7,40.5,50.5,20.0,343.3,2.5,4.4,183.1,Beginner,Morning,Creative,68.5
10.1,31.8,40.5,15.3,341.3,4.1,3.8,113.2,Beginner,Afternoon,Creative,61.5
12.8,25.7,63.2,14.3,362.3,4.5,7.8,21.9,Intermediate,Afternoon,Analytical,82.4
6.4,29.8,78.5,13.6,379.5,0.5,7.6,45.5,Beginner,Afternoon,Analytical,82.8
20.5,26.6,55.1,15.5,398.9,4.4,5.8,104.3,Expert,Morning,Cognitive,71.3
16.0,29.4,61.0,13.8,223.7,3.1,6.8,20.2,Intermediate,Afternoon,Creative,92.2
13.1,34.5,44.3,13.4,343.4,7.7,9.1,151.8,Beginner,Evening,Cognitive,64.0
9.7,28.0,60.3,13.3,259.5,4.4,6.1,169.2,Intermediate,Morning,Creative,86.0
10.1,31.3,58.8,13.5,390.3,2.2,6.6,31.0,Beginner,Afternoon,Analytical,71.5
16.7,31.4,39.1,13.7,323.3,0.4,9.9,102.9,Intermediate,Morning,Creative,80.2
10.6,28.0,49.6,17.2,333.8,3.9,7.6,114.4,Intermediate,Morning,Creative,77.8
15.4,25.6,48.8,10.1,561.1,6.6,8.4,307.4,Expert,Afternoon,Cognitive,63.5
23.2,26.8,44.2,13.9,330.5,2.8,8.1,144.6,Intermediate,Morning,Analytical,71.0
13.6,34.2,52.8,15.7,402.4,4.6,7.8,95.2,Intermediate,Morning,Analytical,76.6
11.2,34.7,65.1,19.4,382.0,5.5,5.9,35.1,Intermediate,Morning,Analytical,79.2
,23.2,53.7,15.3,400.2,5.4,5.5,120.1,Expert,Afternoon,Cognitive,77.4
10.1,28.4,71.5,15.5,310.3,4.0,8.0,112.2,Beginner,Afternoon,Cognitive,83.9
21.9,25.5,56.4,15.7,213.8,2.7,7.8,70.8,Beginner,Morning,Cognitive,81.5
,34.8,63.3,10.5,357.4,3.5,7.3,247.1,Beginner,Afternoon,Creative,62.5
14.3,27.2,65.0,18.0,264.2,1.9,7.4,130.4,Beginner,Morning,Creative,76.6
11.4,43.2,75.3,17.9,301.9,2.1,5.8,81.0,Intermediate,Afternoon,Cognitive,89.6
13.3,31.3,52.8,18.4,316.9,6.0,5.2,86.4,Intermediate,Afternoon,Cognitive,81.0
13.8,37.1,64.4,23.5,320.1,4.7,5.9,169.9,Intermediate,Afternoon,Analytical,78.1
16.5,23.9,50.5,12.1,352.2,4.6,6.6,191.3,Beginner,Evening,Creative,62.6
19.2,30.1,77.2,11.5,273.8,2.6,6.1,157.0,Intermediate,Evening,Creative,79.1
10.9,33.7,49.6,18.1,351.3,6.4,9.4,181.0,Beginner,Morning,Analytical,76.3
,23.8,63.8,15.0,310.5,3.5,9.2,,Intermediate,Evening,Analytical,76.7
17.5,30.1,75.6,13.0,450.1,4.3,8.3,117.3,Intermediate,Morning,Analytical,82.9
13.0,36.3,48.0,15.2,240.5,6.3,8.8,50.9,Beginner,Evening,Cognitive,75.7
10.7,28.0,66.0,14.1,326.4,2.6,5.1,168.2,Beginner,Morning,Cognitive,77.0
,24.9,50.1,21.2,350.7,2.7,8.1,173.8,Beginner,Afternoon,Cognitive,71.0
10.8,40.8,83.3,22.8,299.4,6.1,6.9,60.6,Expert,Morning,Cognitive,97.2
19.1,23.0,41.1,11.1,291.3,5.6,,84.0,Expert,Morning,Cognitive,77.7
10.5,30.9,44.8,11.6,386.2,4.7,6.6,62.2,Intermediate,Afternoon,Creative,70.0
17.2,25.8,48.8,13.7,362.0,-0.4,6.6,133.5,Beginner,Evening,Creative,66.4
14.7,24.4,49.1,13.9,280.1,6.6,6.4,114.0,Intermediate,Afternoon,Creative,76.2
12.8,34.4,65.2,13.7,245.9,2.8,6.1,122.3,Intermediate,Afternoon,Analytical,87.6
14.6,28.8,78.0,15.4,349.4,2.8,5.0,100.4,Intermediate,Evening,Creative,76.7
19.3,32.4,,14.7,336.1,3.6,4.6,230.0,Beginner,Morning,Analytical,76.2
,16.5,62.3,11.9,348.5,1.6,7.6,177.6,Beginner,Morning,Creative,77.6
13.4,33.0,60.1,12.9,313.4,6.4,2.8,111.4,Intermediate,Morning,Cognitive,86.5
12.0,25.7,53.9,20.6,362.9,4.3,9.9,28.2,Beginner,Afternoon,Creative,68.7
14.8,18.7,63.9,14.9,400.0,5.4,6.1,,Beginner,Morning,Cognitive,75.9
12.3,41.3,,14.8,396.5,2.5,4.3,22.9,Beginner,Morning,Cognitive,75.7
7.9,33.6,61.9,11.4,279.1,6.0,7.8,146.3,Intermediate,Morning,Creative,92.1
10.8,31.4,52.6,14.6,445.0,6.8,6.8,110.2,Expert,Morning,Creative,81.7
21.6,37.5,48.0,18.9,352.9,1.5,5.6,,Expert,Evening,Cognitive,78.4
16.0,31.5,60.3,17.8,248.7,1.8,6.1,163.0,Intermediate,Morning,Analytical,80.6
15.8,25.2,60.0,18.4,341.9,2.4,6.9,-13.8,Intermediate,Afternoon,Analytical,85.4
13.9,29.0,54.0,12.4,331.5,5.8,8.6,70.7,Beginner,Afternoon,Creative,79.5
14.8,25.9,52.3,12.3,314.2,4.4,,,Intermediate,Afternoon,Cognitive,73.4
13.3,27.0,65.6,19.4,309.8,3.9,7.5,95.9,Beginner,Morning,Analytical,80.5
17.1,22.5,64.5,18.5,355.1,4.7,9.5,138.6,Intermediate,Morning,Creative,85.0
15.4,24.2,78.8,15.2,355.3,7.9,5.8,124.5,Beginner,Morning,Creative,75.1
10.3,35.4,73.8,18.6,290.7,0.5,8.1,118.9,Beginner,Afternoon,Cognitive,86.3
16.0,32.0,48.1,12.4,293.2,3.4,8.0,49.6,Beginner,Morning,Analytical,76.6
5.2,27.0,58.1,12.3,291.2,-2.2,9.8,258.6,Beginner,Afternoon,Creative,84.3
16.7,23.8,46.4,11.1,311.3,5.0,7.4,129.2,Beginner,Afternoon,Analytical,71.3
,27.6,41.6,17.1,364.3,6.2,,214.3,Beginner,Afternoon,Creative,64.0
,19.9,82.0,16.7,380.1,3.4,8.6,169.0,Expert,Afternoon,Creative,90.5
10.2,30.8,74.8,14.4,309.3,5.3,7.9,156.6,Intermediate,Afternoon,Analytical,82.1
15.0,35.7,53.7,13.7,374.9,0.9,5.7,,Intermediate,Evening,Analytical,69.2
17.3,44.2,72.4,23.2,342.1,5.0,,86.7,Expert,Morning,Cognitive,85.8
21.0,23.4,73.9,15.2,326.7,8.9,7.4,84.6,Expert,Afternoon,Cognitive,82.7
8.8,35.4,40.8,20.2,413.4,3.2,8.3,114.0,Intermediate,Evening,Cognitive,65.4
18.9,25.8,68.5,15.6,336.5,4.8,7.5,110.2,Expert,Afternoon,Cognitive,89.1
15.5,23.2,55.1,14.5,313.2,2.8,,-27.1,Beginner,Morning,Analytical,75.7
13.2,23.2,63.8,20.2,361.8,4.4,6.6,119.1,Beginner,Afternoon,Cognitive,74.1
18.0,30.8,90.1,18.4,258.5,6.2,4.9,,Intermediate,Morning,Analytical,87.0
14.1,24.4,75.9,15.9,309.0,5.2,7.9,41.9,Intermediate,Morning,Creative,90.3
17.9,26.4,58.7,19.4,333.1,3.8,10.0,55.8,Intermediate,Morning,Analytical,83.1
11.0,27.4,74.2,23.6,356.0,3.8,7.8,123.9,Beginner,Morning,Cognitive,81.5
,25.6,40.8,13.8,332.1,1.6,4.1,144.7,Beginner,Afternoon,Analytical,65.8
18.8,25.1,65.0,17.4,255.5,6.0,7.2,,Intermediate,Evening,Analytical,81.9
20.9,15.4,65.3,14.8,275.8,5.5,,140.7,Beginner,Morning,Analytical,81.7
14.9,30.5,67.1,13.2,298.4,1.5,6.2,128.0,Intermediate,Evening,Analytical,75.3
3.9,30.4,54.9,13.1,332.1,4.4,3.9,,Intermediate,Evening,Analytical,84.2
14.2,25.2,63.8,20.8,255.2,2.1,7.7,117.9,Intermediate,Evening,Cognitive,79.3
15.1,32.2,68.6,10.5,390.5,3.1,8.4,118.1,Intermediate,Evening,Analytical,69.8
14.1,38.4,36.8,17.5,335.6,5.6,5.7,,Expert,Afternoon,Cognitive,79.4
,30.1,56.8,13.5,334.3,6.0,5.7,111.1,Intermediate,Morning,Creative,74.5
13.1,38.0,51.0,21.3,311.3,5.4,6.5,140.5,Intermediate,Afternoon,Analytical,69.3
18.4,43.4,66.6,15.2,247.8,3.5,,176.9,Intermediate,Afternoon,Creative,82.9
10.3,45.2,73.8,14.9,324.5,4.9,6.6,146.1,Beginner,Evening,Cognitive,75.7
19.9,22.9,53.9,20.7,357.4,2.5,5.9,-18.5,Beginner,Evening,Analytical,64.7
21.2,22.9,49.1,18.6,312.3,5.5,6.4,36.8,Beginner,Afternoon,Creative,69.5
11.3,27.3,61.2,17.7,373.5,4.0,7.9,,Intermediate,Morning,Cognitive,84.2
11.3,30.8,48.5,18.4,316.9,3.1,4.0,71.1,Intermediate,Morning,Creative,77.1
16.6,39.5,57.7,12.8,354.8,2.5,6.7,190.4,Expert,Morning,Analytical,95.4
10.3,33.8,56.7,18.2,314.5,5.4,6.5,,Beginner,Afternoon,Analytical,74.7
13.0,22.8,65.8,15.4,339.0,3.7,6.8,169.5,Beginner,Afternoon,Analytical,78.5
19.4,26.3,63.2,17.1,363.4,3.0,6.0,67.5,Expert,Evening,Cognitive,77.3
,29.7,61.6,17.5,266.0,3.0,5.0,187.4,Beginner,Afternoon,Creative,75.6
22.9,21.1,76.4,12.7,352.4,1.5,8.4,75.7,Intermediate,Evening,Cognitive,79.7
15.7,30.1,62.7,17.8,372.7,4.3,4.2,62.0,Intermediate,Afternoon,Creative,79.0
,22.9,55.8,15.4,429.5,4.6,9.3,124.8,Intermediate,Evening,Cognitive,64.5
15.2,20.1,57.0,12.3,323.6,1.0,7.5,32.0,Beginner,Morning,Analytical,84.1
14.4,24.3,52.4,15.6,215.0,1.8,8.0,,Beginner,Evening,Creative,77.3
14.5,32.5,49.8,16.1,231.0,0.7,,172.1,Beginner,Afternoon,Creative,71.7
14.9,32.4,46.1,17.8,275.6,6.4,8.8,207.1,Intermediate,Morning,Creative,79.8
11.3,30.6,71.3,8.8,384.1,5.2,7.8,106.4,Intermediate,Morning,Cognitive,78.7
,35.9,52.8,17.2,429.8,6.2,9.0,90.3,Beginner,Evening,Analytical,81.1
9.4,35.3,63.2,14.5,299.7,7.2,8.3,28.6,Intermediate,Morning,Creative,83.3
12.1,31.2,57.0,18.4,322.7,4.9,8.7,158.1,Expert,Afternoon,Cognitive,85.1
14.5,30.4,59.7,16.0,190.9,3.9,5.9,93.5,Beginner,Morning,Creative,78.5
6.0,30.8,71.5,15.0,352.6,4.4,6.4,47.4,Intermediate,Afternoon,Analytical,88.3
18.1,29.1,61.8,15.5,326.7,2.7,7.0,136.7,Intermediate,Evening,Creative,76.9
6.8,17.0,50.8,17.0,307.5,2.4,7.0,40.9,Beginner,Afternoon,Analytical,79.7
17.7,36.8,,18.7,271.8,3.2,7.9,129.1,Beginner,Afternoon,Cognitive,73.4
9.8,32.4,68.6,13.3,302.4,3.5,5.9,96.5,Intermediate,Evening,Cognitive,92.1
13.4,22.7,,15.0,252.7,0.7,7.0,131.5,Expert,Evening,Analytical,94.5
17.1,38.6,69.2,20.4,277.0,1.5,7.9,,Expert,Evening,Analytical,96.0
23.8,26.5,57.6,14.9,256.5,1.5,4.1,131.9,Intermediate,Afternoon,Cognitive,84.5
15.5,29.4,,17.1,269.2,1.4,8.6,13.4,Intermediate,Morning,Analytical,85.3
7.1,36.1,65.1,12.3,262.2,5.3,10.1,,Beginner,Afternoon,Analytical,83.3
18.8,31.3,62.5,10.9,348.9,3.3,5.6,114.6,Intermediate,Afternoon,Creative,79.6
14.1,38.0,62.8,12.9,262.5,3.6,,7.6,Intermediate,Morning,Cognitive,90.4
15.3,27.9,46.2,13.9,317.4,4.8,7.3,119.2,Beginner,Morning,Cognitive,73.3
17.2,40.1,53.6,19.1,265.4,5.6,5.7,161.9,Intermediate,Morning,Analytical,81.0
6.1,25.3,50.6,19.4,267.4,4.9,8.2,93.4,Intermediate,Afternoon,Analytical,87.4
,37.9,64.0,10.2,265.4,7.3,9.9,41.9,Beginner,Evening,Analytical,78.1
13.4,16.4,64.3,14.4,368.9,4.1,,94.2,Expert,Morning,Cognitive,83.0
,23.4,59.6,18.1,310.9,4.4,5.4,-16.0,Beginner,Afternoon,Creative,76.3
17.9,31.8,69.7,15.7,282.6,2.8,3.6,,Beginner,Evening,Cognitive,69.9
,27.6,74.9,20.5,269.8,0.2,,165.1,Beginner,Morning,Creative,86.4
20.1,29.6,63.5,18.0,252.8,4.2,7.2,91.8,Intermediate,Afternoon,Analytical,74.7
16.8,30.2,66.7,15.2,284.1,5.7,9.7,104.5,Intermediate,Evening,Cognitive,81.6
8.8,22.9,54.6,15.5,248.2,2.5,9.8,186.8,Beginner,Evening,Creative,80.3
15.2,23.3,52.7,15.8,298.3,3.0,6.0,212.3,Intermediate,Morning,Cognitive,77.4
19.1,31.4,70.1,13.5,284.6,5.9,8.2,163.8,Beginner,Morning,Creative,77.4
10.1,26.0,51.3,18.8,281.0,3.9,5.3,59.1,Intermediate,Morning,Creative,74.7
20.5,38.0,67.0,18.2,381.9,2.2,7.1,194.2,Intermediate,Afternoon,Cognitive,80.3
8.9,28.8,77.2,17.4,307.8,2.1,6.8,157.0,Intermediate,Afternoon,Analytical,99.0
11.8,34.3,66.5,16.7,310.9,5.3,5.7,134.3,Expert,Afternoon,Cognitive,81.2
11.2,32.7,59.2,12.9,384.1,3.7,,138.6,Beginner,Morning,Analytical,73.1
,26.4,46.6,17.5,252.1,3.7,,,Beginner,Morning,Creative,69.2
13.0,18.1,61.6,16.4,295.6,1.2,8.6,8.4,Intermediate,Afternoon,Creative,86.2
10.3,37.1,70.1,22.0,242.5,5.0,6.8,110.9,Expert,Afternoon,Cognitive,92.4
16.8,24.1,58.2,12.1,323.5,6.1,6.9,51.7,Beginner,Afternoon,Cognitive,82.2
17.6,27.6,,13.8,350.4,3.3,4.2,144.6,Beginner,Afternoon,Analytical,77.1
17.7,29.1,63.7,11.2,198.8,4.8,7.4,71.0,Beginner,Morning,Analytical,86.7
13.9,29.7,62.9,15.3,363.0,3.2,6.6,305.2,Intermediate,Morning,Cognitive,78.2
16.0,35.8,,10.8,335.6,5.2,6.9,,Beginner,Morning,Analytical,69.3
12.4,30.0,45.4,19.6,321.8,5.0,6.3,50.1,Intermediate,Morning,Analytical,70.2
21.7,29.2,55.7,19.3,257.9,3.2,5.6,177.5,Expert,Morning,Cognitive,80.4
19.6,36.1,55.7,15.5,358.6,-0.3,5.7,95.4,Intermediate,Morning,Cognitive,72.1
19.3,33.6,65.8,13.0,404.1,2.4,,125.5,Beginner,Morning,Creative,72.3
18.2,25.6,59.8,11.4,299.6,4.7,5.0,111.5,Intermediate,Morning,Creative,74.2
17.1,23.1,70.8,13.9,304.1,5.8,7.4,10.4,Beginner,Afternoon,Cognitive,66.5
,25.1,62.8,17.9,321.1,2.8,7.8,83.7,Expert,Morning,Creative,85.2
17.5,29.7,55.0,13.6,300.0,6.7,6.8,52.4,Intermediate,Afternoon,Analytical,90.0
15.5,22.5,51.9,21.7,311.1,7.0,7.3,-24.8,Beginner,Afternoon,Cognitive,81.3
20.1,30.5,54.0,20.5,371.4,5.4,6.7,88.2,Intermediate,Afternoon,Creative,69.5
18.2,29.2,61.6,16.0,316.7,1.7,8.7,104.3,Intermediate,Evening,Cognitive,85.7
17.2,14.7,56.3,14.6,334.5,5.4,7.1,31.8,Intermediate,Morning,Creative,76.5
8.3,21.6,49.2,14.3,421.7,2.9,7.4,,Beginner,Afternoon,Cognitive,65.8
14.6,12.7,70.1,20.8,393.2,2.8,8.2,142.3,Expert,Evening,Analytical,84.2
12.8,27.9,61.5,14.0,267.7,4.9,,126.2,Expert,Evening,Creative,75.9
16.0,36.4,62.7,18.8,407.2,4.9,9.1,,Intermediate,Morning,Cognitive,90.1
13.3,18.7,51.8,16.1,388.8,4.9,6.0,152.8,Expert,Morning,Analytical,82.2
13.9,22.1,49.6,18.1,394.7,5.3,9.6,136.0,Beginner,Morning,Creative,68.4
16.8,29.0,58.4,13.5,288.7,3.9,6.7,212.7,Intermediate,Afternoon,Creative,78.4
13.3,23.6,39.7,15.0,330.6,1.1,6.0,,Intermediate,Afternoon,Cognitive,80.3
15.5,23.6,67.8,15.9,300.4,8.2,4.6,151.9,Intermediate,Morning,Analytical,82.6
8.9,33.2,53.0,14.1,326.1,3.2,,97.6,Intermediate,Afternoon,Cognitive,83.1
11.7,27.0,,19.7,407.6,2.6,,204.0,Beginner,Afternoon,Creative,65.6
17.6,21.1,,13.7,327.0,1.6,7.2,142.1,Beginner,Afternoon,Cognitive,72.6
10.1,17.5,57.8,14.3,234.0,4.3,7.4,113.2,Beginner,Evening,Cognitive,76.7
20.0,43.3,48.3,20.1,301.3,4.1,6.3,206.5,Beginner,Evening,Analytical,64.6
18.9,36.8,75.1,19.5,287.3,3.8,8.6,109.0,Intermediate,Morning,Analytical,91.6
13.9,27.3,44.7,20.8,409.5,7.0,7.7,145.1,Beginner,Afternoon,Creative,61.3
27.0,30.5,37.6,10.3,279.3,5.3,5.7,82.2,Beginner,Morning,Analytical,66.4
20.0,27.1,68.7,16.6,299.6,2.0,5.0,127.9,Intermediate,Afternoon,Cognitive,84.8
11.2,33.1,,16.3,301.4,8.1,8.2,243.9,Intermediate,Evening,Creative,66.3
18.0,24.9,72.5,14.3,400.0,1.0,6.6,171.6,Expert,Evening,Analytical,73.6
15.3,26.7,,17.0,368.0,3.8,8.0,145.6,Intermediate,Afternoon,Cognitive,75.6
11.9,32.7,62.8,15.0,348.4,2.5,6.6,37.6,Beginner,Morning,Cognitive,71.2
10.7,38.7,54.3,16.5,331.6,4.7,7.3,261.5,Expert,Morning,Creative,75.7
19.0,34.4,51.7,26.2,330.8,5.3,8.2,46.7,Intermediate,Afternoon,Creative,73.8
12.6,37.4,56.2,17.0,323.8,3.2,4.7,124.3,Beginner,Morning,Analytical,74.7
14.6,28.1,51.2,17.1,422.8,6.1,9.5,147.7,Intermediate,Afternoon,Analytical,76.1
11.3,26.3,72.1,18.5,256.6,4.4,7.6,157.9,Expert,Morning,Analytical,100.0
12.0,18.4,,16.5,181.7,6.9,3.9,77.6,Beginner,Morning,Analytical,80.4
14.5,30.4,65.1,12.7,342.2,5.9,,160.2,Beginner,Morning,Creative,75.4
16.6,32.3,70.1,11.1,390.1,3.1,8.5,46.4,Beginner,Evening,Cognitive,68.5
4.6,28.2,51.2,15.9,329.3,6.1,6.7,219.5,Beginner,Afternoon,Cognitive,76.2
15.1,25.3,63.8,15.2,221.0,2.7,9.1,43.0,Intermediate,Morning,Analytical,87.4
12.0,37.5,51.1,10.1,357.3,5.3,6.0,88.9,Intermediate,Morning,Creative,86.4
20.6,33.8,58.3,20.9,266.8,5.1,6.8,154.3,Beginner,Afternoon,Analytical,69.1
26.8,37.9,55.4,16.3,255.8,3.0,10.5,109.8,Expert,Morning,Analytical,83.6
13.6,24.3,53.0,20.3,271.1,0.0,7.8,,Intermediate,Afternoon,Creative,77.8
8.1,25.8,61.6,9.3,239.6,7.0,,195.5,Intermediate,Evening,Cognitive,81.3
15.5,37.2,47.9,20.4,330.2,4.8,8.2,,Expert,Afternoon,Cognitive,79.3
14.2,29.7,69.3,14.5,287.6,4.0,,76.9,Beginner,Afternoon,Analytical,82.0
22.9,26.6,49.2,19.8,253.5,4.0,,112.5,Intermediate,Afternoon,Creative,75.6
21.7,27.0,47.3,16.6,439.0,5.9,7.3,,Intermediate,Evening,Cognitive,66.6
18.5,29.9,57.5,17.4,293.4,8.4,8.8,69.5,Expert,Evening,Cognitive,81.5
12.7,36.0,56.3,17.4,322.6,5.8,9.3,105.4,Intermediate,Afternoon,Creative,80.6
17.7,29.0,63.6,14.7,397.7,4.7,8.9,172.8,Beginner,Morning,Creative,70.8
16.1,34.7,60.8,14.1,353.9,4.6,6.3,145.5,Expert,Afternoon,Cognitive,79.3
16.0,32.8,43.7,14.9,415.4,4.7,4.8,103.8,Beginner,Morning,Analytical,64.5
8.8,24.7,69.9,11.6,285.2,2.0,7.7,74.5,Expert,Afternoon,Analytical,96.7
19.2,24.7,,14.6,372.4,5.2,6.9,165.9,Expert,Afternoon,Cognitive,84.0
15.4,27.3,62.4,13.9,344.5,1.4,5.4,85.3,Beginner,Morning,Analytical,77.6
,22.0,82.0,11.5,369.8,4.9,6.0,,Intermediate,Morning,Analytical,83.4
12.6,26.9,72.9,17.4,362.2,3.1,6.9,151.1,Beginner,Afternoon,Creative,79.3
11.8,39.1,62.1,16.0,281.4,5.7,7.4,184.0,Intermediate,Evening,Creative,77.8
16.3,29.8,46.3,16.7,461.2,4.8,6.2,68.7,Intermediate,Afternoon,Creative,66.4
8.0,25.4,46.4,18.1,207.0,3.3,7.0,93.4,Intermediate,Afternoon,Analytical,82.5
,41.5,71.6,15.3,276.8,2.0,6.9,119.9,Expert,Morning,Creative,93.9
,24.4,56.0,13.2,354.1,7.0,7.4,101.5,Intermediate,Afternoon,Creative,75.5
6.8,24.2,58.3,16.9,334.5,3.8,5.5,79.6,Intermediate,Afternoon,Cognitive,76.1
22.3,37.4,48.5,7.2,326.7,7.5,6.0,79.1,Expert,Afternoon,Creative,71.0
11.6,34.0,64.5,15.7,355.8,1.5,9.0,43.2,Expert,Morning,Cognitive,86.9
12.1,29.2,71.4,18.3,277.9,3.5,6.6,73.7,Beginner,Afternoon,Analytical,82.9
19.5,35.0,,19.1,362.0,-0.5,7.7,161.9,Expert,Morning,Creative,87.4
,31.8,55.5,14.4,313.5,5.5,5.2,173.5,Beginner,Morning,Cognitive,73.8
8.9,22.9,66.4,9.3,390.0,5.7,8.8,137.7,Expert,Evening,Cognitive,82.6
11.2,15.6,59.0,8.1,304.8,2.8,8.7,105.3,Beginner,Morning,Cognitive,79.5
11.5,26.6,68.8,17.9,343.4,2.7,7.4,113.6,Beginner,Morning,Analytical,86.1
18.7,36.5,60.0,14.9,351.9,3.2,6.1,204.6,Intermediate,Afternoon,Creative,72.9
21.6,27.4,51.8,22.1,365.3,3.5,4.8,171.3,Intermediate,Evening,Analytical,71.3
10.7,32.8,73.2,11.8,321.9,2.9,10.4,,Beginner,Afternoon,Cognitive,88.8
20.7,31.1,61.0,17.0,305.7,6.2,6.4,68.9,Beginner,Afternoon,Analytical,71.6
12.2,19.8,56.5,21.0,281.2,3.1,4.8,88.8,Intermediate,Evening,Analytical,90.6
,27.6,61.8,16.6,344.3,0.2,6.1,,Expert,Morning,Cognitive,94.5
9.9,32.2,52.6,11.2,225.1,3.5,7.6,157.9,Beginner,Afternoon,Creative,76.5
14.5,25.3,64.2,24.3,335.4,3.0,5.1,33.6,Beginner,Afternoon,Creative,75.5
14.6,27.8,58.0,20.7,339.2,1.4,6.1,161.7,Intermediate,Evening,Analytical,63.0
13.7,32.4,52.1,15.3,413.7,4.4,4.8,292.3,Beginner,Morning,Creative,62.5
16.5,30.4,,18.5,287.0,0.1,9.2,169.4,Expert,Morning,Cognitive,91.8
11.0,36.3,49.9,18.5,329.4,4.8,6.9,67.8,Expert,Afternoon,Creative,87.4
11.5,32.3,63.5,17.9,328.0,3.9,4.8,210.1,Intermediate,Afternoon,Analytical,75.1
16.8,24.3,60.6,11.9,264.7,2.9,5.6,140.1,Beginner,Afternoon,Cognitive,77.7
20.4,27.1,49.7,17.0,319.7,1.7,6.0,79.6,Intermediate,Afternoon,Cognitive,84.3
14.9,30.1,,20.4,252.9,1.1,7.0,122.9,Intermediate,Morning,Cognitive,83.9
17.0,38.0,46.6,17.5,368.1,5.8,5.6,105.5,Expert,Afternoon,Analytical,79.7
18.0,27.2,80.7,17.2,349.5,3.4,6.5,78.0,Intermediate,Afternoon,Analytical,87.5
18.3,19.6,57.3,14.4,341.6,0.6,6.0,46.9,Intermediate,Evening,Creative,72.7
11.2,32.6,,13.3,288.2,4.0,4.8,83.9,Intermediate,Morning,Analytical,79.8
11.9,25.5,79.5,11.3,390.9,3.5,5.6,,Intermediate,Evening,Cognitive,81.9
12.2,22.3,51.8,18.3,265.8,6.8,5.8,167.7,Expert,Afternoon,Analytical,74.2
22.7,30.1,72.9,15.3,322.5,3.2,5.2,43.4,Intermediate,Morning,Analytical,82.1
17.0,35.8,65.9,12.0,261.5,6.0,4.8,,Intermediate,Afternoon,Creative,72.0
16.9,26.6,40.2,18.9,310.8,3.6,6.1,126.3,Beginner,Morning,Cognitive,64.3
16.5,33.0,56.3,14.2,383.6,1.6,,100.3,Intermediate,Evening,Creative,68.1
9.7,34.1,64.4,13.4,343.6,4.9,6.8,96.4,Intermediate,Evening,Creative,75.7
,34.8,60.4,14.5,273.9,6.4,2.2,64.8,Beginner,Morning,Creative,67.2
16.9,25.6,60.4,15.4,293.9,5.8,8.5,67.8,Beginner,Morning,Cognitive,74.5
17.9,23.3,,17.4,301.0,4.6,,,Intermediate,Afternoon,Creative,71.8
7.9,24.1,52.9,13.4,278.3,6.0,,12.5,Intermediate,Afternoon,Cognitive,81.7
18.1,34.7,56.9,19.0,333.6,4.3,8.2,140.2,Intermediate,Afternoon,Creative,74.6
13.6,34.0,79.6,17.5,429.2,4.2,6.5,149.7,Beginner,Morning,Creative,73.9
9.7,24.3,50.9,14.5,292.0,1.1,6.7,219.8,Intermediate,Afternoon,Cognitive,77.0
11.2,42.8,55.2,15.5,416.5,4.4,5.3,155.4,Beginner,Morning,Analytical,61.7
9.9,23.5,60.3,14.7,319.8,7.0,8.0,117.9,Intermediate,Evening,Creative,85.9
,36.0,45.4,16.2,336.1,0.7,9.4,148.4,Beginner,Evening,Analytical,67.6
15.2,39.1,64.3,20.6,333.0,1.4,5.9,97.6,Beginner,Afternoon,Creative,64.0
13.5,30.7,47.1,14.7,235.2,3.3,6.1,68.8,Beginner,Evening,Analytical,71.5
16.3,25.4,49.1,16.6,342.7,1.3,10.0,158.9,Beginner,Morning,Analytical,67.8
21.7,25.5,48.6,13.9,198.4,5.4,,138.8,Beginner,Morning,Analytical,68.4
14.5,28.4,43.6,17.6,330.5,0.5,4.7,43.4,Beginner,Afternoon,Analytical,64.0
6.0,36.5,72.7,16.8,328.1,5.4,5.0,117.7,Intermediate,Afternoon,Analytical,81.3
,22.8,65.2,20.0,243.3,6.0,9.6,70.1,Intermediate,Afternoon,Cognitive,81.4
19.8,19.0,69.2,13.5,323.2,5.3,7.7,175.2,Beginner,Evening,Analytical,83.8
14.7,32.2,,18.1,305.4,4.0,5.4,94.4,Expert,Evening,Cognitive,90.8
21.1,33.5,58.3,19.8,312.3,5.1,7.5,222.5,Beginner,Afternoon,Creative,62.8
16.8,41.8,59.7,14.7,312.8,1.7,5.8,190.8,Intermediate,Evening,Cognitive,75.5
7.6,21.7,70.1,15.6,290.5,4.5,4.1,54.5,Beginner,Morning,Analytical,77.5
15.4,29.2,76.4,16.6,323.8,2.8,6.5,80.0,Beginner,Morning,Cognitive,79.4
16.2,37.0,47.4,15.3,363.3,5.8,7.0,160.3,Intermediate,Afternoon,Analytical,72.2
19.3,30.7,85.2,16.5,566.1,5.4,4.6,207.7,Intermediate,Afternoon,Cognitive,68.4
22.3,28.8,46.8,18.0,317.5,2.4,5.1,103.2,Expert,Afternoon,Creative,69.3
18.6,34.7,55.4,15.7,352.5,4.7,5.5,123.3,Intermediate,Morning,Analytical,84.6
16.8,26.4,60.7,15.6,433.5,4.8,6.7,112.5,Expert,Afternoon,Analytical,80.4
17.7,35.1,61.7,16.8,310.4,3.1,7.2,,Beginner,Morning,Cognitive,79.6
,22.5,79.6,14.8,234.9,4.0,4.8,102.9,Beginner,Afternoon,Cognitive,86.2
9.1,20.9,70.1,15.0,275.2,5.0,6.1,148.1,Beginner,Morning,Cognitive,82.2
15.2,28.4,64.1,13.3,350.1,3.1,6.3,147.8,Beginner,Morning,Cognitive,74.6
16.5,14.6,70.4,15.9,395.6,2.2,4.4,194.6,Intermediate,Morning,Cognitive,83.0
10.2,30.5,63.5,17.3,272.7,4.5,7.3,115.8,Intermediate,Morning,Analytical,91.3
20.3,19.6,53.2,15.2,317.8,7.0,7.9,129.4,Beginner,Evening,Creative,71.5
19.0,31.7,64.9,13.7,321.0,3.7,7.5,142.4,Expert,Morning,Cognitive,98.7
9.5,31.1,60.7,15.7,281.6,3.3,5.0,81.1,Expert,Morning,Analytical,89.1
20.5,29.6,51.6,17.2,396.8,2.4,7.9,110.5,Beginner,Afternoon,Creative,58.8
13.8,32.6,,16.4,378.2,6.3,6.8,,Beginner,Afternoon,Creative,77.1
11.9,31.2,59.5,22.7,337.2,5.8,8.5,161.2,Beginner,Morning,Cognitive,79.2
19.3,28.2,48.8,14.0,299.0,3.7,7.7,214.0,Beginner,Morning,Analytical,66.5
14.8,41.0,50.4,15.5,367.8,2.4,7.5,5.5,Beginner,Evening,Analytical,68.3
22.6,32.4,65.3,18.3,345.7,2.4,6.6,179.9,Intermediate,Afternoon,Analytical,76.2
11.6,34.6,,13.9,298.1,2.3,8.4,117.4,Beginner,Afternoon,Analytical,78.6
8.1,36.4,64.8,21.8,368.6,3.0,5.3,,Beginner,Afternoon,Analytical,79.9
13.9,34.0,64.9,16.0,338.5,2.9,5.1,135.6,Expert,Morning,Creative,78.7
18.2,42.4,51.9,17.7,237.0,2.5,11.1,178.3,Intermediate,Morning,Creative,83.7
11.3,31.0,60.9,16.1,270.4,6.2,4.1,113.7,Expert,Afternoon,Creative,76.0
9.7,30.0,56.7,19.1,253.5,7.2,,122.9,Beginner,Evening,Analytical,69.4
15.9,26.1,58.1,12.8,371.6,1.8,8.2,177.8,Beginner,Morning,Creative,84.1
9.1,28.5,58.9,20.7,284.9,2.9,,267.2,Intermediate,Evening,Creative,70.9
16.2,25.6,53.4,16.7,351.4,2.1,8.1,88.4,Beginner,Morning,Cognitive,84.8
13.6,34.1,67.5,18.0,428.6,4.6,8.8,126.9,Beginner,Morning,Creative,71.1
17.0,24.5,49.9,13.8,359.7,3.3,9.0,76.5,Intermediate,Morning,Cognitive,76.9
9.5,30.4,47.0,17.0,299.1,1.9,7.1,105.7,Intermediate,Morning,Analytical,75.6
20.2,33.4,52.1,13.1,282.8,7.3,5.2,89.2,Intermediate,Evening,Analytical,73.8
14.3,30.9,68.8,19.5,304.7,5.0,5.6,60.1,Intermediate,Afternoon,Analytical,80.8
18.1,24.6,63.4,12.1,268.6,2.0,8.9,150.5,Intermediate,Morning,Analytical,95.3
18.8,34.2,,16.5,262.8,7.0,4.2,132.2,Beginner,Evening,Creative,58.9
10.4,29.5,66.0,14.8,279.8,1.7,8.2,66.3,Beginner,Evening,Cognitive,76.8
18.5,12.8,59.5,11.3,346.6,5.2,4.6,,Beginner,Evening,Analytical,65.3
9.3,24.1,55.8,13.2,294.0,8.8,6.9,,Beginner,Evening,Analytical,67.0
9.5,38.4,57.6,17.3,308.7,3.7,6.1,,Expert,Morning,Cognitive,95.5
22.9,38.9,46.7,13.3,343.5,3.4,6.3,254.6,Intermediate,Evening,Cognitive,61.5
,33.2,61.7,14.0,356.4,4.3,9.0,114.9,Intermediate,Afternoon,Cognitive,79.9
23.3,34.7,47.3,17.1,223.5,8.5,6.2,122.6,Beginner,Evening,Cognitive,63.0
13.5,25.3,56.5,18.7,233.8,7.0,8.6,106.4,Beginner,Evening,Cognitive,74.0
15.4,28.4,56.5,18.0,300.7,3.1,,35.4,Beginner,Morning,Creative,86.4
,37.4,67.7,15.9,264.3,4.6,7.4,35.2,Beginner,Evening,Cognitive,76.3
15.0,32.6,60.4,16.7,362.7,5.8,6.8,203.2,Beginner,Morning,Creative,76.0
12.0,30.4,67.1,16.4,296.8,3.1,4.9,200.3,Intermediate,Morning,Cognitive,76.6
11.4,28.9,48.0,12.9,409.9,1.7,5.0,60.9,Intermediate,Morning,Cognitive,69.5
15.9,37.0,58.9,16.8,295.6,6.2,6.6,149.9,Intermediate,Evening,Analytical,71.7
10.7,36.7,65.3,12.9,335.4,5.0,6.4,200.0,Intermediate,Morning,Analytical,81.4
,33.9,72.4,17.8,286.6,4.6,8.0,40.5,Expert,Afternoon,Analytical,86.6
16.6,30.4,48.6,16.4,344.4,6.2,4.2,119.3,Beginner,Afternoon,Analytical,67.4
14.6,27.9,51.6,9.5,345.5,1.7,5.8,88.5,Beginner,Evening,Analytical,73.5
,34.2,65.1,18.9,364.4,3.5,7.6,129.9,Beginner,Morning,Analytical,72.9
13.3,23.4,76.1,14.4,313.3,9.3,6.6,,Intermediate,Evening,Cognitive,87.0
12.7,24.6,62.9,14.2,383.5,5.1,,143.9,Expert,Evening,Cognitive,72.0
16.7,21.3,48.9,18.9,335.0,5.3,7.5,155.4,Beginner,Afternoon,Analytical,74.1
11.8,37.4,49.1,15.5,287.8,4.2,8.3,-13.1,Expert,Afternoon,Analytical,84.7
12.4,25.7,61.3,17.8,288.2,0.3,5.5,162.0,Expert,Afternoon,Analytical,89.5
12.5,32.4,63.6,14.0,356.4,2.4,8.5,117.8,Beginner,Evening,Cognitive,75.0
14.2,29.2,57.8,18.4,383.2,5.8,6.1,249.6,Beginner,Evening,Analytical,60.7
22.1,47.4,49.2,16.6,263.9,2.9,6.5,156.0,Intermediate,Morning,Analytical,84.4
,32.7,,17.2,357.5,3.7,6.2,100.4,Expert,Evening,Cognitive,86.4
20.2,18.8,56.5,15.5,245.7,4.6,8.5,233.2,Beginner,Afternoon,Cognitive,77.2
18.0,37.1,65.3,20.9,289.1,2.0,6.8,115.7,Intermediate,Afternoon,Creative,74.1
21.3,27.7,42.3,21.6,344.5,1.4,8.2,136.5,Beginner,Evening,Analytical,63.6
27.5,28.8,72.0,9.4,277.6,4.0,6.3,37.0,Intermediate,Morning,Cognitive,73.5
20.7,26.0,53.2,18.8,393.3,3.3,7.5,82.1,Intermediate,Evening,Creative,68.3
,31.2,73.4,12.8,350.4,4.5,5.4,76.9,Intermediate,Afternoon,Cognitive,81.8
9.8,31.1,66.1,17.5,260.9,1.1,8.5,109.0,Expert,Evening,Creative,100.0
10.3,26.1,45.7,10.7,352.8,2.9,6.5,46.9,Expert,Morning,Creative,89.7
16.4,27.0,62.5,17.2,254.0,5.4,8.9,16.8,Expert,Afternoon,Analytical,88.1
8.2,30.6,76.6,13.5,320.2,9.9,6.9,126.4,Beginner,Evening,Analytical,79.1
,15.9,54.0,14.6,363.9,4.2,7.1,31.9,Intermediate,Morning,Creative,77.9
6.5,21.4,76.6,14.7,355.5,5.3,10.4,163.7,Beginner,Morning,Analytical,85.5
19.6,40.0,63.9,13.8,315.7,5.0,,238.2,Intermediate,Evening,Cognitive,77.5
13.7,32.0,73.4,13.9,302.8,4.6,7.3,133.6,Intermediate,Morning,Cognitive,91.1
15.5,26.9,61.6,14.8,558.9,5.4,5.2,204.5,Intermediate,Evening,Creative,62.6
12.0,19.8,58.8,15.5,329.1,2.1,5.9,-13.3,Intermediate,Morning,Creative,80.2
7.4,29.7,78.4,17.0,360.2,3.3,8.2,157.5,Expert,Afternoon,Cognitive,93.3
,35.9,67.2,21.6,423.2,4.5,6.5,115.5,Beginner,Evening,Cognitive,60.7
20.3,45.8,57.6,13.2,297.2,2.1,6.7,148.7,Intermediate,Afternoon,Creative,78.8
13.6,41.4,64.2,16.4,362.3,4.9,5.4,49.7,Beginner,Afternoon,Cognitive,70.5
17.6,24.7,,18.3,358.2,0.2,7.6,103.9,Beginner,Afternoon,Cognitive,72.8
13.4,27.0,61.1,13.9,296.2,5.6,7.2,193.9,Beginner,Evening,Creative,72.4
16.2,21.2,72.0,9.2,356.0,3.7,8.1,74.3,Expert,Morning,Analytical,95.7
18.0,25.0,,10.3,279.2,5.4,8.9,100.6,Expert,Afternoon,Cognitive,81.2
17.2,28.7,51.3,9.3,332.9,6.0,7.7,174.1,Expert,Morning,Analytical,83.0
,27.8,50.3,20.6,309.4,6.8,,161.8,Expert,Afternoon,Analytical,73.1
17.1,42.3,60.7,17.8,342.2,4.5,4.7,183.4,Beginner,Morning,Cognitive,65.6
15.1,22.1,51.9,18.3,346.2,0.5,8.1,77.2,Beginner,Morning,Analytical,74.6
12.0,29.7,,18.9,293.6,0.5,7.2,110.6,Intermediate,Afternoon,Creative,80.7
13.1,17.6,48.0,14.3,319.5,1.5,9.6,66.1,Intermediate,Morning,Cognitive,79.6
18.2,32.0,71.8,22.9,671.8,5.4,7.0,,Intermediate,Morning,Cognitive,64.0
9.0,21.9,58.6,17.0,265.5,1.2,4.4,62.8,Beginner,Afternoon,Analytical,74.8
19.4,36.6,60.6,15.8,301.5,3.5,5.1,117.6,Intermediate,Afternoon,Cognitive,87.4
13.9,28.3,,19.3,291.0,3.2,5.9,215.2,Intermediate,Evening,Cognitive,72.6
11.7,21.6,54.2,18.0,263.6,4.7,9.6,196.2,Beginner,Afternoon,Analytical,74.4
10.6,17.4,53.9,20.0,279.8,5.4,8.8,152.4,Intermediate,Morning,Analytical,82.4
17.7,24.1,57.2,20.2,307.1,4.2,6.2,65.3,Intermediate,Afternoon,Cognitive,82.9
14.9,31.4,,14.9,322.8,5.6,6.7,58.8,Intermediate,Morning,Cognitive,87.8
21.4,32.5,70.9,16.6,536.6,1.8,5.0,157.1,Beginner,Evening,Creative,55.5
9.9,27.0,59.8,13.3,380.0,6.0,4.9,144.5,Intermediate,Evening,Creative,72.3
12.7,35.6,62.0,11.1,350.7,4.3,8.7,153.5,Beginner,Afternoon,Cognitive,67.5
14.6,23.2,69.1,18.5,315.7,5.5,8.4,134.4,Beginner,Afternoon,Cognitive,79.3
12.0,12.4,68.4,18.9,259.1,3.0,6.6,114.4,Intermediate,Morning,Creative,78.6
15.0,31.7,,10.1,309.4,-0.1,9.8,132.8,Intermediate,Afternoon,Analytical,76.9
16.3,37.7,66.0,13.8,306.3,5.3,,87.0,Beginner,Evening,Cognitive,64.5
16.9,37.8,65.9,16.2,266.0,3.7,7.3,33.5,Intermediate,Morning,Creative,91.0
21.0,22.2,63.2,16.5,261.9,6.4,7.3,102.6,Intermediate,Morning,Creative,87.3
9.8,26.7,70.6,22.1,358.3,4.8,5.4,131.0,Intermediate,Afternoon,Cognitive,81.7
16.4,34.3,68.0,14.1,303.8,9.9,8.4,,Intermediate,Afternoon,Cognitive,83.0
12.4,26.2,67.3,15.5,364.3,6.5,8.4,28.5,Intermediate,Afternoon,Creative,82.6
16.7,30.6,73.7,17.9,319.3,3.5,7.4,107.3,Intermediate,Evening,Cognitive,78.4
16.7,25.7,60.3,14.9,357.6,0.8,5.3,83.2,Beginner,Morning,Analytical,82.7
11.1,23.5,60.6,14.5,355.9,2.3,8.6,200.2,Beginner,Afternoon,Cognitive,83.0
11.4,24.6,,14.2,343.3,2.1,4.3,153.7,Intermediate,Afternoon,Creative,85.2
17.0,35.7,58.2,16.7,379.1,3.0,5.8,-60.7,Intermediate,Morning,Creative,87.7
15.1,30.1,64.8,15.5,325.0,3.7,7.9,123.0,Intermediate,Afternoon,Cognitive,87.6
14.1,37.6,54.4,18.0,245.3,4.6,6.4,51.8,Beginner,Morning,Creative,86.0
17.6,33.1,37.2,17.1,253.2,6.7,5.5,32.8,Beginner,Morning,Analytical,78.4
17.9,39.6,66.0,7.3,287.4,2.3,9.1,-17.4,Intermediate,Morning,Cognitive,92.4
12.9,34.9,44.5,10.7,357.1,1.2,8.7,172.6,Beginner,Evening,Cognitive,75.2
11.6,34.6,53.0,14.5,300.0,5.7,8.6,180.8,Intermediate,Afternoon,Creative,78.6
10.0,29.3,68.2,18.9,330.3,6.7,7.5,30.0,Beginner,Evening,Analytical,69.4
15.1,48.1,68.3,14.0,346.8,3.0,7.1,187.1,Intermediate,Morning,Cognitive,91.0
,30.7,71.8,17.1,328.2,6.1,9.6,246.2,Expert,Afternoon,Creative,86.3
15.4,18.2,39.8,17.8,205.4,5.5,9.2,107.6,Beginner,Afternoon,Cognitive,74.4
19.9,31.6,63.0,17.6,260.7,0.6,6.9,65.8,Intermediate,Evening,Analytical,73.8
13.6,24.1,57.4,14.4,408.3,2.7,11.1,115.6,Beginner,Afternoon,Creative,73.2
12.9,36.1,69.9,12.6,336.3,3.0,6.8,190.1,Intermediate,Afternoon,Cognitive,86.3
23.0,34.4,74.8,12.1,185.0,8.0,7.6,199.0,Intermediate,Morning,Creative,91.3
,28.9,46.9,24.9,323.5,5.0,9.1,117.9,Intermediate,Afternoon,Creative,77.4
11.9,24.7,60.2,17.4,410.1,3.0,7.6,64.9,Intermediate,Afternoon,Analytical,78.3
15.6,30.9,68.3,21.5,333.7,2.6,6.6,,Expert,Evening,Analytical,80.4
16.3,26.2,,13.5,322.2,0.9,7.6,114.1,Beginner,Morning,Cognitive,78.0
15.8,34.7,77.5,19.7,360.9,6.1,7.0,239.6,Beginner,Morning,Creative,75.4
22.3,33.3,56.0,14.6,306.5,4.8,3.8,96.8,Expert,Afternoon,Creative,77.7
15.3,47.6,57.0,15.9,237.8,5.2,8.5,131.5,Intermediate,Morning,Creative,93.3
15.9,27.3,49.3,15.1,258.9,1.4,6.1,8.2,Expert,Morning,Cognitive,88.6
17.8,28.2,61.5,13.4,247.4,5.5,5.3,141.5,Intermediate,Evening,Analytical,79.2
19.8,29.1,29.8,13.4,407.0,3.5,8.8,188.2,Expert,Afternoon,Analytical,71.1
18.7,29.3,57.5,15.9,356.4,2.5,7.6,108.6,Intermediate,Evening,Creative,72.6
17.2,36.2,72.7,14.2,390.0,5.0,8.0,127.5,Intermediate,Evening,Cognitive,69.3
8.8,28.3,46.0,16.4,253.8,1.6,6.8,23.7,Expert,Morning,Creative,90.9
13.0,41.8,43.8,13.5,329.5,4.4,7.3,151.2,Intermediate,Afternoon,Analytical,79.8
18.3,33.5,71.2,18.1,269.6,3.5,,175.6,Beginner,Morning,Creative,66.4
16.0,27.1,72.5,14.6,274.9,6.1,5.7,218.5,Beginner,Evening,Creative,72.6
18.3,25.6,46.4,20.9,343.5,5.8,8.0,-22.5,Beginner,Afternoon,Creative,76.2
22.5,36.2,77.3,15.8,328.9,4.2,7.4,151.7,Beginner,Afternoon,Analytical,79.6
10.3,30.2,64.3,15.7,334.3,4.6,9.6,15.6,Beginner,Morning,Cognitive,83.4
19.6,30.1,70.5,20.8,257.2,5.2,3.6,,Intermediate,Afternoon,Creative,80.6
13.7,26.4,,14.5,326.4,4.0,8.8,86.7,Intermediate,Morning,Analytical,89.9
18.7,29.6,74.9,14.8,337.4,2.4,,150.0,Intermediate,Afternoon,Creative,88.5
14.8,26.2,57.3,13.9,286.2,3.0,6.3,145.9,Intermediate,Evening,Cognitive,70.7
23.5,38.2,,16.6,306.4,1.6,7.9,125.0,Beginner,Evening,Creative,65.2
15.5,34.3,64.8,13.8,237.7,5.9,5.7,92.6,Beginner,Morning,Cognitive,78.3
12.4,29.0,56.1,18.3,212.2,4.8,6.3,129.7,Beginner,Afternoon,Analytical,78.5
16.7,28.9,44.8,15.9,420.4,3.2,7.9,,Intermediate,Evening,Cognitive,69.1
16.3,30.6,61.3,18.5,330.2,2.6,,136.0,Beginner,Morning,Cognitive,76.5
19.6,30.0,56.8,18.2,302.1,4.5,,,Beginner,Evening,Analytical,67.0
16.8,24.3,52.3,14.5,359.9,1.2,5.9,36.7,Intermediate,Morning,Cognitive,88.0
24.9,18.6,,13.8,276.5,1.9,7.5,123.9,Expert,Afternoon,Cognitive,88.2
14.6,25.2,83.9,15.0,325.5,4.0,5.2,90.9,Beginner,Afternoon,Analytical,84.3
,29.2,50.8,16.0,375.3,8.9,8.1,166.6,Intermediate,Afternoon,Cognitive,65.9
12.6,25.6,62.0,17.0,264.9,4.9,10.2,151.9,Intermediate,Evening,Cognitive,87.4
,34.9,56.0,17.3,295.4,4.4,7.0,89.2,Intermediate,Morning,Creative,80.0
15.9,28.6,,15.9,251.0,1.7,7.7,129.2,Expert,Morning,Cognitive,86.3
16.1,41.2,,14.0,361.8,2.1,,111.6,Beginner,Afternoon,Cognitive,75.0
15.3,26.6,69.3,14.2,330.3,6.7,5.6,143.5,Beginner,Evening,Cognitive,63.6
12.6,30.8,71.8,17.6,378.6,3.1,7.5,140.9,Expert,Morning,Analytical,90.0
11.5,28.3,61.3,14.0,362.1,4.1,7.3,,Intermediate,Evening,Cognitive,79.6
13.5,32.6,58.1,17.7,306.9,5.2,9.7,39.7,Intermediate,Afternoon,Analytical,72.1
19.6,36.4,75.2,17.8,340.5,3.2,7.4,209.1,Intermediate,Morning,Analytical,78.8
20.4,33.6,67.8,20.6,341.1,3.0,8.9,183.3,Intermediate,Evening,Cognitive,78.7
14.7,17.8,51.5,14.6,356.7,0.6,,125.4,Expert,Morning,Cognitive,82.5
11.2,33.0,52.8,15.0,393.3,1.6,6.2,151.1,Expert,Afternoon,Cognitive,80.7
14.7,23.9,56.1,9.1,265.5,5.2,5.2,156.1,Intermediate,Morning,Cognitive,96.1
,28.1,71.6,13.2,226.2,3.1,7.5,78.6,Beginner,Afternoon,Cognitive,76.2
19.0,34.1,,13.1,267.4,5.3,8.1,194.5,Expert,Afternoon,Cognitive,77.6
17.2,23.3,,17.5,343.6,0.8,6.9,-1.9,Beginner,Afternoon,Cognitive,80.2
,36.9,,21.4,340.7,5.6,6.1,17.7,Beginner,Afternoon,Analytical,63.2
21.2,27.9,61.4,17.7,291.6,3.9,9.1,77.1,Expert,Afternoon,Creative,84.7
10.4,43.0,56.0,19.0,306.4,1.1,6.3,140.1,Beginner,Morning,Analytical,76.1
13.4,30.4,58.2,13.9,278.3,6.3,5.3,128.0,Beginner,Afternoon,Cognitive,69.9
12.9,40.2,69.3,12.4,314.6,1.2,,124.4,Beginner,Evening,Creative,83.2
,37.2,59.5,15.3,285.3,6.2,7.1,115.7,Expert,Evening,Creative,76.4
15.6,26.3,73.2,14.1,401.8,3.9,5.9,100.8,Intermediate,Morning,Cognitive,71.4
18.0,22.2,54.8,13.4,386.1,2.2,6.9,43.5,Intermediate,Morning,Cognitive,79.8
13.0,30.7,67.4,16.7,356.2,7.7,4.5,37.4,Beginner,Evening,Analytical,72.1
20.5,26.5,55.6,12.4,321.6,4.8,7.6,43.0,Intermediate,Afternoon,Creative,73.0
14.7,39.5,41.6,18.5,377.0,6.4,5.4,54.4,Intermediate,Afternoon,Creative,71.9
17.8,28.5,49.8,14.8,324.9,4.9,6.4,35.1,Beginner,Evening,Cognitive,70.8
19.8,28.2,61.2,15.9,328.1,3.6,6.0,,Intermediate,Morning,Cognitive,72.9
19.5,21.6,79.2,16.3,233.6,2.3,9.1,103.6,Beginner,Afternoon,Creative,95.2
16.4,32.5,55.4,14.6,333.0,3.6,6.5,183.4,Expert,Evening,Creative,82.7
18.3,23.0,58.3,19.8,255.4,4.3,5.7,146.4,Intermediate,Afternoon,Cognitive,83.4
22.0,32.7,64.9,11.2,299.9,5.6,10.1,,Expert,Morning,Cognitive,92.3
17.1,33.5,54.0,19.9,328.4,3.2,9.7,78.6,Beginner,Morning,Cognitive,81.2
12.1,25.5,55.2,15.0,275.1,5.0,8.3,233.8,Intermediate,Morning,Analytical,81.7
17.3,35.7,60.7,18.8,343.9,7.4,7.8,90.1,Intermediate,Evening,Analytical,75.5
14.9,28.4,55.6,16.6,372.6,4.3,5.7,54.8,Intermediate,Morning,Cognitive,72.3
,21.2,42.2,18.6,275.8,0.1,8.6,102.7,Expert,Morning,Analytical,90.5
16.8,39.3,53.5,15.6,325.9,4.1,7.5,85.8,Beginner,Evening,Creative,59.4
15.5,24.5,66.1,16.7,257.7,3.8,,68.6,Beginner,Morning,Creative,69.9
19.6,33.0,,19.3,261.7,3.7,7.2,122.1,Intermediate,Morning,Cognitive,88.4
12.0,32.6,73.4,16.3,335.5,0.8,6.3,196.0,Intermediate,Morning,Creative,84.1
9.0,32.3,72.6,20.0,355.7,4.6,4.7,40.8,Intermediate,Morning,Creative,83.0
15.7,32.2,51.0,17.1,244.5,2.9,9.0,143.3,Beginner,Afternoon,Creative,76.1
16.5,24.2,52.5,13.8,422.4,3.8,4.3,179.3,Intermediate,Evening,Creative,69.4
15.4,40.1,53.0,14.9,295.2,5.9,10.2,147.0,Beginner,Evening,Creative,76.0
,35.7,58.5,18.7,330.4,2.4,6.7,182.1,Intermediate,Afternoon,Analytical,75.9
10.7,32.9,53.8,12.3,293.3,3.8,,152.2,Intermediate,Afternoon,Analytical,87.9
14.4,22.0,58.3,18.4,305.8,3.6,7.8,78.2,Intermediate,Afternoon,Cognitive,82.8
13.6,24.1,51.3,14.9,395.9,3.7,5.5,227.8,Beginner,Morning,Creative,69.8
19.3,33.9,67.8,12.1,395.3,3.1,6.7,151.2,Intermediate,Morning,Analytical,81.4
16.5,18.0,,16.6,237.5,3.2,6.8,257.1,Beginner,Evening,Analytical,66.3
13.9,32.0,50.0,13.9,291.8,7.4,6.1,8.3,Beginner,Morning,Analytical,67.7
21.9,22.0,65.2,14.3,467.5,3.2,8.6,263.4,Intermediate,Morning,Creative,63.3
13.9,24.8,67.2,14.1,298.3,4.5,5.2,171.8,Expert,Afternoon,Analytical,88.1
17.2,21.5,57.7,16.3,341.1,4.2,7.3,,Beginner,Afternoon,Cognitive,68.8
14.3,31.5,68.7,14.8,376.8,4.1,,64.7,Intermediate,Morning,Cognitive,85.3
21.5,36.7,68.0,17.2,362.7,5.0,7.4,164.5,Expert,Morning,Creative,72.7
,32.1,79.0,19.0,179.1,2.7,7.3,191.9,Expert,Afternoon,Cognitive,94.9
15.5,32.7,67.3,17.6,336.7,6.8,9.9,14.6,Beginner,Afternoon,Analytical,83.9
14.4,31.0,77.1,21.4,407.5,2.2,6.1,154.2,Expert,Morning,Creative,87.0
15.8,34.1,60.6,22.2,321.5,3.7,6.7,81.2,Beginner,Afternoon,Cognitive,68.1
19.8,32.8,74.0,15.1,267.9,1.6,6.6,154.7,Beginner,Afternoon,Creative,78.2
18.4,13.7,74.2,12.5,268.9,5.8,9.5,58.2,Beginner,Evening,Analytical,80.9
15.1,35.4,58.6,15.1,310.0,2.2,6.1,196.3,Intermediate,Morning,Cognitive,78.2
21.8,34.8,53.1,16.4,353.8,5.5,,115.2,Beginner,Morning,Analytical,70.9
18.5,27.8,,22.7,464.5,4.5,6.6,,Beginner,Afternoon,Cognitive,63.7
13.2,18.2,64.2,14.9,305.5,4.4,6.8,178.0,Beginner,Afternoon,Creative,74.7
9.5,31.5,48.5,16.8,348.1,6.2,7.0,137.9,Expert,Morning,Cognitive,79.1
13.3,32.0,55.5,14.0,242.8,2.8,8.6,67.9,Expert,Afternoon,Cognitive,89.7
16.7,27.4,72.0,15.0,235.8,6.9,9.2,158.0,Beginner,Morning,Cognitive,85.6
17.4,31.1,66.7,12.4,295.2,3.2,4.9,114.3,Expert,Morning,Creative,88.6
20.4,36.4,36.5,11.6,342.3,4.9,,131.4,Expert,Afternoon,Cognitive,69.2
10.6,44.4,46.7,20.1,315.7,3.6,8.9,98.1,Intermediate,Morning,Analytical,87.5
13.2,30.9,,19.2,322.7,5.2,,12.6,Beginner,Evening,Creative,84.9
10.3,32.0,71.8,14.9,306.3,2.0,8.8,123.5,Intermediate,Afternoon,Creative,78.9
9.6,25.1,54.2,19.2,318.6,4.2,5.1,84.1,Expert,Afternoon,Analytical,90.5
12.5,27.0,45.1,12.1,305.3,4.0,7.8,138.0,Intermediate,Afternoon,Creative,80.2
16.5,29.2,47.5,15.5,252.5,4.9,8.9,,Beginner,Afternoon,Cognitive,76.2
18.1,37.1,65.1,16.5,245.4,4.8,6.1,88.4,Intermediate,Morning,Creative,88.8
11.2,34.9,,19.8,388.0,2.3,5.1,248.0,Intermediate,Evening,Analytical,72.2
11.8,41.6,79.1,16.6,278.8,6.6,8.7,101.3,Intermediate,Evening,Creative,96.8
,21.1,44.2,17.6,308.0,3.9,6.4,124.8,Beginner,Morning,Analytical,74.4
15.9,22.1,57.0,14.6,379.5,5.5,6.1,232.7,Beginner,Morning,Creative,72.5
12.1,36.6,51.4,16.8,306.5,1.5,4.2,59.5,Expert,Morning,Analytical,91.2
21.7,38.7,61.4,19.8,363.9,3.2,6.2,170.4,Expert,Afternoon,Creative,75.4
16.6,30.2,46.7,11.2,275.6,6.2,6.0,75.2,Beginner,Afternoon,Cognitive,76.0
14.3,3.2,54.5,19.4,397.8,7.3,4.3,106.1,Expert,Evening,Analytical,73.9
12.4,25.5,51.3,15.4,331.4,4.8,6.1,143.8,Beginner,Evening,Analytical,71.6
9.0,32.0,65.2,11.8,318.7,3.8,8.8,188.8,Intermediate,Afternoon,Creative,83.3
9.5,24.6,54.9,15.2,311.8,1.9,7.5,58.6,Intermediate,Afternoon,Creative,80.7
12.5,31.1,56.3,19.9,358.3,5.6,4.5,135.4,Expert,Afternoon,Creative,78.0
12.2,41.4,65.1,14.6,331.8,4.6,7.6,75.4,Expert,Afternoon,Cognitive,93.4
11.0,38.6,76.4,16.9,160.1,-0.7,8.1,158.7,Beginner,Afternoon,Creative,90.5
16.5,34.9,81.2,11.2,297.6,0.5,7.2,178.2,Expert,Afternoon,Analytical,91.8
17.1,29.6,64.6,10.5,336.1,4.7,6.9,160.1,Beginner,Afternoon,Creative,81.6
,27.0,59.1,12.8,271.6,2.3,,71.7,Intermediate,Afternoon,Cognitive,79.8
22.7,34.5,73.2,19.0,294.8,1.9,7.6,53.8,Intermediate,Afternoon,Creative,91.3
8.0,30.2,71.7,15.8,300.6,3.8,7.9,109.7,Intermediate,Afternoon,Creative,86.6
15.2,30.4,68.8,19.3,399.7,4.7,7.4,46.4,Beginner,Afternoon,Analytical,78.8
14.1,20.7,,19.5,349.9,6.9,,150.8,Expert,Afternoon,Creative,76.1
12.8,25.7,72.1,13.7,336.5,2.4,6.7,204.8,Beginner,Afternoon,Cognitive,72.3
12.2,34.5,63.6,20.7,261.7,4.9,5.0,72.8,Beginner,Afternoon,Creative,71.1
15.0,23.4,51.1,14.4,285.8,1.9,,151.4,Intermediate,Morning,Creative,89.8
14.1,31.6,53.3,19.0,362.5,3.0,4.2,72.5,Intermediate,Morning,Analytical,88.0
13.4,32.5,65.8,18.9,353.0,4.4,6.4,195.4,Expert,Afternoon,Creative,77.7
9.8,32.8,34.9,16.2,249.0,3.7,5.6,180.7,Beginner,Afternoon,Analytical,71.4
8.5,33.4,58.7,16.2,390.0,1.3,6.8,115.2,Beginner,Evening,Analytical,72.6
13.8,33.8,53.4,17.0,277.0,5.0,6.8,165.9,Expert,Afternoon,Creative,84.2
13.4,26.3,52.4,16.3,337.9,5.5,5.6,170.2,Intermediate,Afternoon,Analytical,73.1
14.2,21.2,55.4,14.8,456.7,8.7,8.6,48.5,Beginner,Morning,Analytical,73.2
14.6,24.8,45.2,14.6,299.1,4.4,6.8,149.7,Intermediate,Morning,Creative,74.9
12.9,34.4,70.5,14.9,328.4,4.3,8.8,82.7,Intermediate,Evening,Creative,81.8
14.2,22.8,38.7,19.7,292.1,4.6,5.2,127.4,Intermediate,Morning,Cognitive,81.0
11.6,23.8,61.7,11.2,328.8,1.3,5.4,99.3,Intermediate,Afternoon,Cognitive,78.3
21.1,23.7,51.5,14.5,391.3,1.4,5.3,,Expert,Afternoon,Analytical,76.7
11.8,18.9,79.8,15.0,310.3,3.8,7.8,175.2,Expert,Afternoon,Analytical,100.0
13.5,23.1,60.2,15.3,305.3,-0.6,9.6,51.4,Intermediate,Evening,Creative,74.4
12.1,36.0,38.8,16.9,375.2,1.7,6.5,15.1,Beginner,Afternoon,Cognitive,75.3
12.0,25.7,65.5,12.0,256.8,3.0,,93.1,Expert,Morning,Cognitive,89.6
15.1,19.5,49.1,19.1,324.2,6.0,7.7,186.3,Intermediate,Evening,Creative,70.8
14.6,26.9,69.8,18.7,283.6,4.5,,66.1,Intermediate,Evening,Creative,81.8
,33.1,66.2,18.0,308.1,1.0,5.4,89.1,Beginner,Morning,Creative,82.9
13.9,19.0,74.7,15.4,275.6,3.9,7.8,190.0,Expert,Morning,Creative,86.2
12.1,35.7,61.9,13.8,248.6,5.2,8.2,203.1,Intermediate,Morning,Cognitive,88.6
16.6,21.4,68.2,15.0,209.6,5.4,3.9,,Beginner,Morning,Creative,82.5
23.2,27.6,60.4,16.2,297.4,6.1,8.7,,Intermediate,Evening,Creative,80.3
11.5,27.6,54.1,18.0,331.4,6.4,8.8,180.1,Expert,Afternoon,Cognitive,86.3
16.6,26.6,70.7,15.8,360.7,5.1,6.5,95.1,Beginner,Afternoon,Creative,65.9
15.2,29.6,47.7,17.1,253.2,5.0,8.0,161.6,Expert,Evening,Cognitive,84.9
17.7,34.7,59.6,14.7,327.6,4.5,10.0,72.2,Intermediate,Afternoon,Cognitive,91.5
17.8,29.8,54.3,16.9,348.0,5.7,6.0,,Intermediate,Morning,Creative,71.4
15.8,26.4,68.4,15.3,338.0,2.4,8.7,182.6,Beginner,Evening,Creative,73.3
14.8,32.7,50.5,16.8,332.9,3.6,7.4,159.5,Beginner,Evening,Analytical,71.6
13.3,31.2,55.9,10.7,211.9,2.6,5.3,99.5,Expert,Evening,Analytical,78.7
11.9,26.0,60.4,17.5,314.0,4.9,4.3,161.6,Beginner,Afternoon,Cognitive,66.4
14.6,30.3,74.9,17.6,315.9,3.5,8.1,,Intermediate,Evening,Cognitive,86.9
9.9,25.5,54.7,17.6,347.3,6.0,5.0,86.6,Beginner,Morning,Analytical,68.2
12.6,24.8,56.0,13.0,389.4,4.1,8.5,155.1,Beginner,Afternoon,Cognitive,73.7
19.4,34.8,46.5,13.9,307.0,6.1,3.7,5.9,Beginner,Evening,Analytical,68.2
15.4,32.7,50.2,13.4,302.8,-0.2,7.2,173.2,Intermediate,Morning,Creative,88.9
18.6,34.6,,17.0,326.5,2.6,6.5,58.2,Expert,Evening,Creative,82.2
20.9,33.8,60.3,18.0,321.1,5.9,,,Beginner,Afternoon,Creative,66.9
14.3,24.7,60.5,13.9,341.6,4.0,7.3,30.6,Beginner,Morning,Cognitive,80.3
15.8,36.0,77.4,19.9,346.5,6.1,7.9,95.2,Beginner,Evening,Creative,69.6
13.8,28.2,43.3,19.9,311.2,4.5,6.4,147.2,Intermediate,Morning,Cognitive,79.7
11.7,35.6,83.2,16.4,345.0,2.1,6.7,172.2,Intermediate,Afternoon,Creative,89.2
11.2,29.2,,17.1,309.1,7.6,8.6,78.5,Expert,Morning,Cognitive,91.1
18.4,31.9,56.7,11.0,247.5,2.7,7.0,64.5,Intermediate,Evening,Cognitive,81.8
15.8,32.1,63.9,14.4,262.2,2.5,5.6,181.3,Intermediate,Morning,Analytical,89.0
22.4,34.9,53.2,12.2,203.3,5.6,8.7,234.1,Beginner,Morning,Analytical,74.5
18.9,20.2,63.2,13.3,403.1,2.2,9.5,65.4,Expert,Morning,Analytical,83.5
12.1,20.5,81.5,17.5,384.3,1.4,9.3,-36.9,Beginner,Evening,Cognitive,75.4
18.4,34.0,53.5,18.3,371.7,2.5,8.9,,Beginner,Afternoon,Analytical,74.3
,32.1,57.7,18.4,309.2,5.6,6.6,,Intermediate,Afternoon,Analytical,76.0
19.9,25.3,52.4,16.7,368.8,8.3,5.5,65.7,Intermediate,Afternoon,Analytical,70.0
13.1,32.2,54.0,17.6,364.9,4.0,5.2,123.5,Intermediate,Afternoon,Cognitive,70.4
10.8,21.6,56.0,11.2,247.3,2.6,5.0,236.7,Intermediate,Morning,Cognitive,81.3
11.8,49.6,49.1,12.1,280.7,6.5,6.9,159.5,Intermediate,Afternoon,Analytical,79.9
12.0,37.9,57.4,15.4,346.9,2.8,9.7,166.8,Beginner,Morning,Analytical,76.6
11.6,33.7,60.5,17.8,295.5,3.1,4.5,129.7,Expert,Evening,Cognitive,70.2
12.7,30.5,56.0,14.7,284.6,4.8,7.0,148.6,Intermediate,Evening,Cognitive,75.8
18.4,26.3,37.0,11.9,361.2,6.3,6.5,221.8,Intermediate,Afternoon,Analytical,68.9
22.2,22.1,58.5,13.9,278.6,4.1,5.2,65.8,Intermediate,Morning,Analytical,81.2
9.7,29.3,59.5,13.2,444.1,3.3,6.6,,Beginner,Evening,Analytical,62.3
,24.8,79.0,10.8,399.7,8.6,8.9,117.9,Intermediate,Morning,Cognitive,82.8
13.1,25.2,60.3,22.7,309.3,2.7,7.3,116.2,Intermediate,Morning,Analytical,87.3
16.4,21.5,69.4,19.7,382.5,2.9,7.9,51.3,Beginner,Morning,Cognitive,75.0
8.4,31.5,55.7,10.1,329.3,3.2,8.6,145.2,Intermediate,Afternoon,Creative,85.3
17.1,27.7,73.0,10.2,299.2,5.1,7.6,,Expert,Evening,Analytical,78.3
7.0,33.2,50.6,13.6,418.9,3.1,6.4,108.8,Intermediate,Morning,Creative,72.2
16.3,32.7,65.0,11.5,339.5,5.6,7.2,206.8,Expert,Morning,Cognitive,83.6
16.0,31.4,68.4,23.1,275.3,3.9,5.4,,Beginner,Afternoon,Creative,78.0
15.8,46.0,66.9,13.6,343.0,3.4,7.1,-7.4,Beginner,Afternoon,Analytical,77.9
12.1,34.9,81.6,17.1,403.9,2.9,7.2,153.0,Beginner,Morning,Creative,73.6
17.2,22.4,54.2,14.5,320.1,3.9,9.0,50.2,Intermediate,Morning,Creative,80.2
16.6,32.8,74.1,12.5,330.5,4.9,6.5,205.7,Beginner,Evening,Creative,79.2
14.2,29.7,71.6,19.1,305.0,3.9,6.5,232.6,Beginner,Evening,Cognitive,76.1
17.7,22.0,60.5,18.0,337.6,4.5,4.7,180.4,Expert,Evening,Analytical,78.2
14.6,21.5,78.4,15.8,271.1,2.4,8.0,120.0,Expert,Evening,Cognitive,80.4
17.1,32.7,58.5,23.1,280.2,2.6,4.8,156.1,Intermediate,Morning,Creative,78.2
,34.2,60.2,16.7,302.9,4.0,6.3,75.1,Beginner,Morning,Creative,81.6
15.9,23.7,59.9,14.6,328.4,4.2,5.9,156.8,Beginner,Morning,Cognitive,73.7
17.3,35.8,47.3,21.7,375.6,4.1,8.3,72.3,Beginner,Morning,Cognitive,71.9
13.4,31.7,67.6,17.2,312.6,2.8,7.7,232.8,Intermediate,Evening,Creative,85.3
10.1,37.2,,20.9,361.4,4.1,,60.9,Expert,Evening,Analytical,85.6
16.1,36.5,59.0,15.9,298.0,4.1,8.4,21.7,Intermediate,Afternoon,Cognitive,77.3
19.8,29.0,77.6,7.0,349.4,3.8,6.0,,Beginner,Morning,Creative,70.7
16.2,39.8,55.6,11.3,379.9,2.7,5.7,155.5,Intermediate,Evening,Creative,69.1
16.3,23.3,42.7,19.2,314.2,5.0,4.5,259.1,Beginner,Evening,Analytical,73.3
14.8,44.3,79.0,14.2,337.6,4.0,7.2,,Beginner,Morning,Creative,80.2
18.0,24.7,70.1,16.8,290.7,2.5,5.8,,Intermediate,Evening,Cognitive,69.7
14.3,29.7,66.3,19.4,349.3,3.8,7.7,119.9,Intermediate,Morning,Creative,77.5
13.2,26.6,56.6,16.5,179.9,2.8,8.7,56.8,Beginner,Morning,Creative,78.3
19.4,27.7,63.4,13.4,238.7,4.0,8.4,59.9,Beginner,Afternoon,Creative,79.8
12.9,47.5,47.4,16.0,348.6,6.9,7.2,6.8,Expert,Afternoon,Creative,87.3
18.6,27.2,57.7,16.3,238.2,4.3,,211.6,Beginner,Morning,Analytical,68.9
19.4,35.1,51.0,14.8,295.6,4.4,7.0,72.3,Beginner,Morning,Cognitive,71.1
17.3,28.6,62.6,11.8,390.2,6.8,,-5.1,Beginner,Evening,Creative,73.6
10.0,35.6,69.2,14.9,363.2,4.5,6.1,96.8,Beginner,Afternoon,Cognitive,79.2
15.1,26.7,49.5,15.7,439.7,4.9,7.1,193.1,Beginner,Afternoon,Analytical,69.2
,31.5,67.2,11.7,323.8,4.3,6.7,150.9,Expert,Morning,Cognitive,89.5
13.0,33.8,62.0,13.2,315.9,3.2,5.8,150.7,Beginner,Morning,Analytical,87.3
15.6,25.7,66.8,13.8,320.5,4.9,6.4,217.1,Intermediate,Morning,Cognitive,79.7
18.1,46.5,,10.4,273.8,7.4,7.0,182.5,Intermediate,Morning,Cognitive,83.3
,34.1,67.0,16.4,309.3,1.4,5.2,,Intermediate,Morning,Creative,82.6
14.3,28.6,53.0,16.7,257.0,3.1,9.5,91.4,Expert,Morning,Cognitive,93.1
,25.8,43.2,14.4,378.7,2.3,8.1,146.1,Expert,Afternoon,Creative,79.3
19.7,30.6,45.5,11.9,356.9,2.5,8.6,131.4,Beginner,Morning,Creative,69.2
14.0,22.7,55.0,17.2,262.0,6.4,6.8,153.3,Intermediate,Evening,Cognitive,77.8
,40.7,43.9,17.6,286.7,3.7,6.5,281.0,Intermediate,Morning,Creative,81.5
8.7,32.6,75.5,16.3,339.5,5.4,,61.8,Expert,Afternoon,Cognitive,85.0
16.5,29.5,59.2,16.1,333.6,2.7,6.0,-15.0,Intermediate,Morning,Creative,90.2
,36.3,69.2,17.8,267.5,2.7,,-26.0,Expert,Afternoon,Creative,96.0
17.7,25.7,67.9,15.7,323.3,2.0,9.1,175.3,Intermediate,Morning,Analytical,86.2
9.7,23.1,60.1,13.2,348.6,6.9,7.8,110.4,Beginner,Evening,Analytical,64.8
,29.2,95.4,15.8,350.0,5.6,,30.7,Intermediate,Evening,Cognitive,94.2
9.7,30.8,89.3,14.8,404.2,1.9,10.6,105.9,Expert,Afternoon,Creative,88.6
16.7,33.2,,15.8,332.5,6.3,9.8,91.2,Expert,Morning,Analytical,89.4
17.6,21.1,50.9,18.7,401.3,3.5,6.3,176.3,Beginner,Afternoon,Analytical,68.8
16.4,27.3,74.3,12.4,266.8,4.9,3.4,5.2,Intermediate,Evening,Analytical,84.2
10.7,11.5,42.5,16.5,382.8,4.1,8.1,155.6,Beginner,Morning,Creative,71.7
12.0,22.9,74.0,12.2,400.5,1.1,7.6,163.1,Beginner,Afternoon,Cognitive,74.7
,34.3,34.4,13.2,318.3,2.3,7.2,127.7,Intermediate,Evening,Creative,70.7
8.2,35.8,56.8,20.7,339.1,6.7,6.7,115.4,Beginner,Evening,Creative,79.1
14.0,23.1,72.1,17.4,324.7,5.9,9.0,130.7,Expert,Evening,Analytical,89.3
,28.1,63.9,16.5,305.1,2.0,,123.0,Beginner,Evening,Creative,64.1
14.3,30.2,45.2,11.0,245.4,4.4,9.3,,Expert,Evening,Creative,74.8
9.0,36.5,61.7,15.3,343.9,3.6,9.6,69.7,Beginner,Afternoon,Analytical,76.3
12.6,39.2,63.9,9.8,409.1,6.3,7.2,132.8,Beginner,Afternoon,Analytical,72.5
12.5,30.9,62.0,16.1,328.5,3.6,7.4,,Beginner,Evening,Creative,64.0
23.6,28.4,55.9,12.3,304.9,2.5,5.2,173.0,Beginner,Afternoon,Analytical,76.6
21.7,21.3,68.6,17.7,298.4,5.5,8.5,38.9,Beginner,Evening,Cognitive,70.1
17.9,30.6,71.4,16.5,344.8,6.4,8.9,260.9,Beginner,Morning,Cognitive,79.1
13.6,42.4,58.5,12.4,377.6,4.8,8.1,244.4,Intermediate,Afternoon,Cognitive,77.3
19.8,37.7,75.2,17.1,346.6,5.1,5.1,103.0,Beginner,Morning,Cognitive,67.6
10.5,31.0,58.4,22.3,226.5,1.6,4.6,30.2,Intermediate,Morning,Cognitive,86.7
19.3,31.8,55.1,15.4,407.1,1.4,6.6,87.8,Beginner,Morning,Analytical,68.7
18.7,25.9,73.6,18.6,361.7,1.3,7.1,192.8,Expert,Afternoon,Analytical,93.8
14.4,27.9,73.2,9.7,311.0,6.1,,99.7,Expert,Morning,Cognitive,89.0
19.6,30.9,53.8,17.4,293.5,3.2,6.6,143.6,Intermediate,Afternoon,Cognitive,85.6
13.2,30.9,52.3,14.3,297.7,5.7,8.6,,Beginner,Afternoon,Cognitive,81.4
9.9,36.1,77.6,15.2,363.1,2.8,8.7,154.3,Beginner,Morning,Analytical,82.5
18.9,35.8,59.0,17.8,221.2,4.0,7.7,150.0,Expert,Morning,Analytical,93.0
14.7,33.1,60.0,15.3,345.7,2.4,8.3,102.2,Beginner,Afternoon,Creative,71.8
,24.0,57.5,11.1,334.0,3.3,6.4,207.2,Beginner,Evening,Creative,58.0
22.3,24.2,73.2,20.6,333.3,0.6,5.3,150.5,Beginner,Evening,Creative,74.9
12.1,24.7,81.4,11.6,261.9,3.4,6.1,190.9,Beginner,Evening,Creative,78.7
14.4,31.4,,13.5,234.8,3.2,5.8,,Beginner,Evening,Analytical,75.9
21.3,17.8,84.2,16.4,432.2,0.6,8.8,110.1,Intermediate,Afternoon,Analytical,87.4
17.7,30.0,,16.4,326.6,4.8,8.3,280.8,Beginner,Evening,Analytical,66.6
12.2,38.5,57.2,17.3,416.8,5.1,4.0,117.8,Intermediate,Evening,Analytical,78.5
11.2,34.0,66.7,16.4,365.2,2.7,7.3,195.2,Beginner,Evening,Cognitive,71.4
12.9,27.9,51.8,19.4,325.6,1.6,4.3,32.6,Beginner,Morning,Creative,75.2
12.0,25.8,66.6,17.5,331.6,7.5,5.4,141.5,Expert,Evening,Analytical,88.3
,34.8,,12.4,374.0,4.5,8.2,95.5,Beginner,Afternoon,Analytical,68.6
15.3,31.8,,8.2,379.6,-0.8,4.4,212.3,Expert,Evening,Creative,74.0
16.1,28.5,42.6,16.5,343.8,3.1,5.0,79.5,Intermediate,Morning,Analytical,76.2
11.6,26.5,56.8,20.4,374.6,2.7,5.5,94.3,Beginner,Afternoon,Cognitive,72.2
14.7,30.5,64.2,12.2,377.0,2.5,4.6,154.8,Expert,Morning,Analytical,90.1
6.8,28.2,46.4,12.9,336.5,6.2,4.9,56.9,Beginner,Morning,Creative,77.5
15.6,34.7,61.8,17.1,289.8,4.5,6.9,127.6,Expert,Morning,Cognitive,88.2
,37.4,61.8,17.4,344.9,5.3,4.5,83.9,Beginner,Evening,Cognitive,66.9
9.3,21.8,58.3,19.4,282.6,3.7,6.6,,Expert,Morning,Creative,93.9
16.9,22.6,50.7,20.9,301.0,5.7,7.0,,Beginner,Morning,Creative,75.6
12.6,38.1,62.4,16.7,339.9,3.3,8.1,230.1,Intermediate,Morning,Cognitive,78.4
18.2,31.0,58.6,13.2,316.0,4.5,,147.8,Intermediate,Afternoon,Analytical,80.0
,23.2,69.8,13.3,385.8,5.0,4.9,41.6,Expert,Morning,Creative,90.6
16.6,35.9,47.1,14.4,287.0,2.8,5.0,64.9,Expert,Morning,Cognitive,84.8
15.3,32.1,61.1,19.1,213.6,-0.2,4.9,93.8,Expert,Afternoon,Creative,86.7
20.3,43.2,47.3,14.5,385.5,0.6,8.2,78.0,Expert,Afternoon,Analytical,77.3
16.4,28.6,57.6,18.9,322.4,8.6,7.5,205.2,Beginner,Morning,Analytical,78.5
12.2,36.7,49.0,11.4,324.8,5.3,6.5,86.5,Beginner,Morning,Cognitive,73.4
15.4,21.3,50.8,16.9,280.6,5.4,5.2,117.8,Beginner,Morning,Analytical,69.8
13.5,38.4,60.0,13.7,225.8,6.8,7.2,156.1,Beginner,Evening,Analytical,82.4
15.6,35.7,54.3,17.6,279.1,1.8,9.1,287.4,Beginner,Afternoon,Analytical,76.0
13.3,39.6,74.7,15.2,348.5,2.6,9.0,111.2,Intermediate,Afternoon,Creative,85.3
12.3,36.7,71.8,18.4,309.9,1.8,4.8,219.7,Beginner,Morning,Cognitive,83.3
15.8,29.4,68.0,14.7,303.4,8.7,8.6,94.1,Intermediate,Afternoon,Cognitive,74.7
15.2,23.0,67.8,15.9,391.3,2.0,4.8,329.1,Beginner,Morning,Cognitive,77.3
19.3,26.4,61.3,18.4,410.6,6.5,6.4,69.8,Beginner,Morning,Analytical,69.8
,19.4,73.0,15.7,317.0,2.7,6.2,168.1,Intermediate,Afternoon,Creative,76.2
7.1,24.5,,16.2,437.1,4.2,7.4,97.7,Intermediate,Afternoon,Cognitive,87.3
13.5,32.6,81.2,18.3,338.3,6.5,5.5,174.7,Intermediate,Morning,Creative,84.3
8.5,29.7,50.6,15.8,397.6,4.6,7.2,168.4,Intermediate,Afternoon,Cognitive,80.5
16.7,28.7,48.7,11.2,284.1,3.7,,157.6,Beginner,Evening,Analytical,62.3
8.3,25.2,46.1,14.3,244.3,8.5,7.3,145.7,Intermediate,Afternoon,Cognitive,84.9
11.0,19.4,47.8,10.2,310.7,0.3,5.0,91.4,Beginner,Afternoon,Cognitive,61.5
,31.1,43.7,15.3,348.0,2.1,,163.5,Beginner,Evening,Analytical,66.3
21.2,32.3,62.1,17.4,353.4,3.4,,23.9,Intermediate,Evening,Analytical,82.1
10.7,24.1,68.5,16.4,339.7,6.1,,273.2,Beginner,Afternoon,Cognitive,74.1
15.0,26.8,60.3,20.2,434.6,3.0,8.3,158.7,Beginner,Afternoon,Creative,70.9
17.3,39.3,,19.8,339.6,5.9,3.6,152.5,Expert,Morning,Analytical,75.8
20.9,37.0,55.3,16.8,304.5,0.6,7.3,148.3,Expert,Afternoon,Cognitive,82.8
18.1,21.1,68.4,8.8,308.3,6.3,5.8,75.4,Beginner,Morning,Analytical,71.1
19.4,29.5,56.6,18.0,279.7,5.8,7.9,84.2,Beginner,Morning,Creative,69.7
18.5,38.7,52.0,13.7,334.7,1.9,7.0,134.5,Beginner,Afternoon,Cognitive,69.2
10.2,28.7,44.9,18.6,374.1,3.9,8.6,90.8,Beginner,Morning,Cognitive,73.9
16.4,28.4,55.8,16.9,797.9,3.5,6.7,83.4,Expert,Afternoon,Creative,48.7
18.4,36.6,53.0,18.0,305.2,4.9,8.9,115.2,Beginner,Afternoon,Creative,77.7
11.2,35.9,59.1,17.5,317.4,6.3,7.2,141.0,Intermediate,Afternoon,Cognitive,80.3
12.7,35.6,64.8,23.2,287.9,2.6,5.1,,Beginner,Morning,Creative,77.0
11.8,28.4,57.2,17.6,368.4,4.7,5.8,183.1,Expert,Morning,Creative,87.9
18.1,34.0,61.8,12.2,258.3,4.5,6.1,129.8,Beginner,Afternoon,Cognitive,76.2
14.7,39.0,64.7,19.2,283.9,4.2,7.2,215.1,Intermediate,Evening,Analytical,81.3
13.7,29.7,47.7,14.7,112.1,6.9,8.3,258.4,Beginner,Morning,Creative,79.1
9.9,27.6,78.9,20.0,261.0,4.3,7.9,112.0,Intermediate,Morning,Analytical,87.0
14.7,37.4,52.6,20.6,290.4,1.6,8.0,53.1,Beginner,Evening,Analytical,71.1
12.7,42.3,65.2,17.9,294.5,5.5,5.9,51.4,Beginner,Morning,Analytical,83.5
16.0,42.7,,12.2,255.3,7.2,,117.1,Expert,Evening,Creative,81.0
10.4,27.8,61.1,14.6,552.7,4.3,7.2,317.6,Expert,Afternoon,Cognitive,65.7
15.7,28.4,,20.0,383.1,6.7,,99.1,Expert,Afternoon,Cognitive,82.4
,23.8,76.6,22.0,281.0,3.2,4.8,121.6,Intermediate,Morning,Cognitive,86.5
10.0,30.7,57.7,16.2,229.5,4.8,7.7,88.8,Expert,Morning,Cognitive,100.0
9.7,23.6,73.0,15.2,267.9,0.9,6.1,101.0,Beginner,Morning,Cognitive,88.0
10.3,26.8,62.9,12.5,268.5,2.8,5.1,126.5,Beginner,Evening,Cognitive,74.5
14.2,34.2,78.5,12.5,316.5,4.3,8.0,178.5,Beginner,Afternoon,Analytical,85.5
15.5,32.3,42.2,16.7,338.0,5.3,6.4,176.0,Intermediate,Afternoon,Analytical,72.2
16.1,19.1,64.8,18.1,252.3,4.9,7.8,-14.1,Beginner,Evening,Analytical,78.0
16.2,39.4,33.3,11.5,335.0,6.6,5.5,160.8,Beginner,Morning,Creative,56.5
12.0,23.5,,18.5,390.0,0.9,,158.9,Intermediate,Afternoon,Creative,75.3
19.2,24.2,70.2,20.1,370.8,6.9,6.8,114.7,Expert,Afternoon,Creative,81.2
13.2,22.6,74.5,17.9,349.0,2.6,,99.8,Beginner,Evening,Cognitive,74.7
,26.0,67.4,21.0,340.4,1.5,,156.3,Beginner,Morning,Analytical,88.2
14.3,24.6,57.1,17.1,304.2,6.1,6.9,127.9,Beginner,Afternoon,Creative,76.8
16.5,24.8,,17.1,390.9,1.8,11.7,106.3,Beginner,Evening,Analytical,80.2
14.1,15.2,85.2,17.0,341.5,6.8,8.7,250.3,Beginner,Afternoon,Cognitive,81.2
16.6,30.8,60.8,20.1,279.8,-0.4,6.3,150.7,Intermediate,Morning,Analytical,85.1
15.0,31.4,69.6,17.6,312.5,2.5,7.1,88.1,Intermediate,Afternoon,Cognitive,85.7
,43.5,55.7,14.4,286.2,5.8,7.1,164.8,Intermediate,Morning,Creative,76.8
11.7,32.9,70.7,17.3,313.1,5.3,5.4,146.3,Beginner,Afternoon,Cognitive,77.1
7.9,27.0,69.1,17.3,380.8,-1.3,8.9,142.8,Expert,Evening,Cognitive,94.6
11.1,22.8,53.9,15.4,311.2,2.7,6.4,,Beginner,Afternoon,Analytical,71.3
19.3,29.4,67.8,19.1,280.3,0.6,6.6,91.6,Intermediate,Afternoon,Cognitive,79.8
14.4,32.7,68.2,16.3,372.0,4.3,7.3,135.8,Expert,Afternoon,Creative,83.2
15.4,27.0,67.4,18.1,383.8,4.1,5.6,69.2,Beginner,Morning,Creative,69.7
10.8,30.4,59.6,17.5,280.7,3.5,7.3,,Beginner,Morning,Cognitive,81.7
15.3,41.4,72.3,13.8,394.0,3.8,,121.0,Expert,Evening,Analytical,83.4
10.9,27.7,50.7,13.1,368.1,1.8,6.3,71.3,Beginner,Afternoon,Creative,77.7
11.5,18.7,60.1,13.9,292.4,2.5,6.8,117.0,Intermediate,Morning,Creative,87.3
13.4,35.2,61.1,15.8,380.9,6.1,5.9,134.1,Beginner,Morning,Cognitive,72.9
16.8,31.9,71.7,20.8,258.4,3.0,4.7,174.2,Intermediate,Afternoon,Cognitive,83.7
17.2,19.7,50.3,15.9,295.9,2.9,7.3,193.2,Beginner,Evening,Creative,70.4
17.3,32.6,62.4,17.1,265.3,6.3,3.6,,Beginner,Evening,Cognitive,67.7
8.6,24.0,55.1,18.6,271.2,1.6,3.6,152.3,Intermediate,Morning,Cognitive,75.7
15.0,32.6,61.1,14.9,362.6,7.0,7.1,164.4,Beginner,Evening,Creative,64.4
14.2,41.4,,14.8,319.3,7.1,6.7,104.2,Beginner,Afternoon,Analytical,69.1
8.9,28.9,,19.2,264.4,2.0,7.4,54.5,Beginner,Afternoon,Analytical,76.6
15.1,36.5,,17.7,290.5,5.8,8.0,80.1,Beginner,Afternoon,Creative,70.5
14.0,22.6,64.3,14.3,286.8,-0.3,4.0,122.9,Beginner,Morning,Cognitive,74.7
17.0,20.9,,14.8,332.5,4.2,6.1,107.8,Beginner,Evening,Creative,69.2
15.3,42.1,56.6,16.3,433.7,2.0,6.3,105.3,Expert,Morning,Creative,76.7
12.8,31.8,74.9,17.0,330.3,5.0,7.5,136.3,Beginner,Morning,Cognitive,87.6
18.7,33.8,64.2,19.7,333.6,4.6,7.3,179.5,Intermediate,Evening,Analytical,75.2
6.1,36.9,50.4,17.6,397.1,3.4,6.4,137.0,Beginner,Afternoon,Analytical,74.9
14.7,26.8,52.2,13.0,292.9,1.8,,90.9,Beginner,Evening,Cognitive,83.8
,35.0,66.2,13.6,386.6,5.8,6.6,47.1,Expert,Afternoon,Creative,78.9
11.4,34.0,67.4,16.9,298.8,3.9,,110.7,Beginner,Afternoon,Cognitive,71.6
,22.2,63.6,16.4,302.0,2.6,7.1,-2.6,Expert,Evening,Creative,81.2
9.9,39.1,57.1,13.5,303.5,3.0,3.8,185.4,Beginner,Morning,Cognitive,69.2
9.3,37.8,68.1,19.2,314.6,3.8,7.4,125.8,Intermediate,Evening,Cognitive,83.8
24.5,22.3,56.9,9.3,311.3,3.8,9.1,226.2,Intermediate,Morning,Analytical,72.5
9.6,31.2,51.5,17.0,337.9,4.6,,200.3,Expert,Evening,Analytical,80.0
21.6,28.6,75.9,11.4,298.8,5.9,10.1,153.0,Intermediate,Morning,Cognitive,84.8
,38.5,64.9,18.6,325.0,6.1,7.9,90.0,Intermediate,Afternoon,Cognitive,89.5
12.9,21.5,52.2,15.2,239.4,3.5,9.2,97.8,Beginner,Evening,Analytical,74.9
17.3,51.6,61.3,18.2,359.1,4.9,7.6,213.5,Beginner,Afternoon,Creative,65.3
20.3,29.0,60.3,14.8,376.6,3.6,7.8,148.9,Expert,Afternoon,Analytical,84.4
10.4,34.4,56.5,20.0,331.1,6.4,7.2,41.2,Beginner,Evening,Creative,78.1
13.0,38.3,62.3,10.4,357.4,3.7,4.6,100.0,Beginner,Afternoon,Analytical,82.1
18.4,28.8,50.7,18.6,278.1,4.2,4.1,204.7,Intermediate,Evening,Analytical,75.0
16.2,29.3,68.7,14.2,395.9,3.9,6.6,186.1,Beginner,Afternoon,Creative,75.1
19.4,27.0,59.9,17.1,329.5,4.9,,144.5,Expert,Morning,Cognitive,85.0
17.1,24.7,43.9,17.3,239.7,5.3,6.1,201.8,Intermediate,Morning,Analytical,79.2
22.2,31.6,57.7,11.8,380.8,6.8,5.1,45.4,Intermediate,Morning,Analytical,82.6
15.7,29.2,53.8,19.0,355.9,6.4,8.7,84.4,Expert,Morning,Analytical,93.6
15.9,26.9,30.1,17.2,413.6,4.1,5.5,113.5,Beginner,Afternoon,Cognitive,58.1
16.3,27.3,58.4,16.4,403.2,3.9,5.4,89.9,Beginner,Morning,Analytical,70.6
14.4,33.5,70.4,17.2,387.1,3.5,7.1,165.0,Intermediate,Morning,Cognitive,84.8
18.4,25.2,58.9,16.4,343.7,6.0,8.6,168.1,Beginner,Morning,Analytical,76.5
15.9,28.5,67.1,18.5,355.7,4.5,8.3,150.5,Intermediate,Evening,Creative,84.3
18.2,35.4,60.1,14.6,266.1,8.9,6.0,,Expert,Afternoon,Analytical,88.4
18.8,31.5,55.4,18.5,306.1,3.9,6.7,226.2,Intermediate,Afternoon,Analytical,79.0
16.7,23.7,52.7,17.7,469.2,7.0,,140.3,Beginner,Evening,Cognitive,53.5
17.0,29.9,47.2,15.5,233.6,7.1,8.7,24.4,Expert,Morning,Cognitive,86.2
11.0,32.6,69.3,21.5,335.5,7.0,8.3,47.8,Intermediate,Evening,Cognitive,86.0
12.8,35.9,67.3,17.4,318.0,3.3,7.6,74.4,Intermediate,Afternoon,Creative,80.7
18.4,25.5,57.2,16.6,362.7,3.8,7.2,219.1,Beginner,Morning,Creative,72.6
20.7,26.6,39.8,17.7,329.9,3.7,10.0,,Expert,Afternoon,Cognitive,74.4
7.2,25.8,64.7,15.7,380.7,6.9,8.7,56.4,Intermediate,Evening,Creative,77.7
12.7,26.1,51.0,19.6,320.8,3.1,7.2,185.7,Intermediate,Afternoon,Cognitive,85.8
15.1,32.4,61.4,15.9,358.7,2.8,8.1,173.7,Expert,Evening,Creative,76.2
11.5,33.6,44.6,18.5,338.3,5.4,6.6,86.5,Beginner,Morning,Cognitive,71.5
11.7,36.3,60.9,12.8,305.4,1.3,4.6,150.5,Intermediate,Morning,Cognitive,89.1
16.9,29.5,58.7,10.6,298.3,5.5,5.5,104.8,Expert,Morning,Creative,79.5
21.3,21.6,35.9,17.2,383.9,1.7,6.3,157.2,Beginner,Morning,Analytical,69.8
6.9,34.0,76.2,14.8,351.2,3.2,6.2,,Intermediate,Morning,Cognitive,93.8
14.3,31.0,,15.4,369.8,6.3,5.9,151.7,Expert,Evening,Cognitive,83.3
16.9,30.4,57.4,9.0,382.7,2.9,6.0,121.4,Intermediate,Morning,Analytical,81.2
18.1,22.3,65.3,21.1,294.1,4.6,9.0,84.6,Intermediate,Afternoon,Cognitive,76.5
16.3,28.8,59.5,16.3,306.5,6.4,9.7,175.9,Expert,Afternoon,Cognitive,95.5
22.0,22.8,63.6,20.0,303.0,1.7,9.0,,Expert,Evening,Creative,87.9
15.1,32.9,48.6,11.8,371.6,4.3,3.8,178.9,Beginner,Evening,Analytical,71.0
20.2,27.4,58.6,16.3,324.5,5.3,8.6,150.7,Beginner,Evening,Cognitive,56.1
12.4,26.9,40.9,17.2,329.2,1.2,,117.6,Intermediate,Evening,Cognitive,69.7
15.2,20.8,57.6,16.4,267.3,1.9,6.9,190.7,Intermediate,Evening,Analytical,85.3
10.1,36.2,74.5,16.7,361.2,7.2,6.3,135.4,Intermediate,Evening,Analytical,77.8
18.6,28.4,44.9,11.8,362.9,1.7,6.5,148.1,Intermediate,Afternoon,Creative,71.8
14.5,30.5,56.5,17.0,348.1,3.3,8.5,102.3,Beginner,Morning,Creative,74.0
16.4,25.6,38.8,13.5,328.1,-0.0,7.6,92.5,Intermediate,Afternoon,Creative,86.7
13.7,20.1,60.1,14.1,372.2,2.4,8.8,131.3,Beginner,Afternoon,Cognitive,71.6
17.3,26.8,64.7,16.0,317.5,5.6,8.2,66.4,Intermediate,Afternoon,Analytical,91.2
16.6,27.8,63.8,14.9,391.0,5.9,9.2,129.3,Intermediate,Morning,Creative,82.7
11.0,31.8,54.0,15.1,552.3,5.6,,263.2,Beginner,Afternoon,Analytical,63.6
11.3,27.9,38.6,19.4,256.9,3.9,5.3,58.4,Beginner,Evening,Cognitive,66.3
,25.7,47.6,15.5,313.3,1.8,4.6,,Intermediate,Morning,Cognitive,68.3
,21.0,72.6,14.8,336.2,4.8,8.0,207.4,Intermediate,Evening,Analytical,73.3
,30.3,,15.6,285.2,3.1,7.9,202.2,Beginner,Afternoon,Analytical,72.7
16.2,25.2,59.1,12.7,374.0,0.8,,109.8,Expert,Evening,Creative,79.0
19.0,37.9,61.6,16.5,221.2,4.1,7.4,,Intermediate,Evening,Analytical,81.6
8.5,30.9,49.7,18.2,360.2,6.5,6.3,99.7,Expert,Evening,Creative,74.2
23.1,33.4,72.9,16.9,354.5,6.2,6.3,164.6,Intermediate,Afternoon,Analytical,79.9
17.4,28.5,52.8,16.1,220.6,6.4,,109.9,Intermediate,Morning,Analytical,83.2
14.8,31.2,64.4,17.8,325.2,4.6,7.1,133.3,Expert,Afternoon,Analytical,80.9
14.3,24.7,46.7,14.3,298.3,2.1,6.2,142.3,Intermediate,Evening,Cognitive,80.6
10.6,22.9,58.2,16.1,390.9,5.2,7.6,54.6,Intermediate,Evening,Cognitive,69.8
11.7,30.1,,20.2,278.1,4.3,4.4,118.2,Beginner,Evening,Cognitive,69.7
22.6,33.4,50.5,15.1,360.0,3.5,7.9,175.4,Intermediate,Morning,Creative,78.2
11.0,18.3,67.5,17.8,369.9,5.3,6.2,349.8,Beginner,Afternoon,Creative,84.0
11.0,27.0,49.2,17.9,300.4,4.9,5.4,14.2,Beginner,Morning,Cognitive,83.7
12.2,41.1,51.0,13.7,384.9,2.8,6.3,82.1,Beginner,Morning,Cognitive,77.8
10.2,32.9,59.9,18.1,299.2,2.7,,84.3,Beginner,Morning,Analytical,83.1
15.1,39.2,69.7,14.2,386.6,1.7,,45.6,Expert,Morning,Analytical,90.9
19.4,26.2,57.0,17.3,450.2,4.5,7.2,237.8,Beginner,Evening,Creative,63.7
12.6,27.3,66.2,14.1,366.5,5.8,7.1,118.0,Intermediate,Morning,Creative,85.1
9.5,35.8,,16.8,350.6,2.8,7.7,110.3,Expert,Morning,Analytical,91.4
16.2,33.7,52.3,16.4,296.3,1.9,6.1,158.0,Intermediate,Evening,Creative,69.6
14.8,29.4,44.7,16.3,412.9,5.0,8.2,85.1,Beginner,Afternoon,Cognitive,68.3
19.0,22.4,56.4,16.8,364.4,7.2,7.4,164.3,Intermediate,Morning,Analytical,74.3
13.2,36.9,72.7,14.4,297.0,8.0,8.2,85.5,Intermediate,Morning,Analytical,89.4
14.0,45.1,51.9,12.5,395.0,7.0,9.5,203.5,Intermediate,Morning,Creative,69.6
14.4,20.6,70.1,16.2,325.5,3.9,4.7,128.4,Intermediate,Morning,Analytical,86.0
,38.4,57.4,19.3,353.8,2.2,6.4,203.5,Expert,Morning,Analytical,77.0
,27.2,77.6,17.7,299.5,5.2,,157.2,Intermediate,Afternoon,Cognitive,83.8
12.8,28.0,82.5,17.3,273.1,3.9,,-19.9,Beginner,Morning,Analytical,98.9
7.6,31.6,70.3,14.5,275.7,3.6,7.9,47.3,Intermediate,Afternoon,Analytical,97.7
12.7,22.8,43.5,16.6,300.9,7.8,,218.9,Beginner,Evening,Analytical,65.1
17.9,29.8,36.0,13.5,345.7,6.8,8.8,101.4,Expert,Afternoon,Analytical,72.7
18.4,20.3,60.6,14.7,305.1,5.3,7.0,14.1,Beginner,Evening,Cognitive,75.4
13.1,32.9,,17.1,280.4,3.8,7.7,90.7,Beginner,Afternoon,Analytical,79.2
20.2,43.4,65.0,10.6,272.4,4.0,6.3,99.0,Expert,Afternoon,Cognitive,96.2
14.9,26.2,52.8,21.2,383.3,0.9,5.0,196.7,Intermediate,Evening,Cognitive,69.8
,29.0,45.1,12.0,313.9,6.1,8.3,70.7,Beginner,Morning,Cognitive,70.3
8.4,29.3,69.3,21.7,222.1,6.6,5.6,113.7,Intermediate,Morning,Creative,91.9
19.9,35.9,78.6,13.5,319.6,2.5,8.1,186.5,Expert,Afternoon,Creative,91.1
13.5,32.4,53.3,13.5,299.2,2.7,8.6,92.5,Beginner,Afternoon,Analytical,71.1
10.1,35.5,68.3,14.8,330.2,6.0,3.6,69.8,Expert,Evening,Cognitive,83.9
6.0,27.0,86.0,14.7,291.6,3.4,8.6,142.9,Beginner,Evening,Creative,81.2
,32.6,58.1,14.2,384.3,6.3,7.4,167.7,Intermediate,Afternoon,Analytical,70.7
16.6,9.8,58.3,14.9,312.3,2.4,5.5,116.5,Expert,Afternoon,Creative,84.2
12.2,34.0,65.6,16.3,309.5,3.4,4.4,158.1,Beginner,Afternoon,Cognitive,87.5
10.8,22.7,57.2,13.3,304.2,5.0,6.9,88.5,Intermediate,Evening,Analytical,79.7
12.8,28.0,73.4,18.5,343.7,3.4,6.7,2.1,Beginner,Evening,Cognitive,82.5
20.0,34.5,56.0,20.2,339.7,3.2,8.6,172.9,Intermediate,Evening,Cognitive,74.9
9.4,20.8,59.7,10.2,300.5,3.2,7.1,59.9,Intermediate,Morning,Creative,87.6
12.4,36.5,45.6,21.6,321.2,5.4,5.4,84.0,Intermediate,Evening,Analytical,73.4
19.8,29.3,57.6,18.3,307.3,5.9,4.7,134.1,Beginner,Morning,Analytical,74.0
17.0,38.7,49.9,16.8,362.5,5.0,7.2,178.4,Beginner,Morning,Analytical,72.8
15.7,24.6,63.5,14.3,255.6,2.6,7.0,115.3,Beginner,Evening,Creative,61.4
12.4,19.1,43.4,16.5,303.0,6.7,9.0,,Beginner,Morning,Analytical,74.1
15.1,29.8,69.8,18.7,310.2,4.5,6.3,209.2,Intermediate,Evening,Creative,77.9
12.8,33.5,51.3,23.8,389.7,6.1,7.6,101.8,Expert,Morning,Analytical,69.0
11.6,34.0,77.8,22.6,378.8,1.4,6.8,104.8,Intermediate,Evening,Creative,72.5
10.7,23.2,73.7,11.4,339.6,6.3,2.9,25.6,Intermediate,Morning,Analytical,91.5
18.1,20.3,65.4,15.4,270.3,3.3,8.1,127.0,Expert,Afternoon,Creative,77.0
14.8,28.1,,16.2,322.9,3.1,6.4,206.9,Intermediate,Morning,Cognitive,74.8
16.3,33.1,53.7,20.0,414.0,4.8,,32.8,Expert,Afternoon,Cognitive,76.4
15.6,32.8,51.0,15.7,312.6,-0.1,7.3,77.5,Intermediate,Morning,Cognitive,71.3
16.8,39.4,52.3,13.7,326.4,4.7,5.5,117.8,Beginner,Afternoon,Analytical,78.0
14.0,27.8,,16.2,329.3,3.4,6.7,152.4,Beginner,Morning,Creative,74.6
,18.9,58.5,14.8,277.5,6.8,7.0,138.1,Intermediate,Morning,Cognitive,92.3
11.7,37.2,53.4,19.0,279.6,4.5,7.3,122.4,Beginner,Morning,Analytical,77.3
9.3,31.2,52.5,23.2,279.5,2.0,7.8,80.3,Beginner,Afternoon,Creative,74.7
10.5,31.7,54.7,18.7,305.1,2.4,7.0,202.0,Intermediate,Evening,Cognitive,78.2
13.5,34.6,65.3,18.9,342.1,-0.9,9.6,-6.5,Intermediate,Evening,Cognitive,70.2
8.6,37.6,43.7,19.7,328.5,8.9,8.3,188.2,Intermediate,Morning,Analytical,75.3
9.5,29.9,61.0,17.4,345.4,-1.0,8.5,241.5,Beginner,Afternoon,Creative,72.1
19.2,37.1,64.2,14.8,428.0,2.9,,164.5,Beginner,Evening,Analytical,63.1
15.9,33.3,42.6,15.1,449.7,5.5,7.1,84.6,Intermediate,Morning,Cognitive,62.7
13.2,26.1,45.8,19.3,695.2,6.9,8.1,256.9,Expert,Afternoon,Analytical,59.1
24.1,28.6,59.5,16.9,366.2,7.6,8.9,50.4,Intermediate,Afternoon,Analytical,74.6
8.4,33.7,74.4,13.1,353.0,3.8,7.2,62.6,Expert,Morning,Cognitive,89.8
18.9,25.7,72.0,19.9,373.8,5.0,8.6,152.4,Intermediate,Morning,Cognitive,79.0
14.6,35.3,53.9,13.7,372.1,3.4,,155.0,Intermediate,Morning,Creative,72.2
18.1,30.9,74.1,12.6,293.6,0.9,8.6,142.1,Beginner,Afternoon,Creative,77.0
15.4,32.3,56.8,13.4,419.1,1.9,5.8,48.4,Intermediate,Morning,Cognitive,81.3
,38.6,56.7,16.9,396.6,0.6,5.0,261.0,Intermediate,Morning,Cognitive,76.3
15.4,32.1,60.9,18.9,368.3,4.6,6.6,154.3,Intermediate,Morning,Creative,73.1
16.3,30.4,68.4,16.8,354.3,3.3,7.3,113.0,Intermediate,Morning,Analytical,86.5
,29.5,,14.3,339.9,3.6,7.5,125.0,Intermediate,Morning,Cognitive,77.1
22.8,29.2,56.0,13.6,330.3,5.3,8.9,83.4,Beginner,Evening,Cognitive,69.9
16.2,31.9,47.5,18.3,359.4,4.5,6.2,68.3,Intermediate,Morning,Analytical,72.5
17.7,38.2,63.5,15.7,332.7,5.3,9.5,268.3,Beginner,Afternoon,Creative,74.1
10.3,26.3,69.3,17.0,338.9,7.6,9.5,69.1,Expert,Afternoon,Creative,77.4
17.8,25.9,69.9,15.6,321.2,2.4,7.3,80.3,Beginner,Afternoon,Analytical,83.7
19.4,37.7,46.3,16.9,313.3,0.3,5.8,100.2,Beginner,Afternoon,Cognitive,68.1
,26.6,,17.2,415.8,2.8,10.7,77.3,Intermediate,Morning,Analytical,73.1
15.0,31.3,72.5,23.3,330.5,3.6,9.6,120.7,Intermediate,Evening,Cognitive,75.1
11.4,26.4,62.3,17.2,305.8,4.9,7.3,94.4,Intermediate,Afternoon,Creative,70.1
14.1,19.9,60.3,14.8,334.5,5.4,5.0,112.3,Beginner,Evening,Cognitive,65.2
13.0,31.2,60.1,16.5,265.9,1.9,7.9,100.7,Intermediate,Afternoon,Cognitive,85.6
17.3,36.7,65.4,13.2,373.3,1.6,6.1,106.1,Beginner,Evening,Cognitive,63.3
11.6,29.6,62.9,13.1,326.9,6.7,8.3,,Expert,Evening,Cognitive,82.2
17.3,21.1,54.2,19.7,309.9,4.6,7.3,101.3,Expert,Evening,Cognitive,75.4
11.6,30.7,68.8,16.9,304.8,4.7,4.6,112.6,Intermediate,Afternoon,Creative,78.4
14.0,25.5,48.0,19.4,247.4,4.5,5.2,103.6,Beginner,Afternoon,Analytical,78.3
17.5,14.3,73.2,11.1,417.6,4.3,5.9,104.4,Intermediate,Evening,Creative,76.1
12.2,29.5,51.0,13.1,336.2,3.6,9.5,175.2,Beginner,Evening,Cognitive,72.1
17.6,33.1,65.5,16.9,416.9,2.6,6.0,,Intermediate,Evening,Analytical,76.8
17.2,37.1,58.4,13.5,313.7,2.9,3.6,180.7,Beginner,Morning,Cognitive,74.9
13.9,40.5,,11.7,349.5,8.3,6.7,240.7,Expert,Evening,Creative,73.3
19.6,33.9,73.6,12.8,363.5,7.6,6.6,81.0,Beginner,Morning,Creative,75.5
15.3,35.6,,15.0,351.2,5.9,9.4,142.5,Intermediate,Afternoon,Cognitive,73.8
19.4,22.3,59.4,17.2,304.1,3.9,9.3,134.5,Intermediate,Morning,Cognitive,80.4
22.2,39.7,77.5,21.1,238.2,5.1,5.0,123.1,Intermediate,Morning,Analytical,95.7
14.0,37.6,69.8,12.8,439.5,1.2,7.6,,Beginner,Evening,Analytical,77.0
,27.8,51.9,13.0,290.1,6.0,8.2,173.3,Expert,Morning,Cognitive,88.8
,34.1,,11.6,453.5,3.5,6.8,,Intermediate,Afternoon,Analytical,68.2
10.9,33.5,61.1,17.7,296.5,4.0,7.3,189.8,Intermediate,Afternoon,Cognitive,79.6
14.2,38.8,73.8,16.4,395.6,4.2,8.7,119.1,Beginner,Morning,Cognitive,75.9
9.5,29.1,66.1,13.1,355.9,3.6,7.4,188.1,Intermediate,Morning,Cognitive,78.4
,25.5,75.7,13.5,358.2,5.6,8.0,150.8,Intermediate,Afternoon,Creative,78.2
17.4,27.1,54.0,15.6,295.2,7.2,9.1,165.8,Beginner,Morning,Cognitive,81.9
12.9,35.4,58.8,15.8,306.3,5.7,6.3,157.6,Beginner,Evening,Cognitive,67.4
17.8,18.5,59.1,12.9,307.0,4.1,8.2,111.7,Expert,Evening,Cognitive,76.0
16.2,12.0,62.4,16.5,333.7,1.9,6.3,98.3,Beginner,Morning,Analytical,81.0
22.4,35.4,67.7,11.9,315.8,4.1,,147.0,Beginner,Morning,Cognitive,75.0
17.1,31.6,76.3,16.1,299.7,3.8,6.1,161.9,Intermediate,Afternoon,Creative,90.2
19.5,30.1,78.4,15.5,279.2,5.6,7.7,119.6,Intermediate,Afternoon,Creative,89.3
16.6,22.2,76.7,17.2,284.2,2.7,6.7,166.7,Beginner,Morning,Cognitive,83.3
,19.7,66.7,19.6,346.7,2.2,7.9,75.7,Intermediate,Morning,Cognitive,82.0
19.7,26.2,56.6,14.9,284.9,4.6,5.7,135.3,Beginner,Afternoon,Cognitive,65.1
17.7,32.2,62.3,16.0,265.0,5.8,6.6,188.7,Beginner,Evening,Creative,72.1
15.8,26.5,66.6,10.1,327.1,4.3,6.9,135.2,Beginner,Afternoon,Analytical,74.7
15.8,35.4,61.4,21.9,210.9,5.9,5.4,,Expert,Afternoon,Analytical,80.0
17.2,24.3,50.9,10.4,319.7,1.4,6.1,174.5,Beginner,Evening,Cognitive,69.7
12.3,26.9,55.4,15.8,323.9,4.9,4.5,214.6,Beginner,Afternoon,Analytical,69.4
12.1,34.2,68.7,8.4,348.1,1.4,,155.8,Intermediate,Afternoon,Creative,78.2
20.7,27.7,57.5,13.5,337.1,9.3,8.2,25.2,Expert,Afternoon,Cognitive,79.7
22.5,28.0,60.2,21.2,256.1,6.7,4.9,73.9,Beginner,Evening,Analytical,71.8
11.3,26.1,59.2,19.4,310.7,4.8,5.2,181.2,Intermediate,Afternoon,Cognitive,80.8
12.3,25.0,51.1,19.0,352.6,0.8,5.6,91.5,Beginner,Evening,Cognitive,63.3
19.6,32.1,58.3,15.4,340.9,1.2,5.1,125.3,Intermediate,Afternoon,Creative,68.5
17.1,32.9,55.4,21.0,280.9,7.8,7.6,,Intermediate,Afternoon,Creative,88.9
,31.4,53.1,16.8,340.8,1.7,6.0,172.2,Intermediate,Morning,Analytical,77.5
18.6,26.3,49.4,18.1,365.7,5.0,7.4,151.8,Beginner,Morning,Creative,66.9
14.0,28.8,59.0,23.9,271.2,7.6,5.9,82.0,Beginner,Evening,Cognitive,72.1
16.3,39.6,66.2,19.3,222.0,4.2,6.5,171.5,Beginner,Morning,Creative,84.4
16.0,21.5,71.2,15.8,408.7,1.6,8.6,174.9,Beginner,Afternoon,Analytical,77.1
11.6,41.3,46.1,17.5,335.8,0.4,5.3,156.1,Beginner,Morning,Analytical,84.3
16.3,30.6,76.1,20.2,297.1,4.8,,134.6,Intermediate,Evening,Analytical,87.8
20.0,28.9,62.9,17.9,295.4,1.8,7.6,342.3,Expert,Morning,Creative,81.9
13.7,35.7,48.7,18.3,327.3,4.0,6.5,35.4,Expert,Evening,Creative,82.7
15.6,17.6,56.0,19.9,372.1,1.9,,103.0,Expert,Afternoon,Creative,86.0
15.8,38.3,41.2,23.6,244.5,2.8,7.0,120.5,Intermediate,Morning,Creative,67.6
13.9,41.1,43.8,13.2,300.0,2.9,4.7,196.4,Intermediate,Afternoon,Creative,70.2
17.7,36.5,77.2,18.1,402.7,3.5,9.1,104.6,Beginner,Morning,Analytical,84.0
12.3,17.4,53.0,17.4,361.2,2.5,6.9,189.0,Intermediate,Morning,Analytical,77.8
,34.6,65.4,14.8,357.0,4.6,9.4,,Intermediate,Afternoon,Creative,76.2
17.5,39.9,58.9,14.1,340.4,6.0,,148.4,Intermediate,Morning,Cognitive,81.6
11.3,39.3,60.2,21.0,335.5,3.3,9.0,173.1,Intermediate,Evening,Analytical,84.1
21.8,21.6,63.7,12.9,296.6,4.5,,84.2,Beginner,Morning,Cognitive,78.4
,36.1,39.2,11.8,292.1,2.1,8.8,167.6,Beginner,Afternoon,Cognitive,68.1
12.1,40.8,73.2,14.3,360.3,0.9,6.7,207.4,Expert,Afternoon,Analytical,88.2
19.4,30.2,59.0,10.7,293.0,4.8,9.7,115.5,Beginner,Afternoon,Cognitive,72.4
17.0,21.3,55.0,13.5,334.2,5.8,6.3,62.4,Intermediate,Afternoon,Cognitive,83.2
7.9,35.0,64.7,12.8,327.6,0.2,7.5,103.0,Expert,Afternoon,Analytical,93.2
12.9,36.3,52.8,16.3,429.6,3.8,8.3,116.2,Intermediate,Afternoon,Analytical,68.6
16.1,29.2,62.1,20.3,312.0,4.9,11.8,179.2,Intermediate,Afternoon,Creative,71.6
,22.9,58.3,14.2,378.4,4.6,,67.8,Beginner,Morning,Analytical,77.2
15.3,35.9,67.1,18.6,355.4,2.8,,160.2,Beginner,Afternoon,Cognitive,65.0
15.6,25.4,57.9,18.3,314.1,4.1,7.4,155.2,Expert,Morning,Analytical,88.3
10.3,32.4,49.7,9.3,257.8,5.9,5.0,150.2,Intermediate,Morning,Creative,80.3
,39.3,63.6,14.3,317.4,2.3,9.2,194.1,Intermediate,Afternoon,Analytical,79.7
,20.0,57.3,14.9,365.0,7.1,2.3,,Beginner,Afternoon,Cognitive,64.2
10.2,35.4,,17.1,258.8,1.2,,,Beginner,Afternoon,Analytical,78.0
18.7,28.8,62.0,17.7,361.8,5.8,10.3,117.9,Expert,Afternoon,Cognitive,89.6
18.4,28.9,54.6,17.0,387.1,4.1,,124.2,Beginner,Morning,Analytical,71.3
13.8,33.1,63.5,13.3,324.8,3.0,7.7,91.4,Intermediate,Morning,Creative,84.2
14.2,25.4,51.4,14.1,365.7,0.3,5.2,33.9,Beginner,Morning,Creative,84.0
17.9,22.9,47.9,11.5,327.0,6.4,9.0,127.9,Intermediate,Afternoon,Analytical,77.3
,19.3,71.8,16.2,348.6,2.1,,135.4,Expert,Afternoon,Cognitive,87.8
,37.4,68.4,14.9,394.7,3.9,5.6,117.8,Intermediate,Morning,Creative,86.8
16.9,27.8,59.9,17.6,242.3,4.9,9.0,123.2,Beginner,Afternoon,Cognitive,79.0
11.7,33.4,64.4,18.1,281.7,8.8,5.6,66.4,Intermediate,Afternoon,Analytical,95.1
13.4,27.1,68.1,15.0,607.1,3.3,4.8,-45.0,Intermediate,Afternoon,Creative,73.5
20.8,23.0,59.9,16.8,391.8,4.1,5.6,104.8,Intermediate,Afternoon,Creative,64.9
14.5,33.9,47.9,15.4,249.6,4.8,,39.9,Expert,Afternoon,Cognitive,83.6
15.0,32.0,63.0,12.7,398.1,4.2,6.2,142.0,Intermediate,Afternoon,Creative,71.4
17.0,28.6,70.0,13.6,191.4,2.5,9.7,55.9,Expert,Morning,Cognitive,100.0
17.0,31.8,65.9,9.2,351.3,7.0,7.1,117.4,Intermediate,Morning,Cognitive,75.2
11.3,24.2,60.6,14.8,330.9,3.1,5.1,102.3,Beginner,Morning,Analytical,76.5
14.8,36.4,,14.2,283.3,4.9,4.2,75.8,Beginner,Afternoon,Cognitive,71.1
15.1,37.8,57.8,12.7,286.4,3.6,8.4,180.2,Beginner,Evening,Creative,69.7
16.1,34.6,70.4,18.5,288.3,2.8,7.5,51.9,Expert,Afternoon,Cognitive,86.7
,27.8,73.5,17.6,309.8,6.1,7.9,-21.3,Intermediate,Morning,Creative,95.1
25.3,30.4,47.0,17.7,419.3,4.5,6.4,46.8,Intermediate,Evening,Cognitive,64.0
10.3,39.4,71.2,18.1,361.2,-0.4,7.2,211.6,Beginner,Evening,Analytical,83.6
18.9,37.7,82.4,16.0,391.7,4.6,8.8,,Beginner,Evening,Analytical,74.2
19.7,42.0,65.3,16.0,303.9,2.7,7.0,185.1,Intermediate,Afternoon,Cognitive,82.7
17.0,25.3,69.8,18.5,331.5,0.8,5.3,119.1,Intermediate,Evening,Cognitive,69.3
12.4,24.8,53.5,18.0,266.4,5.9,8.1,192.2,Beginner,Morning,Cognitive,76.6
21.7,30.8,55.0,19.1,306.1,2.5,6.5,70.7,Intermediate,Morning,Analytical,71.0
,32.4,57.9,15.9,292.4,4.5,,137.1,Beginner,Morning,Cognitive,75.6
12.3,29.1,56.0,13.0,344.4,5.8,7.0,167.8,Beginner,Afternoon,Cognitive,73.3
19.7,27.7,46.9,16.7,284.7,3.5,8.3,44.0,Intermediate,Morning,Creative,84.6
13.5,37.6,58.3,14.3,278.2,4.5,7.8,,Beginner,Afternoon,Analytical,80.0
21.4,29.5,68.4,18.0,339.8,2.6,8.9,105.0,Expert,Afternoon,Analytical,89.0
9.0,22.7,47.0,16.9,317.3,6.2,8.4,148.6,Beginner,Morning,Cognitive,66.6
10.6,23.4,61.8,16.2,285.0,3.6,5.0,,Beginner,Evening,Cognitive,67.9
12.9,31.5,61.5,14.8,441.6,5.1,4.2,348.5,Beginner,Morning,Creative,59.7
16.7,48.0,57.0,19.0,285.0,7.0,,177.2,Intermediate,Afternoon,Cognitive,83.7
14.1,24.1,65.0,18.8,360.7,0.3,7.9,116.2,Intermediate,Evening,Analytical,74.8
13.0,28.1,,14.3,340.9,2.6,,146.8,Intermediate,Morning,Creative,70.9
20.7,44.4,56.3,12.3,282.2,3.7,7.7,163.8,Beginner,Afternoon,Analytical,79.0
21.1,27.1,70.6,16.5,284.2,4.3,7.6,171.1,Beginner,Evening,Cognitive,73.5
13.3,32.7,65.6,19.6,262.6,5.2,6.9,150.1,Intermediate,Evening,Creative,83.7
8.2,41.3,75.7,12.2,300.3,6.4,6.0,85.0,Expert,Evening,Analytical,85.4
6.4,24.3,59.3,17.4,326.1,2.5,5.5,21.2,Expert,Morning,Analytical,87.0
16.0,28.1,56.8,13.5,276.1,3.6,,129.6,Beginner,Afternoon,Analytical,77.7
17.6,27.1,57.9,12.9,429.4,6.2,3.8,194.9,Intermediate,Morning,Cognitive,66.1
15.3,20.9,71.8,18.8,351.2,4.7,5.1,199.8,Expert,Morning,Cognitive,71.7
,39.4,58.5,18.0,318.4,0.6,10.9,139.1,Beginner,Morning,Cognitive,74.9
11.8,26.5,59.1,15.5,324.3,0.4,5.5,92.6,Expert,Morning,Cognitive,82.7
17.6,24.7,79.6,18.4,250.4,3.0,6.2,175.4,Beginner,Evening,Analytical,68.9
21.7,27.3,,18.1,260.0,5.1,8.0,54.1,Expert,Morning,Creative,80.7
6.1,35.6,63.6,11.5,386.1,5.1,7.7,83.0,Intermediate,Afternoon,Cognitive,75.0
14.7,30.7,59.4,16.3,401.8,2.2,7.7,34.1,Expert,Afternoon,Creative,79.3
11.1,25.3,57.5,20.2,209.2,5.3,9.2,179.9,Intermediate,Afternoon,Analytical,83.8
9.0,32.5,50.5,17.4,343.5,4.5,,21.8,Beginner,Evening,Cognitive,69.4
10.5,34.9,53.4,8.2,389.1,1.8,7.3,,Expert,Morning,Analytical,77.7
16.5,29.9,55.9,12.8,302.9,2.8,6.9,259.6,Beginner,Afternoon,Cognitive,73.8
16.6,28.6,,19.0,396.0,0.1,,144.1,Beginner,Afternoon,Cognitive,71.4
20.8,36.1,68.5,14.3,358.4,1.6,7.2,61.9,Intermediate,Morning,Creative,77.7
15.0,28.9,,19.4,342.5,0.2,7.8,94.9,Intermediate,Afternoon,Analytical,73.9
8.0,39.6,48.0,22.1,307.8,0.9,7.9,29.4,Expert,Evening,Analytical,89.2
14.0,25.5,65.5,15.3,324.6,7.4,8.6,66.3,Beginner,Morning,Analytical,86.8
9.5,25.3,66.3,14.1,297.6,3.2,6.9,77.1,Intermediate,Morning,Creative,83.0
10.2,24.6,45.4,13.0,334.8,0.5,5.5,70.0,Intermediate,Morning,Creative,80.7
17.3,28.6,68.7,18.3,332.6,4.8,,128.2,Beginner,Evening,Analytical,67.7
15.8,30.0,59.9,14.2,298.3,4.6,6.3,-46.8,Beginner,Afternoon,Analytical,80.7
17.4,22.0,67.5,14.8,222.6,4.4,5.0,45.4,Beginner,Afternoon,Cognitive,77.1
13.6,30.6,51.5,12.7,310.3,2.3,5.9,154.4,Beginner,Afternoon,Cognitive,61.3
18.2,33.4,46.1,14.7,269.1,5.2,5.2,246.0,Expert,Evening,Creative,77.5
13.3,21.2,56.9,13.9,264.0,1.8,6.0,145.8,Intermediate,Evening,Cognitive,82.5
19.5,26.9,57.4,10.1,285.5,5.6,9.7,69.7,Intermediate,Evening,Analytical,81.4
16.4,33.4,56.8,13.5,783.6,5.8,6.8,285.2,Expert,Evening,Analytical,54.3
14.2,23.5,56.1,18.2,264.4,3.9,9.4,185.6,Beginner,Afternoon,Cognitive,83.2
15.8,28.1,76.9,20.0,275.6,1.1,7.6,74.9,Expert,Afternoon,Cognitive,100.0
14.9,36.5,43.0,15.7,355.3,5.6,6.1,68.4,Intermediate,Evening,Creative,65.8
21.4,40.8,51.6,16.1,281.7,2.8,,216.8,Expert,Evening,Cognitive,80.2
16.0,32.6,55.8,16.9,263.6,4.5,4.5,55.2,Beginner,Morning,Creative,79.2
15.0,29.0,60.2,21.9,360.4,5.4,6.5,225.2,Expert,Morning,Cognitive,89.2
14.0,27.0,67.1,13.0,313.5,2.4,5.0,153.7,Beginner,Evening,Cognitive,71.9
18.4,35.5,68.7,12.2,323.3,8.3,7.9,197.1,Beginner,Morning,Cognitive,68.1
17.8,36.8,70.8,15.8,308.8,3.9,6.3,180.8,Intermediate,Evening,Cognitive,75.1
13.9,23.1,64.8,17.2,341.2,2.7,,182.8,Beginner,Afternoon,Analytical,78.3
,35.5,42.7,15.9,354.3,6.0,,51.3,Intermediate,Morning,Analytical,76.2
11.4,26.4,43.4,11.9,313.9,7.1,8.3,163.4,Intermediate,Morning,Analytical,70.9
14.3,24.8,71.5,18.7,245.1,-0.1,5.7,196.2,Intermediate,Morning,Cognitive,92.9
20.4,29.1,70.8,15.6,334.9,1.2,5.6,105.6,Beginner,Morning,Creative,68.7
14.0,35.9,66.4,17.7,303.0,2.4,7.5,0.7,Beginner,Afternoon,Cognitive,78.4
12.6,31.9,51.8,20.7,362.9,8.2,8.6,41.3,Beginner,Afternoon,Analytical,69.8
8.0,31.7,56.8,11.6,275.2,3.0,7.5,25.4,Intermediate,Evening,Creative,82.6
,32.1,,10.8,304.3,7.0,10.3,97.0,Beginner,Afternoon,Creative,71.4
17.3,32.8,49.8,17.7,245.9,4.4,5.6,,Beginner,Afternoon,Analytical,78.9
18.2,29.3,62.6,9.9,359.2,1.1,3.8,82.3,Beginner,Afternoon,Cognitive,76.9
18.8,33.8,81.6,14.8,381.3,5.8,7.7,241.5,Beginner,Afternoon,Creative,72.9
14.3,26.0,55.0,14.3,295.6,4.6,,170.6,Intermediate,Afternoon,Creative,77.9
15.3,33.9,73.0,17.1,310.3,2.3,7.7,157.1,Expert,Morning,Analytical,99.7
21.0,35.1,51.1,14.0,279.5,2.7,8.3,188.0,Beginner,Morning,Creative,70.0
15.7,34.2,44.6,17.5,284.3,1.9,4.7,42.9,Intermediate,Morning,Creative,79.4
,34.5,69.9,12.8,354.7,2.8,6.6,63.4,Intermediate,Morning,Creative,76.8
,32.8,,12.3,294.8,5.3,7.9,126.2,Intermediate,Afternoon,Cognitive,83.2
17.6,37.0,72.7,16.1,343.8,2.2,7.4,80.0,Intermediate,Morning,Cognitive,84.3
14.5,16.4,74.7,16.3,319.2,4.2,6.7,97.7,Intermediate,Evening,Analytical,90.2
14.9,35.1,57.2,16.9,357.5,4.6,,157.2,Intermediate,Evening,Cognitive,76.0
18.1,41.9,73.4,20.4,300.4,3.9,8.5,176.6,Beginner,Evening,Creative,69.3
18.1,26.3,51.2,19.8,374.3,0.8,,152.2,Intermediate,Evening,Cognitive,67.5
19.7,25.6,51.1,17.4,413.8,5.5,9.4,189.0,Intermediate,Morning,Creative,78.9
17.2,37.7,70.7,18.4,235.0,1.7,5.2,-39.7,Beginner,Afternoon,Creative,98.4
17.4,24.4,44.5,16.8,315.4,2.8,7.9,241.0,Beginner,Morning,Cognitive,73.8
13.2,26.0,60.0,19.5,315.4,3.1,6.5,169.0,Expert,Evening,Cognitive,68.7
12.7,31.0,72.5,17.1,284.2,3.9,8.9,98.6,Intermediate,Evening,Cognitive,88.2
18.1,25.2,73.2,14.3,340.4,4.2,8.1,31.4,Intermediate,Evening,Cognitive,89.0
,35.3,55.7,13.7,376.0,5.4,7.9,109.5,Expert,Afternoon,Analytical,85.0
14.9,25.3,,19.5,221.3,3.4,7.3,72.2,Intermediate,Evening,Cognitive,100.0
20.5,32.2,48.8,15.5,217.5,1.6,6.2,192.7,Intermediate,Morning,Analytical,79.3
19.9,31.7,,21.8,402.9,6.2,5.5,160.8,Intermediate,Morning,Creative,71.9
16.2,40.0,62.3,12.7,308.0,3.2,4.9,81.3,Expert,Evening,Analytical,70.8
13.8,37.0,63.8,19.8,324.5,3.6,6.1,36.0,Intermediate,Afternoon,Creative,80.8
14.5,26.8,49.5,14.7,266.6,2.0,8.4,105.1,Intermediate,Evening,Analytical,74.2
18.5,22.4,78.6,17.2,322.2,2.3,5.5,180.2,Beginner,Morning,Analytical,77.7
,35.0,41.2,12.1,388.4,6.9,8.8,152.8,Expert,Evening,Creative,77.7
12.8,26.1,60.5,10.5,344.8,1.2,5.5,35.8,Intermediate,Afternoon,Analytical,84.3
19.9,28.0,62.0,20.4,329.6,1.5,,88.5,Beginner,Evening,Creative,72.4
15.7,23.6,42.5,14.7,231.5,3.1,7.7,178.8,Expert,Evening,Cognitive,80.8
12.7,34.1,73.2,19.0,357.1,4.6,8.5,112.1,Intermediate,Evening,Creative,79.3
16.9,26.1,52.6,14.0,320.5,2.1,6.5,116.9,Beginner,Morning,Analytical,78.2
18.9,29.8,61.0,19.0,289.6,0.8,7.7,233.4,Intermediate,Evening,Cognitive,75.6
,29.9,63.3,14.7,352.1,1.6,7.3,,Intermediate,Morning,Analytical,89.2
14.2,31.1,45.5,12.4,277.6,3.2,6.6,,Expert,Morning,Cognitive,82.2
14.0,34.0,49.3,17.9,348.0,2.0,5.4,,Beginner,Afternoon,Creative,72.2
16.8,28.5,,18.8,380.8,8.4,7.7,98.0,Expert,Evening,Cognitive,82.3
17.5,25.6,59.3,17.9,327.7,8.0,7.0,131.1,Intermediate,Afternoon,Cognitive,77.5
12.8,18.8,33.0,15.6,298.8,6.3,6.5,139.0,Beginner,Evening,Cognitive,55.5
9.0,30.6,,10.8,291.4,4.8,7.2,156.7,Expert,Afternoon,Analytical,77.8
19.1,29.1,59.7,12.8,339.1,4.8,7.9,110.5,Intermediate,Morning,Cognitive,82.6
10.5,25.7,62.2,13.9,298.4,6.6,4.5,,Beginner,Evening,Creative,72.0
16.1,30.4,40.0,15.2,438.3,4.3,6.2,128.2,Intermediate,Morning,Creative,66.2
14.5,35.1,,19.4,249.2,2.4,5.5,87.0,Expert,Evening,Creative,79.4
15.6,36.7,51.7,15.6,313.5,8.2,5.7,45.4,Beginner,Morning,Cognitive,76.2
21.6,20.8,62.2,9.7,333.6,5.2,5.8,158.0,Beginner,Afternoon,Creative,64.8
27.2,27.8,65.1,8.2,327.7,6.9,8.6,138.3,Beginner,Afternoon,Analytical,68.5
8.5,35.8,64.0,13.9,292.0,7.6,,80.2,Beginner,Morning,Creative,77.3
18.9,39.6,74.0,14.5,381.6,0.5,5.4,35.0,Intermediate,Afternoon,Cognitive,74.2
14.4,25.1,81.9,17.1,353.3,2.3,7.3,84.8,Intermediate,Morning,Creative,91.3
19.2,38.3,48.7,11.6,357.0,3.6,7.6,2.7,Beginner,Morning,Cognitive,71.8
18.8,21.9,56.2,11.9,286.6,5.0,6.5,178.5,Beginner,Morning,Cognitive,73.8
,36.9,67.4,17.4,299.9,5.8,5.1,113.4,Beginner,Afternoon,Creative,59.9
16.1,28.3,,20.0,344.4,3.9,5.4,135.8,Expert,Evening,Analytical,81.4
11.4,39.4,32.8,10.1,265.0,6.6,4.6,95.7,Beginner,Afternoon,Analytical,68.6
18.7,27.2,,13.7,353.3,5.2,10.2,226.2,Expert,Evening,Creative,77.0
15.5,28.1,72.3,19.3,315.0,5.2,4.4,162.1,Intermediate,Afternoon,Cognitive,75.3
14.1,29.2,,18.8,373.2,3.4,5.1,97.8,Beginner,Afternoon,Creative,71.5
,20.8,62.2,13.2,298.6,4.6,7.0,99.5,Expert,Afternoon,Cognitive,88.2
19.0,19.4,40.9,19.5,410.7,4.6,4.3,82.5,Intermediate,Afternoon,Cognitive,66.9
21.4,33.1,68.7,16.1,340.5,5.9,5.3,111.1,Intermediate,Afternoon,Cognitive,80.8
10.2,35.9,62.4,18.0,346.0,1.4,7.2,143.1,Expert,Morning,Analytical,82.4
17.5,33.6,54.3,13.9,285.4,5.4,7.3,140.9,Beginner,Evening,Analytical,79.5
13.5,22.5,55.8,16.9,332.7,0.7,7.6,103.8,Beginner,Evening,Creative,70.5
9.1,32.9,45.0,12.5,292.5,2.3,8.1,207.0,Intermediate,Morning,Analytical,74.3
15.6,24.1,70.1,14.4,243.0,5.2,6.9,-0.6,Beginner,Evening,Cognitive,70.4
11.7,32.4,52.0,15.1,310.2,2.3,6.0,,Beginner,Morning,Cognitive,79.9
,36.8,65.0,16.4,378.1,4.1,7.7,161.3,Beginner,Morning,Creative,80.3
11.9,32.2,50.4,23.2,316.8,2.2,9.1,204.5,Beginner,Morning,Cognitive,80.4
10.9,38.8,82.0,23.7,305.3,5.2,7.9,131.8,Intermediate,Evening,Creative,83.4
12.4,29.1,75.6,14.8,304.6,4.1,5.7,,Beginner,Evening,Creative,67.0
9.7,28.7,80.7,20.4,432.1,4.0,7.9,222.7,Intermediate,Evening,Cognitive,78.8
13.4,30.4,81.9,12.7,350.4,6.2,7.8,98.6,Intermediate,Morning,Analytical,93.3
12.1,21.9,53.7,17.2,240.5,4.8,5.1,69.4,Intermediate,Afternoon,Cognitive,78.6
16.5,27.6,51.2,13.9,292.8,5.0,6.7,68.2,Beginner,Afternoon,Cognitive,69.0
17.4,28.1,80.3,14.6,300.0,6.2,7.8,34.4,Intermediate,Morning,Creative,94.5
16.0,28.3,58.6,24.0,283.9,6.4,8.7,46.3,Beginner,Afternoon,Analytical,78.1
14.1,31.6,68.3,14.8,323.2,2.1,6.0,63.2,Intermediate,Morning,Creative,81.5
14.0,21.1,53.8,14.1,291.3,5.5,4.8,50.0,Expert,Morning,Cognitive,83.8
11.7,23.1,54.0,13.0,294.4,4.9,7.8,181.5,Intermediate,Afternoon,Creative,75.9
11.7,36.8,68.3,13.7,327.7,6.6,6.6,93.2,Intermediate,Afternoon,Creative,80.7
17.8,18.0,40.3,11.7,243.0,1.4,7.4,36.7,Intermediate,Morning,Cognitive,80.8
8.0,33.7,67.8,16.7,212.4,2.6,7.3,96.7,Beginner,Morning,Creative,92.1
14.7,27.8,65.2,16.6,382.1,3.6,7.2,135.0,Expert,Morning,Cognitive,86.3
,31.0,54.7,17.0,361.9,6.8,6.4,104.3,Expert,Morning,Creative,85.9
17.4,39.3,60.2,16.0,338.4,3.4,8.4,107.0,Beginner,Morning,Analytical,73.1
9.3,29.2,61.8,14.3,335.2,3.9,5.7,10.3,Intermediate,Afternoon,Cognitive,86.6
15.0,33.8,62.4,14.0,310.5,2.6,7.4,174.6,Expert,Afternoon,Analytical,86.2
,30.4,66.9,16.5,470.8,5.6,,98.9,Expert,Afternoon,Creative,74.6
7.4,29.3,51.9,15.8,329.6,5.4,6.7,42.0,Intermediate,Evening,Analytical,73.7
10.7,28.6,87.0,14.1,450.4,2.9,8.2,113.6,Intermediate,Afternoon,Analytical,87.3
14.6,34.2,57.9,15.1,423.1,1.9,6.3,90.2,Beginner,Morning,Analytical,74.6
,25.6,,20.6,343.1,5.5,10.4,127.3,Expert,Morning,Creative,81.3
15.7,23.2,79.4,21.9,309.5,5.0,7.4,273.3,Beginner,Evening,Cognitive,74.3
17.2,30.4,41.7,15.3,320.8,2.7,,75.1,Intermediate,Morning,Creative,71.6
10.7,31.2,79.3,13.8,300.0,5.4,8.3,164.7,Beginner,Morning,Creative,85.8
8.6,19.1,60.9,15.9,343.1,5.3,9.1,100.3,Beginner,Morning,Creative,83.9
15.3,29.9,54.7,19.4,353.7,6.5,,96.6,Intermediate,Afternoon,Cognitive,70.0
,22.6,48.8,15.9,258.8,5.7,8.7,195.3,Expert,Afternoon,Creative,81.2
11.5,33.8,47.3,17.1,450.7,3.3,9.2,130.9,Beginner,Evening,Creative,73.0
18.7,19.2,56.6,14.0,281.0,2.5,7.4,216.7,Intermediate,Evening,Cognitive,75.8
15.8,41.6,62.8,12.5,185.7,8.0,6.0,116.9,Beginner,Afternoon,Cognitive,92.2
12.7,28.0,66.2,18.3,315.9,3.0,9.7,201.9,Beginner,Afternoon,Cognitive,84.5
12.2,24.8,62.7,16.6,262.6,0.3,7.0,99.9,Intermediate,Morning,Analytical,83.9
17.5,28.3,,18.0,317.3,1.6,7.1,78.9,Intermediate,Morning,Cognitive,76.3
15.8,33.3,73.4,10.9,323.5,-0.1,,146.3,Beginner,Morning,Analytical,79.8
,35.3,86.7,21.5,342.3,6.4,5.8,127.1,Beginner,Morning,Analytical,74.3
7.2,28.4,74.9,16.8,370.3,7.6,7.5,39.7,Beginner,Morning,Creative,85.0
22.5,21.4,56.4,10.6,269.6,4.5,7.5,131.9,Beginner,Morning,Analytical,68.5
10.1,22.7,65.0,19.0,301.8,0.8,7.0,,Expert,Morning,Creative,93.1
17.1,31.7,65.7,14.9,353.9,6.4,6.9,169.0,Expert,Evening,Analytical,82.2
21.0,35.9,76.0,16.1,287.1,4.9,6.7,80.2,Beginner,Afternoon,Cognitive,85.7
15.6,36.7,56.6,14.6,226.1,6.5,6.4,98.2,Intermediate,Evening,Creative,84.8
12.6,31.0,50.4,15.7,351.0,5.2,8.1,58.5,Expert,Afternoon,Analytical,79.7
9.3,35.8,71.3,15.9,291.7,1.2,7.4,180.3,Beginner,Afternoon,Creative,81.9
9.2,41.5,64.1,11.0,288.4,5.3,8.4,145.7,Expert,Morning,Cognitive,86.4
16.5,37.1,48.9,18.6,326.0,0.9,6.2,256.6,Expert,Morning,Analytical,78.7
20.8,35.5,67.1,16.3,320.2,2.5,,195.6,Beginner,Morning,Analytical,72.5
13.4,25.2,78.4,17.3,369.9,6.1,8.3,93.5,Beginner,Evening,Cognitive,59.5
12.8,35.8,53.1,18.4,257.5,6.0,6.6,27.0,Expert,Evening,Analytical,89.6
17.8,32.8,,16.4,723.3,2.1,6.0,148.2,Intermediate,Morning,Analytical,59.1
12.3,33.9,60.3,17.0,249.3,1.7,7.9,110.6,Beginner,Morning,Creative,82.7
16.1,37.6,66.8,11.6,300.6,4.1,4.6,11.9,Beginner,Afternoon,Analytical,85.4
15.2,32.2,59.3,13.5,276.6,8.0,6.4,69.0,Intermediate,Morning,Cognitive,75.6
13.4,29.4,71.3,16.3,322.8,5.1,7.4,181.0,Intermediate,Afternoon,Analytical,92.3
14.9,23.6,62.6,16.6,320.9,8.7,6.8,,Intermediate,Morning,Creative,73.4
,28.2,70.1,17.2,328.3,3.7,5.4,67.6,Expert,Afternoon,Analytical,82.3
17.4,31.3,52.8,20.2,333.1,5.8,7.1,151.1,Beginner,Morning,Creative,78.6
19.4,31.7,47.7,15.7,385.3,3.4,5.5,87.5,Intermediate,Afternoon,Analytical,79.1
11.3,31.5,56.6,17.1,327.8,2.4,7.4,120.7,Intermediate,Morning,Creative,77.0
19.4,35.8,46.5,16.2,389.4,2.1,6.4,143.5,Intermediate,Afternoon,Creative,63.4
17.6,35.2,64.1,15.3,232.5,4.7,6.8,82.9,Beginner,Evening,Analytical,69.2
9.0,29.6,39.8,15.4,210.8,6.6,,166.3,Expert,Morning,Cognitive,84.5
17.2,24.9,55.5,13.6,326.4,3.3,8.2,161.5,Expert,Evening,Cognitive,87.3
12.9,32.3,57.1,15.6,336.3,6.8,6.8,139.5,Intermediate,Evening,Analytical,82.4
8.8,43.5,49.5,15.3,293.3,7.7,5.9,,Intermediate,Evening,Analytical,79.0
,31.9,56.9,15.5,319.5,5.7,6.8,172.8,Beginner,Evening,Analytical,63.7
17.2,28.2,60.0,10.8,373.8,4.7,9.6,103.7,Intermediate,Afternoon,Analytical,72.4
15.6,33.2,72.7,15.7,353.5,2.7,7.5,74.3,Intermediate,Evening,Analytical,75.8
14.6,33.6,49.6,13.4,303.5,6.6,8.6,129.3,Intermediate,Morning,Cognitive,72.4
,33.5,63.6,15.8,329.9,1.7,,115.8,Expert,Afternoon,Creative,88.3
24.9,38.2,65.6,12.7,357.9,5.2,6.7,116.5,Intermediate,Evening,Creative,73.6
10.3,32.3,59.8,16.1,258.5,1.4,5.5,86.4,Beginner,Evening,Cognitive,75.4
18.5,38.0,55.0,15.1,279.8,1.9,6.2,122.5,Intermediate,Evening,Cognitive,76.1
15.1,31.4,48.6,14.1,366.2,3.9,5.9,213.7,Beginner,Evening,Creative,51.7
11.6,39.1,79.0,16.9,233.5,5.4,8.9,161.3,Beginner,Evening,Cognitive,75.1
14.8,37.2,60.7,17.1,265.5,6.0,8.1,128.2,Beginner,Afternoon,Analytical,87.9
9.4,35.5,56.8,15.9,259.3,4.0,5.9,194.3,Intermediate,Evening,Cognitive,80.4
12.6,34.7,81.2,17.7,365.9,3.2,6.3,163.6,Intermediate,Afternoon,Cognitive,88.3
14.8,43.8,62.2,14.8,265.8,2.4,7.5,100.4,Intermediate,Evening,Cognitive,84.5
8.8,36.5,85.4,17.2,359.6,5.4,8.3,116.8,Intermediate,Evening,Cognitive,83.1
17.0,24.9,45.8,15.9,302.3,5.3,8.6,174.0,Intermediate,Evening,Creative,76.2
11.1,31.5,57.6,13.0,408.9,4.4,8.0,134.4,Beginner,Afternoon,Creative,64.6
9.2,28.4,46.3,13.6,326.4,4.6,9.7,145.6,Expert,Morning,Creative,88.2
10.7,42.4,58.8,19.5,373.3,7.2,7.6,44.8,Beginner,Morning,Creative,75.3
23.7,37.5,58.7,20.7,343.0,6.0,,88.4,Beginner,Evening,Analytical,73.5
7.1,42.2,,18.1,297.5,1.2,5.8,116.6,Intermediate,Afternoon,Analytical,78.4
16.7,25.4,60.5,14.3,319.4,5.8,5.4,187.9,Beginner,Morning,Creative,72.6
12.0,36.6,55.9,20.3,320.4,6.8,5.2,233.5,Beginner,Morning,Creative,70.5
13.6,21.8,58.9,17.8,296.9,2.4,8.0,66.0,Intermediate,Evening,Creative,84.7
17.4,20.4,52.4,17.0,364.4,5.9,9.4,82.7,Intermediate,Evening,Cognitive,71.5
17.2,27.6,74.4,21.5,445.5,10.0,7.2,146.8,Intermediate,Evening,Analytical,80.2
12.3,39.1,48.9,13.4,325.8,5.0,9.7,247.6,Expert,Afternoon,Analytical,86.5
9.6,24.0,62.1,18.3,355.8,3.5,7.0,60.2,Intermediate,Afternoon,Cognitive,84.6
17.5,29.9,48.1,13.6,346.4,3.8,7.9,2.2,Expert,Morning,Cognitive,80.9
17.2,37.1,51.7,14.2,189.5,4.3,,129.8,Beginner,Morning,Cognitive,71.3
13.9,35.1,52.7,23.8,344.6,0.8,8.2,39.1,Intermediate,Evening,Analytical,76.2
16.8,43.3,58.7,17.5,342.1,0.8,6.0,154.1,Expert,Morning,Cognitive,82.4
13.2,30.0,61.8,21.5,257.6,4.5,8.2,166.9,Intermediate,Afternoon,Cognitive,82.0
11.7,27.4,48.9,17.6,230.6,3.9,8.9,106.8,Intermediate,Afternoon,Cognitive,80.2
15.0,23.4,55.9,17.2,341.4,5.3,7.5,,Beginner,Afternoon,Creative,71.2
17.1,27.8,50.1,14.1,402.3,3.4,7.6,77.3,Beginner,Evening,Cognitive,57.0
16.2,23.4,49.6,18.9,618.3,4.2,7.2,,Intermediate,Morning,Creative,62.4
17.0,19.2,,16.1,617.5,5.9,8.0,74.6,Beginner,Evening,Analytical,62.5
12.0,41.8,46.1,16.2,435.4,-0.6,9.8,92.4,Expert,Morning,Analytical,79.7
21.3,30.3,60.7,15.2,364.8,2.2,7.0,76.2,Beginner,Morning,Analytical,73.9
13.6,45.5,77.0,15.7,259.3,3.0,7.2,136.6,Expert,Afternoon,Creative,99.4
,25.0,72.1,16.1,284.3,3.7,4.3,140.9,Expert,Morning,Cognitive,93.9
9.7,27.4,64.3,16.4,429.0,1.2,7.6,204.6,Beginner,Evening,Analytical,69.6
14.2,25.3,59.8,15.8,286.8,2.2,5.8,61.2,Beginner,Afternoon,Cognitive,79.7
17.1,26.2,67.4,11.3,293.3,5.4,,99.3,Expert,Morning,Creative,83.2
18.1,35.2,63.7,17.6,353.5,4.9,7.7,176.1,Expert,Morning,Analytical,80.4
21.2,33.4,74.2,15.6,306.8,-1.6,4.6,148.4,Intermediate,Afternoon,Cognitive,81.0
17.1,35.3,58.7,6.0,342.2,3.5,7.7,80.4,Beginner,Evening,Cognitive,78.8
16.1,38.1,70.0,11.2,334.4,3.7,7.4,40.6,Intermediate,Afternoon,Analytical,85.9
13.2,36.6,56.7,14.6,312.7,2.2,8.1,231.0,Intermediate,Afternoon,Cognitive,91.5
12.4,23.9,,19.8,380.5,3.7,6.0,24.4,Beginner,Evening,Creative,72.7
18.9,26.9,58.4,17.8,256.2,4.8,8.7,45.1,Intermediate,Afternoon,Analytical,83.7
,30.7,43.8,13.9,325.9,5.4,7.5,131.2,Beginner,Morning,Analytical,63.4
,52.4,60.8,15.4,291.0,4.2,5.9,177.7,Beginner,Afternoon,Analytical,67.1
17.9,34.6,67.6,19.3,402.1,5.3,4.9,67.4,Beginner,Afternoon,Analytical,64.1
,30.6,76.3,14.2,311.3,4.0,,160.9,Beginner,Afternoon,Creative,81.0
10.5,34.0,50.0,12.7,416.1,-0.6,8.3,59.4,Beginner,Afternoon,Creative,75.3
17.2,26.4,42.6,18.6,593.2,3.7,7.7,314.6,Intermediate,Evening,Cognitive,54.8
10.8,31.6,,19.3,325.5,1.5,3.8,168.8,Beginner,Morning,Creative,76.9
5.3,35.7,64.7,14.2,374.4,4.2,6.5,67.3,Beginner,Evening,Cognitive,76.2
14.4,29.8,45.9,17.5,272.2,3.6,7.2,172.7,Beginner,Afternoon,Cognitive,64.7
16.0,25.5,56.7,15.9,395.5,3.5,9.9,61.1,Expert,Afternoon,Analytical,83.5
14.5,29.5,57.2,14.2,321.3,2.3,8.9,-28.8,Intermediate,Morning,Cognitive,85.6
26.5,28.1,,19.5,340.6,3.2,6.7,,Intermediate,Afternoon,Analytical,83.5
16.5,21.9,55.9,14.0,347.3,4.6,7.3,143.1,Intermediate,Evening,Cognitive,69.0
15.6,26.6,55.6,18.3,316.2,2.2,5.0,165.5,Expert,Afternoon,Creative,81.8
16.7,21.6,61.1,16.2,279.5,2.8,3.1,,Beginner,Morning,Analytical,71.0
13.2,22.6,46.2,15.5,324.7,0.5,6.4,57.6,Intermediate,Afternoon,Cognitive,81.8
18.7,23.2,79.0,14.3,219.4,4.6,8.5,119.3,Intermediate,Morning,Creative,94.4
16.4,35.7,69.3,13.0,254.5,1.4,,93.5,Intermediate,Evening,Creative,85.1
16.3,38.9,53.0,15.3,313.0,4.1,5.9,119.2,Beginner,Evening,Analytical,69.8
12.5,20.8,48.8,14.5,397.4,5.4,8.4,258.0,Intermediate,Morning,Analytical,72.4
8.7,39.5,49.6,16.3,395.9,6.5,9.7,108.5,Beginner,Evening,Analytical,80.0
13.0,23.2,,12.4,369.0,3.4,4.8,61.2,Intermediate,Evening,Cognitive,83.4
16.1,34.5,49.9,15.5,243.0,5.2,6.9,104.7,Intermediate,Afternoon,Analytical,82.3
13.2,31.6,,17.2,335.0,4.0,,,Beginner,Afternoon,Creative,67.8
16.2,33.8,43.1,14.0,277.0,0.3,7.1,149.1,Expert,Afternoon,Creative,81.5
14.1,23.0,65.4,18.2,316.6,1.0,6.3,182.4,Beginner,Afternoon,Analytical,81.5
16.7,19.1,65.8,18.5,367.7,5.7,11.2,230.9,Expert,Morning,Analytical,90.0
,25.2,58.2,12.4,352.9,6.3,6.8,228.3,Intermediate,Morning,Creative,75.7
15.8,32.6,61.9,13.7,384.2,-0.2,7.5,71.8,Beginner,Afternoon,Cognitive,71.2
12.4,41.7,,12.0,249.5,4.7,7.3,165.0,Beginner,Morning,Creative,80.7
8.8,23.8,61.7,17.3,409.8,4.5,5.1,27.4,Expert,Evening,Creative,75.7
14.3,29.4,67.8,16.4,395.3,2.4,7.3,185.5,Beginner,Morning,Creative,67.5
,25.5,48.3,11.2,396.1,2.4,4.8,27.1,Beginner,Afternoon,Analytical,67.6
9.2,29.9,63.8,14.0,319.2,1.9,,27.4,Beginner,Evening,Cognitive,86.2
15.5,18.4,61.9,16.9,318.8,0.2,8.4,108.6,Intermediate,Afternoon,Cognitive,84.9
18.2,39.0,72.0,16.3,378.6,1.9,6.1,175.9,Intermediate,Afternoon,Analytical,85.3
,30.1,60.3,19.6,346.6,5.4,,63.7,Beginner,Evening,Creative,71.7
13.0,35.5,59.0,12.5,350.3,3.3,8.5,88.2,Beginner,Evening,Analytical,72.0
,28.6,,16.0,273.8,5.5,7.4,69.9,Beginner,Morning,Analytical,78.3
10.3,31.1,74.9,13.0,377.5,-0.0,,128.9,Beginner,Afternoon,Cognitive,76.0
19.6,36.8,36.4,16.3,310.0,4.9,7.3,175.3,Intermediate,Evening,Cognitive,67.4
11.5,30.8,65.1,15.5,250.4,5.6,8.6,121.0,Intermediate,Afternoon,Analytical,96.5
13.5,31.0,59.8,16.8,280.9,-1.2,3.5,82.8,Beginner,Afternoon,Analytical,86.1
,25.2,58.2,14.8,290.1,2.9,7.2,212.0,Beginner,Morning,Cognitive,82.1
18.5,26.8,56.7,18.3,393.9,4.7,5.7,181.1,Beginner,Morning,Cognitive,67.2
19.6,23.9,59.4,13.9,285.2,6.6,8.9,73.0,Expert,Afternoon,Creative,92.0
18.4,25.6,64.8,13.0,339.2,1.2,6.3,66.4,Expert,Evening,Analytical,84.1
8.6,37.5,52.0,16.7,214.5,6.8,6.2,95.6,Expert,Evening,Creative,86.0
17.4,40.9,61.4,21.6,366.8,4.9,8.2,178.8,Beginner,Evening,Creative,62.1
8.3,22.5,63.5,11.4,280.4,2.0,5.7,-35.5,Beginner,Morning,Creative,81.8
15.2,32.4,50.5,12.6,339.5,6.0,7.1,198.6,Beginner,Morning,Cognitive,63.6
15.8,28.1,65.0,16.7,339.5,8.6,7.4,98.5,Beginner,Evening,Creative,69.2
16.2,38.4,63.6,19.4,351.6,3.3,6.7,46.5,Intermediate,Morning,Cognitive,84.8
17.1,30.8,52.0,16.9,336.6,3.2,5.0,128.5,Intermediate,Morning,Cognitive,70.5
,30.0,,14.2,415.7,2.1,5.7,136.9,Expert,Evening,Cognitive,75.0
7.2,25.5,51.9,17.3,330.4,7.7,6.8,172.3,Expert,Afternoon,Analytical,80.2
17.1,20.8,61.4,17.5,432.4,2.5,4.2,188.8,Beginner,Morning,Creative,66.7
15.4,34.6,59.2,14.0,351.9,2.1,7.1,140.8,Intermediate,Evening,Cognitive,82.4
11.4,32.1,73.9,18.5,333.7,2.8,,150.3,Beginner,Evening,Analytical,78.4
,32.3,56.3,15.9,364.6,2.8,7.9,123.9,Beginner,Morning,Analytical,70.3
21.2,26.4,51.1,10.8,329.8,2.8,8.0,159.9,Intermediate,Evening,Analytical,71.0
19.9,29.1,66.6,15.6,342.5,2.4,5.3,83.4,Beginner,Afternoon,Cognitive,66.2
17.8,34.7,50.2,14.3,337.4,2.6,6.2,96.5,Intermediate,Afternoon,Cognitive,77.1
12.3,35.9,52.1,19.9,332.4,4.3,5.6,26.0,Beginner,Evening,Cognitive,72.7
4.9,22.9,52.2,12.0,425.9,6.7,6.2,219.1,Intermediate,Evening,Analytical,73.3
18.1,26.2,30.0,14.6,433.6,2.0,6.6,82.1,Intermediate,Morning,Cognitive,58.2
,21.7,65.7,16.8,336.4,1.4,8.7,184.5,Beginner,Morning,Creative,85.0
13.5,31.2,69.4,23.3,383.0,4.7,6.1,195.5,Expert,Morning,Cognitive,86.9
19.5,35.3,69.2,21.9,380.0,5.1,8.3,27.3,Beginner,Afternoon,Cognitive,79.3
18.4,28.3,78.9,15.9,374.6,7.1,7.4,128.2,Intermediate,Morning,Creative,87.2
15.7,26.0,,17.0,347.3,6.8,9.1,159.4,Intermediate,Afternoon,Cognitive,87.7
15.1,28.0,56.7,17.8,353.2,0.8,6.5,,Intermediate,Morning,Cognitive,81.3
15.2,43.8,71.1,13.0,348.6,0.0,5.8,,Expert,Afternoon,Cognitive,83.6
17.7,37.2,59.0,16.0,284.1,5.1,7.2,209.0,Beginner,Morning,Cognitive,69.2
11.6,34.4,55.7,20.1,316.7,5.1,4.6,158.9,Intermediate,Evening,Analytical,66.9
16.7,31.9,52.4,16.4,260.2,7.0,7.2,122.5,Intermediate,Morning,Cognitive,81.3
11.3,29.9,57.3,21.8,348.8,4.8,7.8,57.2,Expert,Morning,Creative,86.4
20.3,24.6,63.3,14.7,341.6,2.9,8.6,59.1,Beginner,Evening,Creative,69.7
17.1,23.6,75.8,15.7,355.0,6.1,7.6,130.0,Intermediate,Afternoon,Analytical,83.3
12.2,26.6,,15.8,281.3,1.9,,,Intermediate,Morning,Cognitive,85.7
15.3,24.3,52.3,12.1,368.2,8.0,9.9,133.1,Beginner,Morning,Creative,68.3
11.6,26.4,49.6,19.3,343.6,4.5,7.0,142.4,Intermediate,Afternoon,Analytical,77.0
,29.4,65.7,15.0,431.6,2.5,5.4,92.9,Beginner,Afternoon,Cognitive,68.9
21.5,29.8,69.0,16.8,360.3,2.2,6.9,221.6,Intermediate,Evening,Analytical,77.8
17.8,26.3,72.3,14.2,290.1,4.4,5.0,74.7,Expert,Afternoon,Cognitive,92.0
21.2,33.0,57.3,21.2,252.5,3.8,5.1,63.1,Intermediate,Morning,Analytical,83.6
15.6,28.9,64.7,19.7,330.9,3.7,7.4,145.2,Intermediate,Afternoon,Analytical,79.6
18.1,31.3,68.6,16.2,268.5,1.4,5.0,148.9,Intermediate,Afternoon,Creative,73.0
19.9,25.5,46.5,12.3,283.3,3.7,6.1,59.9,Beginner,Evening,Creative,67.5
15.0,34.2,62.8,18.2,271.7,5.7,5.2,99.4,Beginner,Morning,Analytical,80.8
15.3,26.8,69.0,19.2,290.9,2.5,7.2,27.6,Intermediate,Afternoon,Cognitive,88.0
,39.7,,13.2,392.8,4.5,5.9,86.1,Beginner,Morning,Cognitive,78.0
17.6,28.7,59.2,15.6,271.6,6.2,7.8,168.2,Beginner,Afternoon,Cognitive,70.2
12.0,29.4,86.1,16.2,298.8,5.3,7.7,42.4,Intermediate,Evening,Cognitive,90.1
6.3,33.6,79.3,19.3,248.5,1.6,5.0,,Beginner,Afternoon,Cognitive,78.9
14.3,34.9,60.1,15.5,234.7,4.6,8.4,,Beginner,Evening,Creative,74.5
6.6,35.5,58.1,18.9,306.0,6.9,,188.4,Intermediate,Afternoon,Analytical,89.4
11.0,40.7,67.0,13.7,514.8,5.0,5.2,299.8,Beginner,Evening,Creative,57.5
11.5,34.0,,12.8,262.5,6.4,7.6,-5.9,Expert,Evening,Cognitive,89.7
12.7,29.6,72.7,21.5,244.0,6.0,9.6,12.8,Expert,Morning,Analytical,96.8
18.3,26.8,47.3,12.1,226.4,1.7,6.7,125.3,Intermediate,Morning,Cognitive,81.7
19.2,29.2,57.6,13.7,327.3,7.6,4.5,23.5,Beginner,Afternoon,Cognitive,70.2
17.0,38.9,66.9,18.4,366.7,6.5,8.4,192.4,Intermediate,Morning,Analytical,74.0
17.5,21.7,70.0,14.4,248.6,3.4,9.4,,Expert,Afternoon,Cognitive,96.9
17.6,25.1,45.2,14.3,287.6,6.6,5.4,74.9,Intermediate,Afternoon,Creative,68.0
5.0,28.7,50.5,15.4,374.1,3.7,5.8,132.5,Beginner,Evening,Creative,68.1
15.0,25.0,43.2,9.5,309.3,3.8,7.1,208.4,Intermediate,Afternoon,Creative,79.8
7.8,27.5,51.3,19.4,315.0,2.2,4.1,119.7,Expert,Evening,Cognitive,80.7
17.0,40.8,47.2,16.5,339.0,1.9,10.1,139.0,Intermediate,Evening,Creative,71.6
6.6,28.2,65.4,13.6,297.8,4.3,6.9,130.6,Intermediate,Evening,Cognitive,74.3
14.3,32.5,62.3,10.9,281.1,3.5,7.1,176.4,Intermediate,Morning,Cognitive,90.3
17.2,20.1,58.5,11.9,335.4,1.0,7.5,,Intermediate,Afternoon,Creative,78.3
10.5,23.4,60.3,11.2,250.9,4.7,6.6,164.3,Beginner,Morning,Creative,90.6
18.8,35.6,71.9,16.7,239.4,5.0,6.2,,Intermediate,Afternoon,Cognitive,75.9
17.0,40.0,49.6,16.7,285.4,4.6,5.6,185.4,Beginner,Afternoon,Cognitive,69.4
16.5,31.3,40.7,17.8,355.6,4.6,5.2,-10.4,Intermediate,Evening,Cognitive,70.2
17.8,28.2,67.1,18.2,378.1,4.8,7.6,28.7,Beginner,Afternoon,Cognitive,77.7
13.6,33.0,56.1,17.9,296.3,4.3,9.0,160.6,Intermediate,Afternoon,Creative,76.5
15.6,14.4,,20.6,361.5,4.7,8.4,237.8,Beginner,Evening,Cognitive,58.3
,31.4,65.5,19.6,389.1,5.0,6.6,139.5,Intermediate,Morning,Cognitive,80.0
14.9,23.7,40.3,18.9,321.9,2.8,6.7,104.5,Intermediate,Afternoon,Cognitive,72.6
12.3,34.8,51.4,16.7,351.8,1.5,9.4,179.1,Beginner,Evening,Cognitive,76.4
10.0,16.8,36.1,18.2,413.3,4.6,5.8,199.3,Beginner,Morning,Cognitive,66.6
13.7,26.2,62.6,14.8,284.8,4.3,4.5,160.4,Beginner,Afternoon,Analytical,76.9
13.4,29.8,75.7,15.3,307.9,4.9,,117.9,Expert,Morning,Analytical,93.8
12.1,25.4,54.3,21.2,400.0,6.3,8.3,123.0,Intermediate,Evening,Analytical,77.2
18.4,27.7,52.1,14.3,273.0,3.9,,135.8,Intermediate,Morning,Creative,82.5
10.3,35.4,77.8,14.1,327.8,3.7,,199.5,Beginner,Morning,Cognitive,78.8
14.3,29.9,66.3,14.9,288.6,4.9,5.3,145.2,Intermediate,Afternoon,Creative,81.4
19.7,24.4,83.8,14.4,388.2,2.0,4.9,,Expert,Morning,Cognitive,82.6
18.6,35.6,61.6,14.6,260.8,4.1,,177.3,Expert,Morning,Analytical,92.1
,31.5,62.3,16.7,316.6,3.8,5.3,,Intermediate,Afternoon,Cognitive,77.9
12.6,31.8,74.4,16.8,267.7,5.8,,135.5,Beginner,Afternoon,Creative,79.0
,24.6,58.5,18.7,246.7,3.1,7.2,237.9,Beginner,Afternoon,Creative,73.5
10.7,14.7,62.5,22.6,225.1,4.2,6.9,81.9,Beginner,Afternoon,Cognitive,73.8
13.9,24.6,35.8,14.9,311.8,3.7,4.4,,Beginner,Afternoon,Creative,60.5
14.3,24.0,77.4,15.8,344.2,-1.0,4.9,68.4,Beginner,Afternoon,Analytical,81.0
12.7,26.3,63.9,10.5,320.9,2.9,7.7,138.9,Beginner,Morning,Cognitive,85.6
13.6,24.9,58.9,12.1,331.7,4.0,7.8,142.5,Beginner,Morning,Analytical,81.5
13.0,30.7,69.1,15.6,298.3,2.2,3.0,,Expert,Evening,Analytical,87.6
11.1,35.3,48.2,17.4,369.2,3.8,5.1,177.9,Intermediate,Evening,Creative,60.8
18.4,36.5,54.5,17.5,356.4,6.7,6.9,55.1,Expert,Morning,Cognitive,77.2
14.3,35.0,65.5,17.9,326.3,5.9,7.6,147.0,Intermediate,Afternoon,Analytical,81.4
15.8,24.6,60.4,19.8,330.3,0.3,7.6,,Beginner,Afternoon,Analytical,81.2
15.7,30.4,64.5,21.1,296.7,5.5,7.9,-50.0,Intermediate,Afternoon,Cognitive,92.3
15.2,39.4,62.5,15.3,417.3,5.1,,-22.0,Beginner,Afternoon,Creative,68.0
15.4,20.5,66.3,13.6,360.4,3.8,7.3,52.7,Intermediate,Morning,Analytical,82.8
,38.1,46.8,18.0,314.9,-0.7,6.4,190.7,Beginner,Afternoon,Cognitive,62.0
20.7,24.0,72.8,18.8,551.5,5.6,6.2,14.2,Expert,Morning,Cognitive,69.5
18.0,31.8,55.2,16.4,300.5,3.1,4.7,186.7,Beginner,Afternoon,Analytical,62.7
15.1,32.5,60.6,15.5,305.1,4.4,7.4,14.0,Beginner,Evening,Analytical,74.3
13.2,31.1,54.0,14.5,332.3,2.1,,-11.2,Expert,Afternoon,Analytical,86.7
14.5,43.4,57.1,15.9,234.7,2.5,5.2,,Beginner,Morning,Creative,83.9
16.7,28.2,62.3,18.1,307.5,5.9,8.0,117.9,Intermediate,Evening,Creative,81.5
21.0,20.2,67.4,14.0,575.1,7.2,6.8,,Intermediate,Evening,Cognitive,64.7
9.5,32.1,69.0,13.6,319.6,3.1,8.6,47.9,Expert,Evening,Cognitive,86.2
17.6,29.0,64.3,17.8,328.7,7.0,6.5,138.3,Expert,Afternoon,Analytical,81.4
,33.3,54.0,13.5,321.6,3.1,,97.7,Expert,Morning,Cognitive,81.1
9.1,35.3,63.7,16.5,340.3,3.1,8.7,157.2,Beginner,Evening,Creative,72.3
14.3,29.8,62.4,16.3,313.3,1.2,,99.8,Expert,Afternoon,Cognitive,87.4
,32.6,60.6,16.0,712.0,5.0,7.4,,Intermediate,Evening,Cognitive,56.8
16.7,30.9,65.3,14.1,352.9,3.6,6.8,51.2,Intermediate,Morning,Analytical,84.3
13.6,40.8,47.2,21.2,432.3,3.7,7.2,155.3,Beginner,Morning,Analytical,65.3
14.5,27.8,39.7,17.2,355.1,3.2,6.7,43.9,Intermediate,Evening,Creative,77.8
13.4,25.9,71.9,14.5,282.7,2.0,8.3,138.5,Expert,Afternoon,Cognitive,86.4
17.9,35.3,58.7,17.0,312.2,5.3,7.1,158.4,Expert,Morning,Cognitive,72.9
15.9,24.4,64.2,21.5,294.6,3.9,6.5,56.2,Intermediate,Morning,Cognitive,95.0
15.9,32.4,51.3,16.3,320.4,5.6,7.4,,Beginner,Afternoon,Analytical,78.0
15.6,29.0,72.6,20.6,374.9,2.1,,153.8,Beginner,Morning,Creative,88.1
17.3,29.4,63.5,12.6,303.8,4.5,8.5,150.0,Expert,Afternoon,Cognitive,92.9
14.0,44.6,58.2,13.4,291.6,8.3,4.7,75.2,Intermediate,Afternoon,Cognitive,90.3
21.8,37.4,62.9,9.6,345.8,2.6,6.0,98.2,Intermediate,Evening,Cognitive,71.6
10.1,36.1,42.6,21.9,279.2,3.0,6.3,222.6,Beginner,Afternoon,Cognitive,68.0
8.1,33.2,63.7,10.9,276.3,3.0,7.4,66.9,Intermediate,Evening,Creative,80.8
,25.9,74.9,16.5,339.1,1.9,9.4,128.4,Intermediate,Morning,Creative,85.0
6.7,31.6,63.2,21.2,230.4,7.3,8.5,107.6,Expert,Afternoon,Creative,89.3
17.7,33.5,61.9,18.9,295.9,-0.6,4.8,140.3,Intermediate,Morning,Analytical,77.2
17.2,31.2,56.8,17.1,362.8,1.6,5.7,,Beginner,Afternoon,Cognitive,67.3
19.8,30.6,70.8,19.8,228.3,4.9,4.9,84.5,Intermediate,Evening,Cognitive,95.1
,27.6,72.3,14.0,232.0,2.5,5.1,141.9,Beginner,Evening,Cognitive,73.2
18.0,31.6,55.7,17.6,248.3,3.9,6.1,162.5,Expert,Afternoon,Cognitive,90.7
15.2,26.8,63.6,15.7,183.4,3.9,9.0,100.1,Beginner,Afternoon,Creative,82.4
15.7,34.2,62.3,15.6,414.8,5.0,6.6,,Intermediate,Evening,Analytical,70.9
17.5,17.9,64.0,16.6,326.0,4.2,6.8,126.1,Beginner,Evening,Analytical,70.3
12.0,38.2,52.3,19.5,286.5,3.2,7.3,121.4,Intermediate,Evening,Cognitive,67.8
25.3,22.1,71.4,20.7,255.5,4.3,5.6,21.7,Intermediate,Afternoon,Creative,89.6
,23.6,65.7,15.2,430.1,3.6,6.9,72.8,Intermediate,Evening,Analytical,70.6
12.9,32.5,,12.7,352.8,7.4,7.4,163.6,Beginner,Morning,Analytical,72.8
10.6,33.2,48.8,13.5,313.6,2.8,,,Beginner,Morning,Cognitive,79.6
14.6,42.5,49.4,21.8,381.0,5.1,8.4,147.7,Beginner,Morning,Analytical,75.6
15.7,31.8,80.6,20.4,339.4,5.8,9.5,57.0,Intermediate,Morning,Cognitive,88.8
19.3,29.8,71.5,12.7,294.9,1.4,7.0,127.5,Beginner,Evening,Creative,76.9
10.3,31.1,51.8,21.0,289.7,1.8,7.8,127.4,Intermediate,Evening,Cognitive,71.8
16.1,39.5,68.7,13.9,290.5,7.9,7.4,137.9,Expert,Evening,Analytical,83.6
8.9,44.5,55.3,18.0,269.2,2.6,4.3,97.4,Expert,Afternoon,Cognitive,80.8
16.7,28.9,,13.9,375.6,4.0,3.3,129.5,Intermediate,Afternoon,Cognitive,68.7
14.6,33.3,39.0,22.5,294.1,3.7,5.3,233.7,Intermediate,Afternoon,Cognitive,72.1
22.7,29.6,59.8,14.3,387.7,3.9,8.9,145.2,Beginner,Afternoon,Cognitive,65.8
8.8,29.4,,12.9,278.6,3.3,6.4,208.3,Intermediate,Evening,Cognitive,92.8
,41.3,75.2,14.6,539.9,4.2,8.2,181.4,Expert,Afternoon,Cognitive,73.8
,24.4,72.6,23.9,297.4,2.4,9.0,-35.4,Beginner,Afternoon,Analytical,90.4
9.7,16.0,68.3,16.8,275.0,3.6,5.1,165.1,Intermediate,Afternoon,Cognitive,91.0
8.3,31.9,63.2,12.9,290.7,0.1,,237.9,Expert,Evening,Analytical,83.4
16.0,37.2,71.5,13.6,347.5,3.8,5.3,128.3,Expert,Morning,Cognitive,91.3
10.3,31.3,39.9,10.8,380.1,4.7,6.7,85.8,Beginner,Afternoon,Creative,70.2
9.6,33.0,69.9,17.6,335.0,5.9,5.4,125.3,Intermediate,Evening,Cognitive,80.6
15.8,34.5,48.8,12.2,260.5,6.3,7.4,190.0,Beginner,Afternoon,Analytical,77.3
16.8,30.7,50.9,19.3,290.0,3.2,6.8,128.2,Beginner,Evening,Analytical,66.4
15.2,33.3,67.0,18.4,444.2,5.7,8.2,145.1,Expert,Morning,Creative,85.8
14.4,33.2,69.3,15.7,405.0,1.7,8.5,60.8,Expert,Afternoon,Cognitive,88.3
,18.2,53.9,19.7,369.3,3.0,9.4,162.9,Intermediate,Evening,Creative,72.8
15.6,30.7,66.5,18.8,380.7,7.2,,307.9,Beginner,Afternoon,Cognitive,67.9
18.2,20.6,65.6,16.5,284.6,4.4,8.2,49.8,Expert,Afternoon,Cognitive,85.9
15.6,29.8,56.9,13.7,256.3,4.5,6.3,157.6,Intermediate,Morning,Analytical,77.7
10.6,27.0,61.5,17.2,348.7,3.6,6.7,161.3,Beginner,Morning,Creative,74.6
17.2,36.2,80.8,17.2,297.0,7.7,7.5,52.7,Intermediate,Afternoon,Creative,83.5
12.4,31.5,57.2,17.5,334.6,5.1,5.1,168.3,Beginner,Morning,Analytical,70.7
14.6,32.8,57.5,16.2,340.6,7.0,8.7,242.2,Intermediate,Evening,Analytical,80.5
16.2,28.9,61.5,17.0,300.2,2.8,6.8,177.3,Intermediate,Evening,Creative,79.6
7.2,36.3,58.2,16.9,370.2,2.1,7.3,98.0,Beginner,Morning,Analytical,84.7
8.6,20.4,67.9,20.1,247.0,2.5,4.7,38.3,Beginner,Afternoon,Cognitive,79.9
18.6,24.6,74.7,12.2,325.5,5.3,6.5,146.9,Beginner,Afternoon,Creative,78.8
12.3,37.7,57.5,13.0,353.9,7.3,8.3,111.3,Beginner,Morning,Creative,71.0
12.5,27.4,51.4,16.2,405.1,5.5,7.6,159.5,Intermediate,Morning,Analytical,73.1
15.7,17.1,79.7,13.7,326.7,5.8,8.2,102.0,Expert,Afternoon,Cognitive,91.9
13.5,38.7,61.2,16.6,382.9,4.3,6.5,65.1,Beginner,Afternoon,Creative,74.7
16.7,36.5,43.0,12.7,379.6,1.5,7.2,124.4,Beginner,Afternoon,Creative,62.1
14.8,34.3,78.6,13.1,436.8,8.0,6.8,189.9,Intermediate,Afternoon,Cognitive,75.9
15.8,30.6,71.3,22.2,336.2,5.3,8.0,168.8,Expert,Evening,Analytical,78.7
12.2,40.0,,15.3,422.6,5.0,7.4,103.1,Beginner,Evening,Analytical,75.1
,37.6,74.3,12.5,360.5,5.7,6.4,49.3,Beginner,Afternoon,Analytical,70.2
19.4,39.3,86.4,15.7,243.3,0.6,3.2,102.6,Intermediate,Evening,Analytical,88.7
12.7,34.2,49.6,19.1,321.4,3.0,7.3,101.0,Beginner,Morning,Cognitive,78.8
18.7,30.7,52.0,19.6,274.2,5.2,4.5,117.0,Beginner,Evening,Cognitive,64.4
14.8,27.6,55.1,11.6,396.5,3.7,8.0,238.8,Intermediate,Afternoon,Creative,70.2
17.9,22.4,,13.7,328.4,3.8,8.2,101.4,Intermediate,Evening,Creative,72.3
15.5,33.0,61.2,16.7,254.0,6.6,,127.9,Intermediate,Afternoon,Cognitive,83.0
14.9,33.5,55.1,15.9,364.1,4.2,7.4,166.6,Intermediate,Morning,Creative,69.3
16.4,27.9,48.1,11.2,386.1,8.8,7.4,150.4,Intermediate,Afternoon,Cognitive,63.0
,33.7,51.3,11.7,299.8,3.9,7.6,207.9,Beginner,Afternoon,Analytical,68.3
15.9,28.0,57.1,12.8,297.6,5.6,5.2,87.4,Beginner,Afternoon,Cognitive,88.3
16.9,35.2,71.4,10.7,330.1,5.0,,80.2,Beginner,Afternoon,Cognitive,81.8
13.5,24.7,54.2,14.6,229.5,2.9,5.1,,Beginner,Evening,Creative,78.8
21.3,23.7,68.1,19.6,355.5,1.9,8.0,64.2,Intermediate,Afternoon,Cognitive,77.3
17.6,28.6,46.8,14.0,404.6,4.1,7.7,123.3,Expert,Afternoon,Analytical,76.9
15.3,35.0,28.0,19.2,287.5,7.8,6.5,129.4,Expert,Morning,Analytical,78.6
,23.0,58.7,16.1,412.2,3.2,,100.0,Intermediate,Evening,Creative,84.9
,36.3,53.9,15.4,369.7,5.0,5.6,,Beginner,Evening,Creative,63.5
12.6,20.1,51.2,11.0,316.1,3.5,6.2,154.5,Beginner,Evening,Cognitive,72.0
7.9,28.5,50.0,19.5,351.7,4.4,,76.2,Expert,Morning,Creative,85.9
15.3,21.5,52.9,16.3,399.9,6.3,8.7,154.5,Intermediate,Afternoon,Analytical,71.5
19.8,14.3,50.1,11.2,327.1,4.2,5.4,50.8,Intermediate,Morning,Creative,80.5
21.4,32.2,51.0,17.1,339.6,2.8,6.1,64.3,Intermediate,Afternoon,Creative,69.3
14.6,28.9,46.4,14.2,293.2,7.2,6.2,205.8,Intermediate,Morning,Analytical,77.9
15.2,21.6,38.7,16.2,314.0,2.8,7.1,106.4,Expert,Afternoon,Cognitive,82.4
17.1,26.9,37.9,16.7,355.0,5.4,6.8,107.9,Beginner,Afternoon,Cognitive,59.5
13.9,32.7,84.6,19.6,311.0,1.0,8.9,,Intermediate,Afternoon,Creative,92.1
17.1,27.8,59.4,12.6,294.8,6.6,9.3,130.5,Expert,Afternoon,Analytical,93.5
,28.8,75.2,17.7,377.5,9.2,9.7,104.5,Beginner,Evening,Analytical,74.7
19.0,27.6,58.2,20.0,344.1,3.9,10.2,66.0,Intermediate,Morning,Analytical,85.5
17.9,26.5,58.6,23.6,296.0,1.9,4.6,147.9,Beginner,Evening,Cognitive,73.4
18.2,26.4,63.1,19.1,407.6,5.5,6.7,207.0,Expert,Morning,Analytical,76.0
14.2,26.3,66.4,17.1,425.7,4.2,6.0,116.0,Beginner,Morning,Analytical,82.7
22.7,25.5,47.5,16.8,370.7,8.3,5.7,197.3,Intermediate,Morning,Cognitive,66.9
16.9,23.9,56.2,20.7,260.3,2.8,9.1,111.3,Beginner,Evening,Analytical,75.0
16.0,27.7,63.0,15.1,340.4,1.3,7.6,74.7,Intermediate,Afternoon,Cognitive,82.6
12.0,26.2,40.7,18.4,349.4,4.6,4.6,90.8,Beginner,Evening,Creative,66.0
14.6,23.6,73.0,22.6,240.8,5.2,10.9,75.3,Beginner,Afternoon,Creative,81.7
15.5,34.6,70.6,15.7,379.6,2.5,4.3,202.6,Intermediate,Morning,Creative,77.1
,37.4,39.0,10.0,330.5,5.9,6.5,187.9,Expert,Afternoon,Creative,79.7
13.8,30.0,,13.4,628.1,4.1,7.1,273.9,Beginner,Morning,Creative,49.3
14.3,30.4,61.0,16.9,304.7,3.5,5.3,-22.2,Beginner,Evening,Cognitive,79.0
15.2,25.8,68.4,13.5,344.2,5.1,7.8,208.7,Intermediate,Morning,Cognitive,87.5
7.9,36.4,75.3,15.0,346.6,3.4,6.1,97.1,Intermediate,Morning,Cognitive,86.6
14.5,40.4,53.6,15.1,329.4,2.5,8.2,,Expert,Evening,Analytical,85.5
13.5,29.0,83.4,17.7,344.6,0.8,7.6,100.0,Beginner,Evening,Creative,81.0
14.9,26.9,59.5,13.2,313.1,2.8,3.2,122.4,Intermediate,Afternoon,Analytical,82.3
19.1,32.0,,14.2,260.8,9.0,4.7,145.8,Beginner,Evening,Analytical,78.8
23.2,30.8,65.6,20.2,217.9,4.1,8.3,185.3,Beginner,Morning,Analytical,72.0
17.7,27.0,63.1,14.6,289.1,2.0,7.6,151.7,Intermediate,Evening,Creative,72.4
10.1,32.8,62.5,18.2,359.5,6.5,5.5,,Intermediate,Afternoon,Analytical,73.9
13.6,35.6,80.0,16.0,268.1,3.9,6.0,97.7,Intermediate,Morning,Creative,84.0
17.4,25.3,62.5,15.9,373.0,4.6,,67.3,Beginner,Morning,Creative,74.2
16.9,45.3,50.2,18.2,389.6,4.5,4.0,142.8,Intermediate,Morning,Creative,70.8
18.9,20.8,51.6,10.4,343.6,7.0,10.4,151.8,Intermediate,Afternoon,Analytical,76.6
14.6,24.9,74.7,17.3,311.7,1.3,5.5,,Expert,Morning,Creative,82.3
13.5,31.4,66.8,17.7,371.2,6.9,7.0,56.8,Beginner,Afternoon,Creative,71.5
22.0,43.5,44.4,18.5,377.9,5.5,9.5,167.0,Beginner,Evening,Cognitive,68.7
15.2,26.6,43.9,14.9,308.7,4.2,6.7,94.7,Beginner,Morning,Analytical,73.7
10.9,23.6,60.3,16.0,324.2,2.3,7.5,49.9,Intermediate,Afternoon,Cognitive,84.9
20.9,33.3,66.2,8.6,427.2,3.5,5.6,117.8,Beginner,Afternoon,Cognitive,71.1
9.0,28.5,53.2,14.0,334.3,4.1,6.2,151.0,Expert,Evening,Analytical,79.6
1.0,34.0,43.2,16.5,216.7,7.6,5.6,214.3,Beginner,Afternoon,Cognitive,73.1
18.1,29.6,48.7,20.4,305.4,6.9,8.9,180.9,Expert,Afternoon,Creative,78.4
18.6,24.9,76.5,21.5,277.3,3.2,6.0,7.3,Beginner,Afternoon,Cognitive,85.1
16.7,44.1,65.0,15.0,315.6,8.0,5.9,114.2,Intermediate,Morning,Cognitive,82.4
9.8,12.3,70.0,18.6,280.2,5.9,5.7,169.0,Expert,Morning,Creative,93.4
14.8,40.9,71.6,15.6,224.3,4.9,,31.5,Beginner,Afternoon,Cognitive,81.2
13.9,35.6,53.7,11.2,287.3,3.4,7.9,217.1,Expert,Morning,Creative,86.0
12.9,25.5,56.3,17.8,296.2,2.8,4.0,,Intermediate,Afternoon,Analytical,85.4
20.6,41.2,58.3,21.5,373.3,5.1,7.1,156.3,Expert,Morning,Cognitive,79.3
10.8,21.8,64.2,14.9,287.9,4.8,7.5,99.0,Intermediate,Afternoon,Analytical,81.6
16.3,36.0,70.9,13.3,277.6,3.2,,133.1,Beginner,Morning,Cognitive,88.1
19.8,17.5,78.7,16.2,260.4,6.2,5.2,125.2,Beginner,Evening,Creative,70.8
16.5,23.1,68.1,15.6,377.1,4.3,5.3,67.5,Beginner,Evening,Cognitive,77.4
20.0,23.1,68.2,23.8,308.8,4.8,8.0,152.1,Beginner,Morning,Analytical,78.2
17.3,25.5,79.3,19.0,333.6,6.1,6.9,106.4,Beginner,Morning,Creative,74.8
16.7,30.1,57.9,16.4,242.8,5.7,9.1,155.0,Beginner,Afternoon,Creative,74.4
16.5,25.0,71.9,7.3,232.3,0.8,8.7,81.0,Intermediate,Morning,Analytical,87.4
17.5,17.8,65.8,15.6,274.9,5.5,7.4,105.4,Intermediate,Afternoon,Analytical,73.6
13.5,32.8,66.1,21.6,401.2,4.1,6.9,153.4,Beginner,Morning,Cognitive,66.8
9.8,30.3,57.9,16.2,265.4,3.1,6.8,76.6,Beginner,Evening,Cognitive,71.4
18.8,32.5,46.1,18.5,288.7,4.1,7.0,190.3,Intermediate,Evening,Creative,82.2
19.6,31.0,63.4,17.2,320.6,3.4,7.1,137.7,Beginner,Afternoon,Analytical,76.3
16.0,35.7,63.5,14.5,288.7,4.3,9.1,,Beginner,Afternoon,Analytical,73.2
12.8,29.5,,21.1,343.9,4.0,3.9,110.2,Beginner,Evening,Cognitive,76.9
8.8,36.1,59.0,16.6,278.4,5.4,6.4,136.4,Expert,Evening,Cognitive,78.9
,25.3,51.2,13.9,264.9,0.9,7.3,,Expert,Evening,Creative,84.6
9.6,25.7,51.3,16.1,455.9,4.4,6.1,120.3,Beginner,Morning,Analytical,68.1
9.0,38.3,,20.3,273.2,3.9,6.6,153.3,Intermediate,Morning,Analytical,85.5
14.9,38.1,46.7,11.6,359.8,8.5,6.3,217.1,Intermediate,Afternoon,Analytical,70.0
,33.4,54.2,16.8,272.9,0.1,9.0,205.9,Intermediate,Afternoon,Analytical,82.1
16.4,24.7,67.1,16.2,243.0,5.8,6.4,166.9,Intermediate,Morning,Cognitive,79.3
14.4,24.2,74.6,11.4,315.5,4.9,5.9,56.0,Intermediate,Morning,Cognitive,91.6
12.6,38.0,80.8,18.3,253.0,5.5,8.2,97.9,Beginner,Evening,Cognitive,78.3
8.2,37.6,56.0,16.8,300.3,3.1,6.2,155.1,Beginner,Evening,Creative,71.5
11.6,29.6,72.0,18.6,280.2,4.6,6.7,72.2,Intermediate,Afternoon,Analytical,86.3
11.7,44.1,63.4,19.4,382.6,4.3,5.3,119.0,Expert,Evening,Cognitive,81.3
10.1,32.8,57.6,15.8,242.9,11.1,6.4,129.6,Intermediate,Afternoon,Analytical,76.1
13.7,23.4,64.0,14.3,353.8,3.4,6.9,229.2,Expert,Evening,Cognitive,81.3
10.4,28.3,71.0,11.7,334.3,2.4,5.1,110.6,Expert,Afternoon,Creative,82.9
14.3,30.0,55.0,14.1,308.5,8.0,6.8,25.6,Beginner,Morning,Cognitive,71.0
16.0,30.5,54.8,16.0,282.1,4.7,7.8,166.2,Intermediate,Afternoon,Creative,69.0
11.7,37.5,55.9,13.1,328.6,5.0,4.0,182.7,Intermediate,Afternoon,Analytical,83.0
16.7,24.3,53.7,17.8,331.3,6.3,6.0,256.7,Expert,Afternoon,Cognitive,77.1
9.6,22.0,72.0,13.3,339.7,4.2,10.8,93.6,Expert,Morning,Cognitive,99.7
10.6,33.6,,10.7,306.5,3.2,6.7,37.6,Intermediate,Evening,Cognitive,79.5
14.5,27.0,54.1,14.3,262.7,4.3,8.7,141.2,Beginner,Morning,Analytical,79.6
,44.5,63.1,16.6,363.9,2.3,7.0,151.5,Intermediate,Morning,Creative,79.0
18.5,35.7,62.3,12.2,319.8,1.1,6.5,154.7,Beginner,Afternoon,Creative,70.3
21.4,26.8,55.9,13.3,289.4,2.3,8.4,95.8,Intermediate,Afternoon,Cognitive,88.0
13.5,37.3,76.8,14.1,269.9,-0.7,8.8,145.7,Expert,Afternoon,Analytical,99.5
14.5,34.4,53.7,14.5,366.1,3.3,5.7,126.4,Beginner,Evening,Creative,66.0
10.9,33.8,58.3,16.9,389.2,3.0,5.4,86.2,Intermediate,Afternoon,Creative,76.1
10.0,29.3,40.7,17.9,348.8,5.2,4.9,54.2,Intermediate,Afternoon,Creative,79.8
15.9,32.5,57.0,14.6,352.1,4.3,5.7,100.6,Intermediate,Afternoon,Creative,69.9
11.9,17.4,46.8,12.9,378.6,3.7,8.7,115.9,Beginner,Morning,Creative,82.9
19.9,37.9,,16.4,301.9,6.4,7.0,161.2,Intermediate,Afternoon,Cognitive,75.1
9.2,9.4,40.4,17.6,426.7,3.2,8.8,,Expert,Evening,Cognitive,84.5
16.9,27.3,51.1,20.8,267.0,1.8,5.4,89.3,Expert,Morning,Cognitive,97.0
11.0,20.4,59.2,19.4,307.8,-1.1,5.5,152.2,Beginner,Afternoon,Creative,75.9
11.7,27.0,57.6,12.2,281.4,4.0,6.4,115.6,Expert,Evening,Creative,79.5
17.2,29.6,,15.6,323.2,3.9,7.4,,Intermediate,Afternoon,Creative,76.5
12.3,22.8,56.8,17.4,406.5,6.5,6.8,,Beginner,Afternoon,Cognitive,61.4
12.9,13.4,,13.4,308.1,2.3,8.0,160.1,Beginner,Evening,Creative,70.6
11.8,31.2,,14.9,341.1,5.5,7.6,114.7,Beginner,Morning,Cognitive,78.7
22.1,42.5,58.9,18.0,174.6,-1.0,7.7,219.0,Expert,Morning,Creative,92.7
12.5,27.9,62.7,16.7,341.4,1.4,8.0,194.1,Intermediate,Evening,Cognitive,77.7
15.2,35.8,58.0,16.0,369.9,4.8,8.6,151.3,Intermediate,Evening,Analytical,82.5
14.2,39.0,55.7,14.0,326.1,5.4,3.3,98.1,Beginner,Afternoon,Creative,62.7
15.9,18.6,67.8,11.7,266.7,0.7,7.0,10.8,Intermediate,Afternoon,Creative,87.5
12.5,27.3,66.0,15.1,260.0,2.4,8.3,47.0,Beginner,Evening,Cognitive,86.1
14.2,22.3,59.7,15.7,292.3,4.1,10.8,173.4,Beginner,Afternoon,Creative,82.6
16.6,25.2,,11.6,259.6,3.8,6.8,64.6,Intermediate,Morning,Cognitive,98.7
11.5,40.2,60.8,16.1,398.8,5.1,3.7,144.6,Beginner,Morning,Cognitive,74.2
19.4,31.3,58.4,17.2,343.4,5.8,,66.4,Expert,Afternoon,Analytical,81.8
19.7,34.7,59.3,13.9,392.2,1.4,5.2,109.2,Beginner,Evening,Analytical,70.8
17.4,29.7,61.7,17.2,305.5,4.9,7.7,91.2,Intermediate,Evening,Creative,70.9
15.3,22.7,50.8,16.8,281.8,2.6,7.8,170.2,Intermediate,Evening,Creative,73.3
3.0,34.1,41.3,15.1,284.9,4.7,7.2,174.4,Intermediate,Evening,Cognitive,75.1
16.7,37.5,62.8,14.8,296.9,3.1,3.8,23.0,Beginner,Afternoon,Cognitive,76.5
13.4,31.9,68.3,15.0,295.3,6.2,6.5,,Beginner,Afternoon,Cognitive,72.4
14.0,32.9,50.0,13.4,646.1,5.2,4.6,184.5,Expert,Evening,Cognitive,62.4
7.4,22.6,70.7,17.0,365.7,2.0,,185.2,Beginner,Afternoon,Creative,73.6
17.0,34.2,43.5,13.5,333.5,0.6,5.7,198.9,Expert,Afternoon,Analytical,83.7
,38.1,54.4,13.7,237.0,6.4,3.8,86.2,Expert,Morning,Creative,85.9
15.5,32.4,77.1,17.5,334.8,2.6,8.1,217.2,Beginner,Evening,Creative,76.8
18.6,19.2,63.6,15.3,304.5,2.8,5.1,12.7,Beginner,Afternoon,Creative,84.9
13.1,39.8,57.0,16.2,390.3,5.5,7.2,57.9,Intermediate,Afternoon,Analytical,78.6
19.9,24.3,62.5,10.9,364.8,2.0,5.9,94.9,Expert,Afternoon,Creative,88.9
12.0,32.3,72.0,14.4,327.1,4.4,8.3,58.0,Expert,Afternoon,Analytical,92.7
17.4,35.7,45.5,21.0,215.1,4.0,8.2,33.2,Intermediate,Morning,Cognitive,91.1
9.8,36.5,73.2,10.7,313.2,3.8,7.4,181.6,Intermediate,Evening,Creative,87.2
,19.2,55.1,21.2,287.3,6.4,,93.2,Beginner,Morning,Cognitive,75.8
18.5,30.7,67.1,16.8,340.3,4.9,6.3,124.7,Expert,Morning,Cognitive,84.6
16.9,30.3,53.9,14.4,262.9,6.0,5.2,160.6,Expert,Afternoon,Cognitive,81.8
13.4,38.6,76.8,15.4,333.1,3.5,6.1,185.4,Beginner,Afternoon,Creative,75.8
,32.8,59.7,19.7,209.1,2.6,7.7,213.1,Beginner,Evening,Cognitive,73.8
13.4,38.7,,9.2,250.7,6.1,9.9,67.6,Beginner,Evening,Creative,74.9
19.4,33.2,64.7,20.2,276.0,2.9,7.9,212.8,Beginner,Evening,Cognitive,64.8
,29.6,73.0,16.8,292.7,4.2,8.1,129.7,Expert,Morning,Creative,97.1
8.8,31.2,71.9,19.0,339.4,4.8,6.8,130.1,Beginner,Morning,Creative,83.7
10.5,39.1,60.9,10.8,237.2,2.5,7.8,103.3,Beginner,Afternoon,Creative,83.0
20.0,22.2,68.1,15.3,287.9,2.5,3.8,138.5,Beginner,Morning,Cognitive,78.7
17.0,35.4,55.8,9.0,289.2,3.5,,,Expert,Evening,Creative,68.1
10.1,26.2,65.9,19.6,354.4,5.5,8.1,159.4,Intermediate,Afternoon,Cognitive,79.8
7.9,24.9,63.6,13.1,310.4,4.7,8.1,185.9,Intermediate,Evening,Analytical,83.0
12.5,36.1,31.0,13.0,271.6,1.3,6.2,67.8,Beginner,Morning,Cognitive,83.2
7.6,24.7,,10.2,266.1,7.9,5.0,94.1,Expert,Afternoon,Cognitive,90.6
14.4,32.3,62.1,17.3,292.4,4.8,6.9,125.0,Expert,Afternoon,Creative,84.4
24.8,27.1,,16.2,237.6,3.2,,150.3,Beginner,Morning,Cognitive,66.9
8.6,15.9,59.7,13.8,401.3,3.7,8.4,140.7,Beginner,Afternoon,Analytical,77.9
14.3,32.9,60.9,16.8,319.8,3.5,8.1,227.9,Beginner,Afternoon,Creative,73.4
20.2,30.8,72.1,13.7,274.3,3.3,9.3,80.0,Beginner,Afternoon,Cognitive,83.5
18.0,18.5,63.5,10.7,267.3,6.3,8.7,148.0,Intermediate,Afternoon,Cognitive,86.9
14.4,25.8,36.7,14.9,259.6,8.8,6.6,150.6,Expert,Morning,Creative,82.9
14.4,19.2,79.5,20.9,338.6,3.0,7.5,95.9,Intermediate,Afternoon,Creative,84.6
10.4,34.4,,18.9,237.3,3.1,10.1,116.1,Expert,Morning,Cognitive,95.5
13.9,38.3,69.6,17.4,311.1,3.8,6.4,80.2,Intermediate,Morning,Cognitive,78.9
16.0,35.1,,16.7,348.7,1.2,7.3,,Intermediate,Morning,Creative,72.0
19.4,35.9,74.2,14.9,290.7,5.1,7.0,40.9,Intermediate,Morning,Creative,90.1
12.5,26.9,57.2,18.2,269.4,4.4,7.0,221.5,Beginner,Afternoon,Analytical,77.7
14.2,33.3,,17.7,361.9,4.3,5.7,105.4,Beginner,Morning,Analytical,62.8
,29.9,,15.8,263.4,0.3,9.0,77.2,Intermediate,Afternoon,Analytical,71.0
,31.1,67.3,16.6,306.1,-0.5,5.6,15.8,Beginner,Afternoon,Creative,79.8
18.1,35.7,64.2,11.2,325.8,3.3,9.8,98.7,Beginner,Afternoon,Creative,68.8
17.5,37.1,66.2,14.6,289.8,5.3,9.5,105.8,Intermediate,Evening,Creative,78.2
10.3,27.7,69.5,12.4,260.1,0.4,7.4,138.3,Expert,Afternoon,Cognitive,92.3
15.6,21.6,61.8,12.4,292.1,5.8,7.0,,Intermediate,Afternoon,Creative,73.3
12.3,28.9,57.9,17.4,337.0,3.4,,293.8,Expert,Evening,Cognitive,74.0
19.0,28.7,51.9,12.2,283.6,2.3,7.1,43.8,Intermediate,Afternoon,Creative,75.7
14.4,31.7,55.6,18.3,342.7,4.2,,156.8,Intermediate,Afternoon,Creative,75.4
8.9,35.0,72.1,19.1,307.2,1.4,6.0,144.4,Intermediate,Afternoon,Cognitive,80.4
14.1,18.5,,15.8,289.7,-1.1,9.2,39.1,Expert,Afternoon,Creative,80.2
16.8,26.0,41.6,14.2,283.7,6.4,8.5,100.5,Intermediate,Evening,Creative,80.5
16.0,24.2,50.1,19.1,331.6,3.9,6.8,260.9,Intermediate,Morning,Creative,74.9
13.0,37.5,66.1,17.7,376.3,2.6,8.2,88.6,Intermediate,Morning,Analytical,87.4
12.7,28.7,57.0,19.6,326.1,2.8,5.6,241.2,Intermediate,Morning,Creative,69.6
11.0,26.9,66.0,12.8,271.8,2.5,6.8,113.4,Beginner,Afternoon,Cognitive,74.1
13.4,33.2,40.0,15.2,374.7,3.3,10.3,121.9,Beginner,Morning,Cognitive,65.8
11.6,26.4,30.2,15.3,275.7,3.8,8.8,97.5,Beginner,Afternoon,Cognitive,64.7
18.9,29.9,62.6,16.6,406.4,5.4,7.7,60.4,Expert,Evening,Creative,69.8
11.4,40.9,,17.9,312.0,2.6,7.1,47.2,Beginner,Evening,Cognitive,74.0
15.5,40.7,42.9,16.4,276.1,1.9,6.9,83.6,Beginner,Afternoon,Analytical,73.6
15.2,27.6,,20.0,347.9,2.9,7.0,165.2,Intermediate,Evening,Cognitive,71.3
18.8,28.9,71.9,14.9,304.4,8.9,5.8,152.5,Beginner,Afternoon,Creative,82.2
19.4,26.3,60.0,12.9,342.1,4.3,8.0,97.8,Intermediate,Afternoon,Analytical,76.8
17.8,18.4,69.0,14.0,324.6,4.8,8.6,232.8,Beginner,Evening,Cognitive,72.4
16.4,36.2,61.9,13.6,251.0,3.5,6.6,69.4,Expert,Afternoon,Analytical,93.7
10.8,44.5,57.4,14.6,316.5,7.5,,147.5,Expert,Afternoon,Cognitive,84.9
10.7,27.3,68.2,15.2,345.1,5.7,5.9,41.5,Expert,Morning,Creative,97.7
11.6,25.1,79.1,15.3,325.6,1.9,6.9,138.1,Intermediate,Afternoon,Analytical,84.8
,28.4,54.4,16.7,382.8,4.3,5.7,150.9,Intermediate,Evening,Cognitive,68.5
,30.5,59.1,14.6,335.6,3.2,6.7,108.2,Beginner,Afternoon,Cognitive,74.9
18.5,23.2,50.1,19.1,307.9,4.8,7.2,122.7,Beginner,Afternoon,Analytical,59.8
19.0,27.2,,10.2,330.5,6.0,7.9,,Beginner,Afternoon,Analytical,69.6
12.1,36.1,58.4,9.3,295.4,1.6,6.1,175.8,Intermediate,Evening,Analytical,71.4
15.1,30.8,71.6,19.0,338.0,4.7,7.7,,Intermediate,Morning,Analytical,87.5
14.9,37.6,74.2,18.8,338.0,2.4,5.6,146.3,Intermediate,Afternoon,Cognitive,71.9
13.7,32.2,67.9,19.7,258.1,6.8,7.5,,Beginner,Morning,Cognitive,87.6
12.9,23.5,70.5,17.9,358.6,5.9,10.3,153.2,Intermediate,Afternoon,Cognitive,79.8
19.7,26.5,53.0,16.0,431.7,0.0,6.4,95.4,Intermediate,Afternoon,Creative,69.5
15.2,31.5,50.5,15.2,347.3,1.7,5.0,141.4,Intermediate,Morning,Analytical,64.9
15.1,23.3,64.4,11.2,218.5,1.3,8.3,165.2,Intermediate,Afternoon,Cognitive,88.1
11.8,22.5,60.2,16.4,298.7,3.9,7.4,107.7,Beginner,Afternoon,Analytical,86.1
17.7,22.8,,11.7,256.0,4.6,7.7,154.2,Expert,Morning,Analytical,89.6
11.0,33.1,40.8,23.4,305.4,5.6,8.9,40.7,Intermediate,Afternoon,Cognitive,78.0
16.8,27.8,66.2,12.9,354.3,3.5,5.9,48.9,Beginner,Morning,Analytical,88.6
16.9,37.1,66.0,15.8,284.1,3.4,6.0,125.0,Beginner,Afternoon,Analytical,73.7
13.3,24.6,52.4,20.5,414.2,4.6,7.8,101.3,Intermediate,Afternoon,Analytical,77.7
16.3,15.3,50.3,14.9,176.0,10.3,8.6,,Expert,Afternoon,Analytical,92.8
15.7,29.2,56.6,14.9,307.6,1.0,7.4,108.9,Intermediate,Evening,Analytical,86.8
14.8,39.9,43.6,8.2,339.0,0.2,6.9,188.9,Beginner,Afternoon,Cognitive,61.4
15.1,30.2,74.6,12.1,259.0,2.9,7.5,118.4,Expert,Morning,Cognitive,100.0
15.2,21.8,87.0,17.7,265.6,2.6,8.1,141.1,Intermediate,Evening,Analytical,76.8
15.5,20.3,56.6,21.0,357.8,2.5,4.8,94.7,Intermediate,Afternoon,Analytical,74.3
15.2,37.2,53.6,13.3,828.6,4.0,5.5,216.4,Intermediate,Morning,Analytical,51.9
10.6,25.2,46.9,16.6,422.3,1.7,6.9,76.2,Beginner,Evening,Creative,64.8
14.4,39.3,49.0,24.1,302.7,2.8,8.0,56.4,Intermediate,Morning,Analytical,72.4
16.1,33.9,54.1,17.7,387.6,3.4,10.3,175.8,Beginner,Afternoon,Creative,65.4
,25.4,72.1,18.9,316.6,3.5,6.8,184.5,Expert,Afternoon,Creative,85.9
18.8,37.0,91.9,13.7,365.8,3.7,7.4,175.9,Intermediate,Afternoon,Creative,80.7
17.5,24.5,,20.7,309.5,3.7,6.0,186.5,Intermediate,Evening,Cognitive,78.5
11.5,21.3,51.0,13.9,263.3,2.4,8.0,,Intermediate,Afternoon,Creative,79.6
14.3,24.8,48.3,13.4,400.1,3.5,5.4,93.6,Expert,Morning,Analytical,85.3
,34.6,,20.4,413.1,4.0,7.0,,Expert,Evening,Analytical,77.8
15.0,36.8,63.4,14.1,299.0,5.9,5.6,14.7,Intermediate,Evening,Cognitive,83.1
15.0,27.6,61.0,16.0,366.8,1.0,3.8,152.1,Intermediate,Afternoon,Cognitive,73.1
17.4,18.8,55.6,20.9,312.7,4.0,11.0,,Intermediate,Afternoon,Analytical,77.3
15.7,20.7,73.6,13.3,429.0,4.3,,,Intermediate,Morning,Cognitive,82.1
19.9,23.6,67.6,15.3,245.4,4.4,8.2,156.1,Beginner,Evening,Cognitive,73.0
16.0,22.2,67.2,14.2,311.1,4.5,8.4,203.2,Intermediate,Morning,Creative,73.9
11.7,31.6,63.7,15.0,247.6,1.4,9.1,100.3,Beginner,Morning,Creative,88.1
13.1,41.6,58.1,16.1,240.7,4.3,7.2,148.7,Expert,Afternoon,Cognitive,89.4
17.4,34.8,52.8,20.0,314.2,4.2,8.3,90.2,Beginner,Morning,Analytical,77.0
8.5,23.2,65.2,20.9,297.5,5.1,6.2,17.7,Expert,Morning,Creative,96.1
9.6,25.8,64.2,16.5,269.4,3.7,6.7,109.4,Intermediate,Afternoon,Analytical,86.5
15.0,27.0,65.7,13.8,361.9,2.9,4.7,207.6,Intermediate,Morning,Cognitive,67.2
18.8,32.3,44.4,18.0,384.9,6.0,7.3,109.0,Intermediate,Morning,Analytical,77.5
20.2,39.4,63.4,16.0,345.6,1.6,6.2,66.7,Beginner,Morning,Analytical,87.5
14.1,27.2,56.9,16.1,226.2,1.3,6.8,143.1,Beginner,Morning,Analytical,81.1
19.2,39.2,51.2,12.9,337.0,1.5,8.2,,Beginner,Afternoon,Analytical,61.6
15.3,42.6,67.3,11.1,336.5,4.7,7.5,150.7,Intermediate,Evening,Cognitive,83.4
8.9,27.9,61.8,15.9,277.9,2.6,8.5,201.3,Intermediate,Afternoon,Cognitive,82.7
15.0,27.7,83.5,12.8,337.3,3.8,,63.9,Intermediate,Afternoon,Creative,90.9
12.5,27.8,64.8,14.4,294.7,6.8,7.6,203.3,Beginner,Morning,Creative,76.0
18.7,30.4,57.0,20.4,279.0,1.6,6.0,-3.2,Beginner,Morning,Creative,76.5
14.9,27.9,58.9,15.8,260.9,0.6,6.7,-1.8,Intermediate,Morning,Creative,77.8
9.9,35.3,48.3,19.3,361.7,5.7,6.5,32.2,Expert,Afternoon,Analytical,80.4
9.0,20.7,72.3,16.9,384.7,2.3,5.5,148.8,Intermediate,Afternoon,Creative,73.2
14.9,26.8,63.1,17.8,312.9,1.7,6.4,29.5,Intermediate,Afternoon,Creative,79.5
5.3,32.0,63.3,14.3,662.9,3.8,7.9,161.0,Intermediate,Afternoon,Analytical,71.6
12.9,35.2,49.4,19.5,396.3,3.6,5.6,,Beginner,Morning,Cognitive,66.6
15.9,43.2,67.8,16.9,326.6,2.3,6.0,164.8,Expert,Evening,Creative,76.4
10.8,22.3,50.6,15.2,316.1,5.1,8.9,196.7,Intermediate,Afternoon,Cognitive,76.9
19.0,26.1,54.5,16.9,343.5,2.4,9.1,174.1,Beginner,Afternoon,Creative,69.8
,16.4,61.3,13.9,278.1,2.4,8.2,34.2,Intermediate,Afternoon,Cognitive,77.5
10.9,23.3,54.2,15.1,347.3,0.3,9.6,130.7,Beginner,Afternoon,Creative,65.0
13.8,19.4,52.1,15.8,327.6,-0.9,9.0,97.8,Expert,Evening,Cognitive,76.6
19.0,26.9,59.5,14.4,254.7,4.5,6.9,110.2,Beginner,Evening,Cognitive,75.7
15.0,28.6,70.1,20.7,255.3,1.4,10.0,116.1,Intermediate,Afternoon,Creative,88.9
9.4,32.8,69.0,14.8,270.7,3.7,9.3,92.2,Beginner,Afternoon,Cognitive,89.5
14.4,28.2,,22.2,345.6,7.9,6.9,,Intermediate,Morning,Creative,90.9
11.6,32.8,64.9,16.2,303.1,4.9,,93.1,Intermediate,Evening,Creative,90.5
19.4,30.7,55.2,15.3,318.7,4.1,6.0,78.5,Intermediate,Afternoon,Analytical,74.6
17.4,23.8,,14.5,388.3,4.8,6.9,181.0,Intermediate,Morning,Creative,76.8
13.7,19.9,42.6,17.3,342.1,8.3,4.7,116.2,Expert,Afternoon,Creative,77.2
15.6,33.5,64.3,18.7,287.9,0.2,6.1,180.6,Beginner,Morning,Creative,74.7
9.8,39.9,68.4,8.4,270.6,3.7,8.2,185.6,Beginner,Afternoon,Creative,79.8
12.0,45.2,,16.0,335.3,6.9,5.5,203.1,Beginner,Afternoon,Analytical,66.7
21.2,35.6,52.8,10.0,271.4,4.6,6.5,44.5,Expert,Morning,Analytical,88.7
15.2,38.7,59.6,18.9,382.7,6.4,7.8,135.8,Beginner,Morning,Analytical,73.1
18.7,32.8,52.4,19.0,332.3,2.7,6.6,45.5,Intermediate,Evening,Analytical,72.6
15.9,31.8,,16.1,326.5,1.5,8.7,230.2,Intermediate,Evening,Cognitive,81.4
20.3,30.7,69.5,16.6,272.3,7.8,8.8,155.3,Beginner,Evening,Creative,63.7
7.0,29.4,,11.7,351.0,4.2,6.1,91.8,Beginner,Afternoon,Analytical,79.4
,33.6,63.9,14.4,376.4,5.7,6.3,101.1,Beginner,Evening,Creative,70.0
21.6,26.9,67.6,14.2,313.2,5.8,7.1,,Intermediate,Afternoon,Analytical,74.7
18.8,29.1,68.8,14.7,366.4,6.6,6.0,97.9,Beginner,Morning,Creative,64.7
20.3,22.9,52.2,18.6,299.8,4.6,9.5,38.6,Beginner,Morning,Cognitive,75.0
15.0,32.8,44.6,19.8,316.9,4.7,6.4,147.0,Expert,Morning,Analytical,84.2
12.9,24.2,,17.8,424.3,5.0,8.4,194.0,Expert,Morning,Cognitive,84.8
10.9,30.2,69.2,15.0,301.4,2.7,4.8,115.6,Beginner,Evening,Cognitive,74.4
10.6,33.0,44.2,13.8,347.0,6.1,5.8,165.0,Beginner,Morning,Creative,76.4
18.2,33.5,60.7,16.3,300.5,2.9,5.4,84.5,Beginner,Afternoon,Analytical,87.3
17.1,34.6,71.3,16.9,334.0,6.2,5.1,127.6,Intermediate,Afternoon,Cognitive,88.6
14.7,28.7,58.8,15.3,354.8,5.6,6.2,126.0,Expert,Morning,Creative,78.2
17.0,32.9,75.2,14.0,275.0,-0.4,7.6,99.0,Beginner,Afternoon,Creative,75.1
15.6,27.1,73.3,17.8,284.7,5.6,9.3,63.3,Beginner,Morning,Creative,81.1
18.8,18.2,58.2,18.1,348.4,4.5,6.7,76.2,Intermediate,Evening,Cognitive,74.4
18.8,33.2,56.3,12.1,328.1,6.7,7.1,78.9,Intermediate,Morning,Creative,74.3
10.7,31.8,56.5,14.8,378.6,7.5,7.5,92.4,Beginner,Afternoon,Creative,65.9
16.1,36.1,,18.3,333.5,4.2,5.9,111.8,Intermediate,Afternoon,Creative,85.7
8.3,29.8,48.3,19.0,413.0,4.7,7.0,128.7,Beginner,Evening,Cognitive,74.0
15.5,20.4,46.4,16.2,354.8,1.4,10.1,,Beginner,Evening,Creative,68.2
17.4,29.5,37.3,17.1,413.9,3.7,7.6,113.8,Intermediate,Afternoon,Cognitive,78.1
9.7,35.3,59.8,16.8,404.5,7.3,10.1,120.9,Expert,Afternoon,Creative,78.7
13.3,32.9,80.4,18.9,287.9,4.0,7.0,68.6,Intermediate,Afternoon,Cognitive,91.7
15.0,29.1,40.1,12.7,394.0,5.9,6.1,,Expert,Evening,Cognitive,74.2
15.9,20.0,,16.8,367.0,4.0,8.6,26.0,Intermediate,Evening,Analytical,80.3
13.9,23.8,,13.3,363.5,3.8,8.9,59.3,Intermediate,Morning,Analytical,83.0
10.3,32.9,58.5,19.3,379.3,5.1,6.3,57.6,Intermediate,Afternoon,Analytical,78.4
14.8,20.0,72.6,12.8,304.5,-1.8,7.5,,Expert,Evening,Cognitive,87.3
8.4,28.1,51.1,17.2,336.4,4.7,6.9,137.4,Expert,Afternoon,Creative,80.2
14.1,30.2,,13.3,299.0,-0.5,,130.5,Beginner,Morning,Creative,78.4
13.2,36.9,54.7,18.3,435.5,3.8,5.0,136.4,Expert,Afternoon,Cognitive,74.4
14.5,33.7,53.3,17.3,282.4,2.3,6.7,168.5,Expert,Afternoon,Creative,83.6
12.8,35.8,37.7,16.7,256.1,1.7,8.7,130.8,Intermediate,Evening,Cognitive,75.4
9.0,31.8,62.5,21.9,279.1,7.0,8.3,59.6,Beginner,Afternoon,Creative,80.8
13.5,24.9,48.1,13.9,317.3,6.2,5.6,121.8,Expert,Morning,Cognitive,85.9
18.7,26.3,59.2,18.8,316.9,3.3,5.3,64.0,Expert,Morning,Analytical,90.4
20.0,24.4,56.4,19.5,364.5,8.8,5.7,,Beginner,Morning,Analytical,77.2
24.8,33.5,49.3,18.8,321.5,6.0,5.6,143.9,Expert,Afternoon,Creative,74.0
21.8,25.8,,14.0,295.3,3.7,,109.9,Beginner,Afternoon,Creative,72.1
,27.6,57.2,15.3,344.1,0.2,4.0,158.6,Beginner,Morning,Creative,73.2
13.4,30.1,60.5,14.2,378.2,3.8,3.3,120.5,Intermediate,Afternoon,Creative,80.6
14.9,39.8,65.9,15.1,330.4,2.7,3.2,29.1,Intermediate,Afternoon,Analytical,72.9
,33.9,,13.5,363.4,3.1,4.7,96.3,Intermediate,Morning,Analytical,81.5
15.3,25.4,61.5,14.9,324.2,4.8,8.7,158.1,Beginner,Morning,Cognitive,75.0
24.6,30.9,51.8,20.4,307.0,2.7,,147.4,Expert,Evening,Creative,75.2
10.7,39.9,48.9,15.0,354.9,6.6,10.0,55.7,Beginner,Afternoon,Analytical,69.8
12.1,33.7,61.6,16.3,331.4,2.9,7.4,92.4,Beginner,Evening,Cognitive,66.5
21.6,20.4,50.4,13.8,370.2,2.0,5.8,132.4,Beginner,Afternoon,Cognitive,69.6
12.5,24.5,67.9,16.0,397.1,5.3,6.4,88.7,Intermediate,Evening,Cognitive,79.5
16.6,24.0,58.7,18.5,314.3,3.9,7.2,,Expert,Evening,Analytical,82.0
19.1,38.6,66.5,17.5,352.3,5.7,10.1,134.9,Intermediate,Afternoon,Cognitive,72.0
16.9,37.5,50.1,20.3,373.4,4.3,5.5,230.0,Expert,Evening,Creative,74.9
15.8,26.2,48.6,12.4,340.5,1.2,7.0,138.6,Beginner,Evening,Cognitive,71.8
18.8,26.1,76.8,13.7,345.5,4.6,7.1,161.6,Intermediate,Afternoon,Cognitive,87.9
11.4,30.3,58.5,14.8,327.2,2.2,6.9,66.8,Intermediate,Morning,Analytical,86.5
13.0,30.4,69.1,20.6,332.8,4.3,4.0,45.3,Intermediate,Afternoon,Cognitive,85.0
17.1,24.2,45.9,16.9,346.1,2.8,6.6,67.5,Beginner,Evening,Analytical,58.8
6.7,28.5,57.2,11.7,289.6,3.6,5.0,109.5,Intermediate,Afternoon,Analytical,84.6
20.7,21.3,73.0,19.3,235.1,4.1,10.4,133.6,Intermediate,Morning,Creative,85.8
16.2,37.6,44.4,16.3,315.6,5.5,7.9,148.8,Intermediate,Morning,Cognitive,65.5
,19.4,82.8,18.7,311.5,2.9,8.7,173.5,Intermediate,Afternoon,Creative,85.4
8.5,19.4,62.0,20.8,401.0,-1.6,5.7,195.5,Beginner,Morning,Creative,71.0
,32.6,51.8,13.1,334.8,2.1,6.3,-4.8,Intermediate,Afternoon,Cognitive,77.9
13.4,22.6,63.5,20.7,348.1,4.3,10.1,61.1,Beginner,Afternoon,Cognitive,87.5
18.2,27.0,71.1,15.8,299.4,6.4,8.5,219.8,Expert,Afternoon,Analytical,80.9
6.7,30.4,51.7,14.8,290.2,4.6,7.6,140.9,Intermediate,Morning,Cognitive,80.4
,34.1,53.2,16.5,278.3,6.0,9.0,113.6,Beginner,Morning,Analytical,76.4
13.6,28.7,62.5,12.4,257.0,4.3,9.9,-13.7,Expert,Morning,Creative,92.5
14.1,40.7,64.6,15.9,356.3,4.4,9.3,42.3,Intermediate,Morning,Creative,74.8
16.0,30.0,58.0,15.3,335.3,3.5,8.6,173.1,Beginner,Afternoon,Analytical,76.5
,37.1,64.0,13.2,393.9,6.1,8.7,91.9,Intermediate,Afternoon,Cognitive,74.7
12.2,31.7,68.5,14.1,347.5,7.3,6.5,152.7,Beginner,Morning,Cognitive,85.3
17.5,42.8,61.7,19.4,332.1,2.1,7.3,96.0,Expert,Morning,Analytical,78.9
5.7,36.4,53.1,15.5,220.9,4.4,8.0,,Expert,Morning,Creative,86.9
13.2,30.3,,13.1,415.4,1.6,7.5,117.4,Expert,Evening,Analytical,75.8
15.6,33.8,77.6,17.3,322.0,7.3,7.8,30.6,Intermediate,Afternoon,Cognitive,91.9
13.6,28.4,63.3,18.3,215.8,4.3,6.8,154.8,Intermediate,Evening,Cognitive,87.9
,28.4,,16.0,331.3,4.0,2.9,124.5,Intermediate,Evening,Analytical,78.0
18.0,22.2,54.9,12.3,279.5,1.7,8.0,82.6,Beginner,Afternoon,Cognitive,70.5
10.0,25.2,62.6,8.4,277.7,3.5,7.2,132.0,Intermediate,Afternoon,Creative,83.3
14.7,42.4,67.9,13.3,333.3,3.8,7.2,182.8,Intermediate,Morning,Analytical,84.8
,22.8,75.0,19.2,290.6,1.9,10.3,105.6,Beginner,Afternoon,Creative,84.9
15.1,26.1,72.3,18.9,371.3,4.3,7.5,62.7,Intermediate,Morning,Creative,80.8
19.7,29.4,48.8,13.6,314.2,2.3,5.8,132.4,Expert,Evening,Analytical,74.2
14.8,29.6,71.5,15.3,340.0,4.9,8.0,,Expert,Morning,Analytical,93.3
16.7,32.3,76.9,18.1,348.3,2.0,,139.7,Beginner,Evening,Cognitive,80.2
14.8,27.2,54.3,15.6,332.6,4.3,8.7,196.0,Beginner,Morning,Cognitive,79.9
17.5,32.7,51.1,18.8,330.7,3.6,6.1,51.5,Beginner,Evening,Analytical,67.5
20.6,36.9,59.8,15.7,327.1,4.6,5.8,9.2,Expert,Morning,Analytical,81.3
15.6,37.6,61.8,17.4,394.7,4.3,6.2,257.6,Beginner,Afternoon,Cognitive,58.9
18.1,28.4,56.5,15.0,362.2,4.2,4.4,128.0,Intermediate,Afternoon,Cognitive,71.2
20.8,33.7,48.1,13.6,285.5,2.5,6.3,45.2,Beginner,Afternoon,Cognitive,69.8
20.4,23.1,74.7,19.5,264.4,5.1,9.4,59.9,Intermediate,Afternoon,Analytical,88.7
13.5,25.7,51.4,11.5,280.3,4.6,5.9,91.5,Beginner,Evening,Analytical,69.6
19.1,23.0,54.9,14.2,341.4,5.3,,138.1,Intermediate,Morning,Cognitive,70.3
,29.7,61.1,15.7,264.8,3.9,6.2,-25.0,Beginner,Evening,Creative,71.4
19.5,24.8,45.3,18.6,287.4,3.6,7.3,,Intermediate,Afternoon,Creative,77.0
17.3,20.9,44.5,13.4,252.8,2.0,5.9,78.8,Beginner,Evening,Cognitive,60.9
16.1,27.7,55.7,16.4,366.6,2.7,7.1,209.0,Intermediate,Afternoon,Analytical,75.1
16.7,19.6,,11.8,353.1,3.1,7.4,143.2,Expert,Afternoon,Analytical,89.5
16.0,38.0,,17.3,363.9,5.9,7.0,,Beginner,Evening,Creative,60.7
16.2,26.7,39.4,21.5,296.3,1.5,6.9,106.0,Expert,Afternoon,Cognitive,81.6
14.4,35.9,73.9,10.1,232.1,1.3,9.6,134.7,Intermediate,Afternoon,Creative,95.5
14.0,27.0,68.0,13.8,278.3,3.9,7.3,203.1,Beginner,Morning,Creative,74.7
22.1,22.8,61.9,18.5,252.6,2.5,5.8,,Intermediate,Morning,Cognitive,83.1
16.9,37.1,61.6,24.8,252.1,3.2,8.1,146.5,Beginner,Afternoon,Creative,74.3
12.7,30.5,66.7,17.8,376.8,3.1,6.9,152.2,Intermediate,Afternoon,Analytical,80.1
13.9,41.3,83.3,13.8,307.7,2.7,7.1,201.7,Intermediate,Afternoon,Creative,78.8
19.2,27.2,68.8,15.6,334.5,2.5,8.5,81.5,Beginner,Morning,Cognitive,74.1
12.1,27.3,63.0,12.3,375.2,2.1,9.0,69.1,Intermediate,Afternoon,Analytical,87.6
9.1,36.0,47.7,18.4,269.0,3.3,5.3,191.4,Expert,Afternoon,Analytical,81.0
9.4,36.1,61.6,19.1,350.7,1.1,9.6,106.5,Expert,Afternoon,Creative,86.5
8.1,30.9,67.7,20.2,247.4,5.2,6.9,66.1,Intermediate,Evening,Analytical,84.6
9.8,50.0,58.8,15.0,332.6,2.2,6.9,90.3,Expert,Evening,Cognitive,92.7
10.3,28.3,54.8,13.6,373.4,4.9,5.5,36.9,Intermediate,Morning,Creative,69.4
20.5,22.4,65.5,20.5,263.0,2.7,,,Beginner,Evening,Analytical,77.7
14.8,24.0,50.1,20.1,361.4,6.1,4.9,-52.9,Expert,Afternoon,Cognitive,75.8
13.5,28.4,68.7,13.0,331.2,4.1,7.8,136.0,Intermediate,Afternoon,Creative,79.6
9.2,39.1,55.6,14.9,297.3,1.8,9.5,27.5,Intermediate,Morning,Cognitive,88.2
14.4,28.9,38.8,18.4,260.0,9.0,6.5,196.1,Intermediate,Afternoon,Analytical,72.3
8.1,39.4,55.5,15.2,332.1,3.2,8.6,77.7,Expert,Morning,Creative,88.8
13.5,32.6,59.4,16.1,344.7,2.9,7.1,70.3,Expert,Afternoon,Creative,80.8
23.3,36.5,65.5,11.6,304.1,3.0,4.9,,Intermediate,Morning,Analytical,72.2
17.7,32.3,64.4,12.6,270.9,4.8,7.2,143.6,Beginner,Morning,Cognitive,77.1
14.2,32.3,47.1,15.7,358.1,1.1,6.7,122.1,Intermediate,Morning,Analytical,77.7
17.8,34.5,61.2,13.9,379.2,4.3,8.3,22.7,Intermediate,Morning,Creative,73.3
12.9,26.6,,12.6,367.7,0.6,,127.1,Beginner,Morning,Creative,70.1
11.8,26.7,56.4,15.1,399.5,3.9,7.7,115.3,Intermediate,Afternoon,Analytical,78.0
21.8,32.1,50.0,13.4,287.4,6.3,5.4,113.0,Intermediate,Morning,Cognitive,75.2
10.4,41.6,59.5,16.1,249.2,2.9,7.6,,Beginner,Afternoon,Analytical,84.1
13.6,20.8,91.3,19.0,340.5,5.8,7.0,73.6,Beginner,Morning,Cognitive,83.0
16.2,17.8,78.6,15.1,299.9,0.7,6.8,52.0,Beginner,Evening,Cognitive,85.9
11.3,28.4,50.0,14.7,369.4,2.8,7.0,156.9,Expert,Evening,Creative,73.1
17.6,36.2,60.7,19.2,268.2,1.6,6.6,,Beginner,Morning,Cognitive,80.5
13.8,30.3,56.9,18.2,271.8,7.8,7.2,137.0,Beginner,Afternoon,Creative,67.2
17.7,23.0,61.4,18.4,323.4,3.2,6.7,47.3,Intermediate,Morning,Cognitive,78.5
17.3,30.5,69.2,8.4,328.7,2.7,5.5,204.1,Beginner,Evening,Cognitive,67.5
14.0,19.6,58.7,14.7,353.7,3.5,5.1,32.7,Beginner,Afternoon,Creative,75.9
21.8,33.8,52.9,14.3,315.1,4.0,6.3,34.0,Beginner,Morning,Cognitive,64.7
12.3,28.1,71.6,13.5,224.1,3.3,6.5,259.8,Intermediate,Morning,Analytical,98.6
20.4,29.5,47.7,19.2,492.6,1.6,2.5,195.8,Intermediate,Morning,Cognitive,65.5
19.7,32.6,61.9,14.4,321.7,6.7,7.0,71.6,Beginner,Afternoon,Creative,73.0
22.1,31.2,45.1,11.8,464.4,6.2,10.3,,Intermediate,Afternoon,Creative,61.0
15.7,26.8,49.7,16.7,313.7,4.7,8.0,64.4,Expert,Afternoon,Analytical,99.4
11.8,36.2,67.4,16.0,267.4,4.6,6.7,141.6,Beginner,Afternoon,Cognitive,82.9
23.3,34.8,53.2,13.2,304.1,4.4,,137.1,Beginner,Morning,Analytical,82.4
13.7,19.4,41.2,19.1,375.0,3.1,4.5,96.1,Beginner,Morning,Cognitive,69.3
11.7,28.6,52.8,17.6,351.0,2.9,8.3,222.9,Intermediate,Morning,Analytical,77.2
14.2,23.5,51.7,17.6,335.4,7.2,7.6,72.8,Intermediate,Evening,Creative,77.7
11.1,22.4,47.4,17.5,316.9,5.3,5.1,6.6,Beginner,Morning,Creative,62.8
17.1,33.2,65.5,19.3,326.5,1.3,8.4,280.2,Intermediate,Afternoon,Analytical,74.0
12.6,27.5,44.5,15.5,312.6,3.1,8.3,174.9,Beginner,Morning,Cognitive,66.6
13.9,29.1,54.1,12.3,379.8,5.0,6.0,107.7,Intermediate,Morning,Cognitive,83.6
18.9,26.0,61.3,15.4,365.8,4.7,6.6,132.5,Intermediate,Afternoon,Creative,64.3
17.5,32.2,56.6,11.0,272.9,5.1,7.4,127.2,Beginner,Afternoon,Cognitive,76.4
15.1,34.1,56.0,12.8,246.1,1.0,7.8,22.6,Intermediate,Afternoon,Analytical,92.5
15.7,43.0,52.8,20.9,258.7,4.6,5.4,,Beginner,Afternoon,Analytical,78.6
15.0,28.9,47.8,12.7,302.2,6.2,7.9,145.9,Intermediate,Afternoon,Cognitive,85.1
13.3,21.3,53.6,12.5,331.1,1.0,7.1,143.0,Beginner,Morning,Creative,73.1
15.0,27.0,66.6,18.0,317.3,7.5,8.7,-23.0,Expert,Afternoon,Creative,94.8
,35.1,55.7,18.6,351.5,4.7,8.1,131.3,Beginner,Afternoon,Creative,74.3
14.5,25.4,61.7,11.0,556.3,4.2,7.1,,Expert,Morning,Creative,62.5
,21.1,71.2,16.7,399.8,2.1,8.4,117.0,Beginner,Afternoon,Creative,69.0
11.7,25.5,66.0,14.4,345.4,2.7,4.7,47.1,Intermediate,Morning,Analytical,73.1
12.6,26.8,47.2,17.0,320.9,3.2,6.4,198.7,Beginner,Morning,Cognitive,55.5
12.1,23.5,64.5,15.1,244.5,1.1,5.5,118.0,Expert,Afternoon,Analytical,94.2
12.7,31.3,70.5,11.9,337.5,3.4,6.2,107.2,Beginner,Evening,Creative,70.4
20.1,29.5,54.2,14.6,345.0,2.2,6.1,110.6,Beginner,Evening,Creative,58.2
17.9,34.7,44.1,17.9,284.3,5.4,5.1,32.1,Intermediate,Morning,Cognitive,77.2
10.7,27.3,55.6,21.8,262.2,-2.1,8.4,237.3,Beginner,Afternoon,Cognitive,81.0
16.7,33.3,61.9,17.2,374.7,3.5,8.1,187.8,Beginner,Afternoon,Cognitive,81.3
13.4,27.0,65.9,14.8,271.6,2.1,6.1,78.6,Expert,Morning,Analytical,95.4
12.3,23.2,54.8,12.5,328.3,4.0,3.5,4.6,Expert,Evening,Cognitive,92.1
9.1,26.7,39.6,15.5,321.5,8.7,6.2,151.6,Beginner,Afternoon,Analytical,70.0
18.9,20.3,47.2,14.9,342.3,7.3,6.9,164.9,Expert,Evening,Creative,69.3
9.5,40.7,63.6,16.9,271.9,3.0,9.0,123.9,Intermediate,Morning,Analytical,88.7
14.8,30.9,79.9,15.8,314.0,3.6,6.2,99.8,Beginner,Morning,Cognitive,85.7
,25.2,59.8,17.4,271.6,2.3,8.5,20.0,Intermediate,Evening,Analytical,71.7
18.1,27.7,73.1,14.9,323.7,3.7,6.2,155.9,Intermediate,Afternoon,Analytical,82.8
13.7,15.3,49.4,21.1,345.2,5.5,7.9,19.0,Expert,Evening,Analytical,81.3
14.5,38.6,53.5,17.8,364.8,1.4,8.2,136.5,Beginner,Morning,Cognitive,77.2
14.6,38.0,36.6,13.9,394.7,7.1,7.9,163.6,Intermediate,Afternoon,Analytical,76.5
16.2,30.6,63.7,19.0,306.8,5.8,5.6,,Beginner,Afternoon,Cognitive,71.0
15.1,31.9,51.1,12.5,305.9,5.7,6.5,104.8,Beginner,Morning,Analytical,72.7
14.8,22.4,66.0,13.4,383.6,4.8,7.9,-31.3,Beginner,Afternoon,Analytical,78.0
12.9,22.8,55.0,13.6,348.8,2.2,4.6,,Expert,Afternoon,Analytical,83.3
8.7,19.8,,20.0,381.9,6.0,8.2,91.3,Expert,Morning,Cognitive,95.7
10.5,29.0,77.9,15.5,417.6,3.4,,23.1,Intermediate,Morning,Cognitive,80.1
17.9,36.4,37.0,14.1,277.8,0.6,,197.0,Intermediate,Afternoon,Cognitive,75.4
13.8,27.7,65.9,16.5,360.5,4.2,6.2,73.4,Beginner,Afternoon,Creative,70.9
12.3,32.1,52.6,17.6,290.0,1.7,,92.1,Beginner,Evening,Cognitive,75.8
9.4,35.9,,20.8,398.2,2.8,7.3,227.0,Beginner,Morning,Analytical,85.9
8.1,20.3,46.6,11.5,260.6,5.4,7.4,,Beginner,Morning,Creative,77.3
12.2,41.1,74.4,19.8,365.9,3.8,7.1,225.5,Intermediate,Evening,Cognitive,78.0
18.6,36.9,70.3,9.8,292.3,3.9,5.5,196.5,Intermediate,Evening,Cognitive,78.8
12.8,33.1,45.9,18.7,347.7,6.3,8.8,161.6,Beginner,Morning,Creative,62.1
16.6,35.5,58.2,19.5,383.4,-0.5,7.1,71.9,Beginner,Evening,Creative,63.1
12.6,35.8,61.6,19.6,287.8,6.2,,31.6,Beginner,Morning,Cognitive,82.7
17.6,31.8,67.2,17.7,246.6,4.3,3.6,167.9,Intermediate,Morning,Creative,84.8
,38.6,59.9,12.8,307.1,3.9,7.8,87.3,Expert,Morning,Analytical,84.3
10.1,27.3,67.9,18.2,300.6,3.9,6.1,-20.8,Intermediate,Morning,Analytical,91.8
13.9,32.8,59.3,12.8,255.8,5.3,8.1,146.2,Expert,Evening,Analytical,85.5
22.3,37.9,66.1,13.2,219.5,6.1,9.7,133.9,Intermediate,Afternoon,Cognitive,83.1
22.2,13.9,,14.6,380.8,3.5,5.2,41.9,Beginner,Evening,Analytical,55.9
16.9,32.6,59.7,14.9,394.6,3.7,8.3,203.8,Beginner,Afternoon,Creative,67.9
14.5,34.3,71.5,16.7,289.9,5.2,6.1,67.8,Expert,Afternoon,Analytical,100.0
16.2,19.7,74.1,13.9,305.4,-0.2,4.2,253.7,Intermediate,Afternoon,Creative,76.2
16.3,31.7,61.7,17.0,360.4,3.8,8.4,198.9,Beginner,Evening,Analytical,73.7
14.8,25.2,59.0,11.9,361.2,5.0,9.7,180.6,Intermediate,Afternoon,Creative,82.3
16.8,32.4,73.7,16.1,409.0,3.0,10.2,83.6,Intermediate,Evening,Analytical,84.9
15.8,29.4,59.0,15.2,351.1,2.4,7.5,130.4,Intermediate,Evening,Analytical,73.2
13.7,24.3,71.4,19.0,268.7,3.7,4.8,136.1,Expert,Morning,Analytical,81.4
10.2,36.7,58.9,19.3,359.6,2.8,6.7,102.6,Intermediate,Afternoon,Creative,69.7
13.2,27.5,60.4,15.5,285.1,3.5,6.8,121.0,Intermediate,Evening,Creative,81.7
18.2,31.6,49.0,10.1,316.7,3.1,8.6,224.0,Beginner,Evening,Analytical,68.8
14.9,37.9,47.5,11.6,375.6,7.1,,78.1,Beginner,Morning,Creative,74.3
16.2,24.5,69.8,19.4,274.7,1.7,3.9,147.4,Beginner,Afternoon,Creative,78.8
13.9,30.0,77.2,15.6,316.3,5.7,7.9,86.1,Beginner,Afternoon,Cognitive,85.3
10.8,27.0,61.1,21.2,258.7,2.8,7.1,25.6,Intermediate,Morning,Analytical,95.7
14.0,28.4,58.3,18.7,270.6,4.7,8.4,183.7,Intermediate,Afternoon,Creative,77.1
10.9,42.9,70.2,16.8,292.7,5.3,7.4,144.2,Beginner,Morning,Creative,74.6
10.7,32.7,63.4,16.4,401.5,7.1,8.0,179.1,Expert,Morning,Creative,81.8
,31.9,36.0,12.6,321.7,4.8,7.0,62.5,Beginner,Afternoon,Creative,69.6
13.3,33.1,69.9,14.1,452.2,3.2,7.4,82.7,Beginner,Afternoon,Cognitive,81.4
12.0,32.6,46.6,17.2,367.7,4.1,5.6,143.7,Beginner,Afternoon,Creative,75.0
21.5,19.0,,15.0,369.1,7.8,7.5,166.4,Beginner,Afternoon,Creative,77.5
18.3,43.8,55.6,17.4,265.3,4.3,6.7,191.6,Beginner,Morning,Cognitive,78.7
13.5,21.2,53.6,19.1,312.3,1.4,7.7,114.0,Intermediate,Morning,Analytical,82.5
16.7,40.4,60.5,15.5,262.8,3.2,5.2,150.2,Intermediate,Morning,Analytical,89.9
14.1,33.7,68.9,14.7,304.5,3.2,9.1,227.3,Expert,Morning,Cognitive,92.9
12.2,31.1,60.3,13.3,297.1,5.5,7.4,97.0,Beginner,Afternoon,Analytical,75.5
16.9,28.2,,18.5,317.9,1.6,8.2,136.9,Beginner,Evening,Analytical,80.6
,45.6,75.3,18.3,361.3,3.0,7.0,,Beginner,Morning,Cognitive,83.8
15.3,33.6,75.2,22.6,306.9,4.4,7.9,132.6,Intermediate,Morning,Creative,85.0
19.1,30.1,59.4,16.5,362.2,3.4,3.6,203.2,Beginner,Afternoon,Cognitive,70.6
18.6,26.8,55.2,15.7,246.7,4.2,6.8,84.3,Expert,Morning,Cognitive,85.8
12.8,26.1,59.7,17.4,342.4,4.3,5.8,69.5,Intermediate,Evening,Cognitive,85.5
16.9,30.3,71.3,15.1,298.2,4.4,6.5,172.6,Intermediate,Afternoon,Cognitive,85.4
10.5,24.4,70.7,13.3,332.7,2.1,8.5,210.6,Intermediate,Morning,Cognitive,92.5
16.8,34.1,34.0,16.3,363.1,5.6,4.6,32.5,Beginner,Morning,Creative,72.2
15.6,26.1,63.1,17.4,247.9,2.9,8.1,99.7,Beginner,Afternoon,Analytical,77.3
16.5,36.0,36.3,17.6,393.5,4.0,7.7,138.9,Beginner,Morning,Cognitive,68.1
13.8,35.9,59.8,17.3,310.3,1.6,8.9,122.7,Intermediate,Morning,Creative,89.8
23.3,29.7,54.7,19.2,413.1,4.1,3.9,128.4,Beginner,Morning,Cognitive,68.1
11.4,33.5,,17.6,323.6,4.4,7.9,124.1,Beginner,Evening,Creative,68.4
18.9,33.8,68.5,16.8,386.0,4.1,7.4,75.9,Expert,Afternoon,Analytical,82.8
10.9,21.2,53.5,12.2,323.0,2.4,6.9,-33.7,Beginner,Morning,Creative,71.6
17.0,40.4,59.9,16.7,333.4,6.3,9.2,118.5,Expert,Afternoon,Creative,88.8
17.3,28.5,50.7,15.5,325.8,5.2,3.8,106.4,Intermediate,Afternoon,Analytical,71.3
15.2,34.2,60.7,12.6,309.0,3.7,7.2,30.3,Beginner,Afternoon,Analytical,89.6
13.0,34.3,69.6,17.5,307.1,3.7,8.5,79.2,Beginner,Morning,Creative,71.5
15.6,15.1,51.2,17.6,331.3,2.5,4.6,,Beginner,Afternoon,Cognitive,59.7
16.1,26.1,66.4,17.3,347.4,2.8,7.9,108.2,Intermediate,Evening,Cognitive,73.3
22.2,35.0,60.6,17.7,331.7,6.9,7.5,131.2,Intermediate,Morning,Analytical,69.5
11.5,30.4,60.5,16.4,346.0,3.3,3.8,55.8,Intermediate,Morning,Cognitive,81.3
12.8,34.1,56.5,15.3,244.1,9.5,8.6,155.6,Expert,Morning,Analytical,89.5
16.1,30.6,67.7,21.3,365.2,1.7,5.7,253.5,Intermediate,Morning,Creative,81.1
14.0,37.4,,16.4,282.9,4.7,9.4,151.4,Beginner,Afternoon,Creative,69.6
14.6,30.7,58.7,8.4,237.6,4.5,7.9,,Beginner,Evening,Cognitive,70.8
19.3,38.5,62.0,8.7,412.4,4.1,7.4,135.1,Expert,Evening,Analytical,86.8
3.7,24.1,67.4,19.6,390.5,0.8,8.5,80.4,Beginner,Morning,Cognitive,84.0
12.6,29.2,65.4,10.5,319.5,1.3,,177.6,Beginner,Afternoon,Cognitive,84.1
8.0,26.4,56.9,14.4,373.5,4.4,4.1,,Intermediate,Afternoon,Creative,82.3
10.2,32.3,71.7,12.4,303.4,2.0,4.4,223.4,Intermediate,Afternoon,Cognitive,82.0
24.6,28.3,68.6,15.1,296.5,6.4,,,Expert,Afternoon,Creative,83.1
17.4,28.6,,17.2,290.3,3.6,5.4,,Intermediate,Morning,Analytical,95.9
18.8,25.8,,14.0,288.0,4.5,9.5,166.0,Beginner,Afternoon,Cognitive,75.9
14.7,27.2,67.0,13.6,307.0,3.9,5.5,84.7,Expert,Afternoon,Creative,78.5
18.0,29.9,71.5,18.2,284.3,3.9,7.1,189.8,Beginner,Evening,Cognitive,67.4
7.9,17.9,70.1,23.9,177.6,7.0,7.9,67.1,Beginner,Evening,Analytical,82.7
19.2,16.2,57.5,17.6,310.8,6.2,10.7,134.2,Intermediate,Morning,Cognitive,81.8
11.7,30.4,46.4,13.3,271.5,4.3,8.7,151.2,Beginner,Morning,Cognitive,77.5
,13.4,75.4,18.6,334.9,5.3,6.0,166.2,Intermediate,Evening,Creative,78.1
17.0,28.8,55.2,21.2,308.0,6.3,7.8,58.7,Beginner,Afternoon,Analytical,76.2
16.3,27.7,57.0,19.2,351.7,2.8,8.0,147.4,Intermediate,Evening,Analytical,78.0
15.3,33.3,80.7,11.4,320.7,0.9,7.9,132.9,Beginner,Morning,Analytical,91.4
9.5,26.0,47.3,17.6,256.7,5.1,5.5,51.9,Intermediate,Afternoon,Cognitive,82.6
15.4,39.4,68.2,14.6,256.7,6.5,10.0,189.4,Expert,Afternoon,Creative,86.7
18.8,35.1,52.5,16.2,258.0,0.6,5.2,216.4,Beginner,Evening,Cognitive,65.5
12.9,20.9,52.2,14.9,276.8,2.8,8.0,123.6,Beginner,Morning,Cognitive,74.2
20.3,28.3,61.7,18.2,284.9,3.5,5.7,112.0,Beginner,Morning,Cognitive,75.2
11.5,39.2,,14.9,366.0,2.0,7.6,98.0,Beginner,Afternoon,Analytical,82.1
15.0,25.8,69.5,20.3,329.3,3.7,6.7,272.0,Intermediate,Evening,Creative,72.7
21.1,29.7,70.8,16.0,226.9,1.8,5.0,176.3,Intermediate,Evening,Analytical,87.0
12.3,38.4,52.9,15.3,276.2,3.4,,77.1,Beginner,Evening,Cognitive,68.6
19.2,26.8,48.6,17.7,318.2,5.4,8.3,24.5,Beginner,Evening,Cognitive,66.0
22.9,36.7,56.6,17.1,269.8,-0.1,6.2,94.4,Beginner,Morning,Creative,65.8
15.7,24.5,63.5,17.8,324.1,1.9,7.2,94.8,Intermediate,Morning,Analytical,78.4
12.9,12.7,57.9,15.6,278.0,6.8,9.7,135.3,Beginner,Morning,Cognitive,75.4
11.9,37.4,23.7,20.0,313.3,2.4,7.9,122.7,Expert,Morning,Cognitive,71.5
20.2,32.6,41.7,19.0,291.5,-1.2,2.7,188.7,Intermediate,Evening,Creative,68.0
,33.0,57.6,16.0,325.6,4.3,5.2,-42.5,Beginner,Evening,Cognitive,70.8
20.8,23.4,68.6,18.5,392.0,3.9,4.2,152.3,Intermediate,Morning,Analytical,72.4
,23.9,51.0,15.2,364.6,4.3,5.7,173.6,Expert,Afternoon,Analytical,74.1
19.2,36.9,67.3,17.7,265.9,4.1,6.6,12.2,Intermediate,Evening,Cognitive,84.4
14.8,31.5,45.0,18.5,445.6,6.5,10.8,68.0,Beginner,Afternoon,Cognitive,67.7
,29.3,62.6,16.7,379.0,2.6,8.5,91.0,Beginner,Morning,Cognitive,77.9
19.5,31.3,62.6,13.5,285.7,3.8,7.5,150.4,Expert,Afternoon,Creative,82.0
21.5,39.1,,12.4,276.7,3.1,7.7,95.2,Intermediate,Afternoon,Creative,86.2
10.9,34.3,49.9,16.9,337.0,5.4,7.7,117.9,Intermediate,Afternoon,Analytical,75.3
10.8,27.2,44.5,13.8,355.2,5.6,,72.7,Expert,Afternoon,Analytical,77.6
15.2,21.6,67.3,19.2,408.4,4.7,,123.8,Expert,Morning,Cognitive,76.2
,33.5,44.7,11.5,345.4,8.3,7.7,82.1,Expert,Evening,Cognitive,79.6
10.5,24.5,52.3,20.0,286.8,5.1,7.0,67.3,Beginner,Afternoon,Cognitive,81.6
15.9,22.9,73.9,16.2,294.6,6.5,7.5,128.4,Intermediate,Afternoon,Creative,84.7
12.6,37.9,61.7,13.4,351.3,2.2,9.4,171.9,Intermediate,Evening,Creative,79.0
17.8,35.2,63.7,14.6,253.0,2.6,,135.7,Intermediate,Morning,Cognitive,78.8
11.8,32.3,66.2,15.4,394.7,8.0,6.4,106.5,Intermediate,Morning,Cognitive,71.5
18.1,22.6,65.9,17.4,292.8,1.3,7.4,180.5,Beginner,Evening,Analytical,74.1
14.4,40.7,59.8,12.3,368.0,5.5,4.4,92.5,Intermediate,Morning,Creative,88.5
11.3,36.2,51.0,13.1,380.0,6.6,,,Intermediate,Evening,Cognitive,69.6
15.3,28.2,86.8,15.0,472.7,6.4,9.0,190.2,Beginner,Morning,Creative,67.5
7.2,26.9,57.1,15.9,304.7,0.8,6.6,94.2,Intermediate,Morning,Cognitive,100.0
12.8,30.5,63.3,18.1,306.1,3.3,6.3,87.5,Beginner,Afternoon,Cognitive,81.6
16.3,27.1,64.4,16.8,303.5,5.2,,164.6,Beginner,Morning,Analytical,76.3
7.9,43.3,,14.8,328.7,5.5,4.5,60.1,Beginner,Evening,Analytical,69.3
4.7,27.7,55.7,16.7,287.8,4.0,6.5,,Intermediate,Afternoon,Analytical,83.6
5.6,23.6,74.9,16.5,380.6,2.6,6.1,3.7,Intermediate,Evening,Cognitive,76.8
,39.5,52.6,15.2,370.4,3.5,,124.5,Intermediate,Evening,Analytical,74.3
14.7,26.6,64.1,16.3,307.2,2.8,,80.9,Intermediate,Morning,Cognitive,80.4
12.9,34.7,69.0,9.5,284.5,1.5,5.8,140.4,Expert,Evening,Creative,91.4
18.8,34.1,57.9,18.8,298.2,3.4,6.3,207.9,Beginner,Afternoon,Creative,71.8
13.4,29.6,,17.6,296.5,7.7,6.3,50.6,Beginner,Afternoon,Cognitive,67.7
16.1,24.2,69.6,20.5,344.7,3.4,8.6,35.7,Expert,Evening,Analytical,80.7
,29.7,58.6,13.6,329.7,1.0,5.8,189.0,Beginner,Afternoon,Analytical,68.3
13.1,23.0,39.2,17.7,361.1,3.3,11.6,106.2,Expert,Afternoon,Creative,65.7
16.2,29.9,75.0,10.3,394.4,7.5,8.1,115.0,Expert,Afternoon,Cognitive,81.1
18.1,34.6,50.2,10.7,334.9,0.8,6.3,104.0,Intermediate,Morning,Cognitive,82.2
14.3,40.3,62.2,15.3,349.7,4.0,7.9,98.2,Expert,Morning,Cognitive,91.8
13.2,23.5,,14.3,442.8,5.5,8.1,65.3,Beginner,Afternoon,Creative,65.7
13.6,28.5,54.9,19.1,348.5,1.7,6.5,105.4,Beginner,Morning,Creative,81.2
5.8,26.9,55.6,19.5,295.5,4.4,8.7,69.4,Intermediate,Morning,Analytical,85.3
16.1,31.6,61.7,19.9,316.6,2.2,5.5,180.1,Beginner,Morning,Cognitive,70.9
10.2,20.9,51.2,17.8,236.7,1.5,7.9,86.8,Expert,Afternoon,Cognitive,82.0
,24.4,79.8,17.9,347.3,5.2,,198.7,Beginner,Afternoon,Cognitive,86.7
14.6,19.8,60.2,12.2,292.5,7.6,7.4,160.1,Intermediate,Evening,Cognitive,71.7
,21.4,68.8,20.2,275.5,3.2,7.3,59.9,Intermediate,Afternoon,Creative,81.2
17.8,26.0,59.9,19.8,276.7,5.2,7.0,56.2,Intermediate,Afternoon,Analytical,85.9
11.3,40.0,70.0,11.9,377.2,5.0,10.0,106.8,Beginner,Afternoon,Creative,76.5
16.5,32.1,39.0,17.4,307.1,4.3,6.1,76.1,Beginner,Afternoon,Analytical,60.0
16.1,30.4,53.0,14.4,358.2,2.6,5.8,75.6,Expert,Afternoon,Cognitive,83.7
14.3,38.1,54.8,21.5,339.3,2.0,6.9,170.4,Beginner,Evening,Cognitive,67.0
11.3,32.3,54.7,13.1,330.0,2.4,9.0,136.5,Expert,Evening,Cognitive,87.0
17.4,32.9,65.2,16.3,300.8,3.6,7.1,193.8,Intermediate,Evening,Cognitive,70.3
17.8,27.2,,16.6,344.8,3.2,6.9,55.7,Intermediate,Evening,Cognitive,76.9
15.5,26.2,59.3,15.8,298.7,1.7,6.2,10.0,Intermediate,Afternoon,Creative,77.0
10.7,22.1,59.5,22.4,327.8,3.6,6.3,76.2,Beginner,Afternoon,Analytical,77.1
12.9,26.4,84.4,21.1,375.3,2.7,8.6,184.6,Intermediate,Afternoon,Creative,80.9
14.8,28.3,63.2,11.1,385.9,5.1,6.9,82.4,Expert,Afternoon,Cognitive,81.3
17.8,32.1,37.7,17.5,298.2,3.2,7.4,218.2,Intermediate,Evening,Analytical,69.5
8.7,29.8,,16.0,338.6,5.7,6.0,,Expert,Afternoon,Analytical,85.9
12.7,27.8,65.6,18.5,349.2,4.5,8.2,155.1,Intermediate,Evening,Cognitive,82.2
13.4,24.5,71.6,16.6,588.1,3.0,8.8,180.8,Beginner,Morning,Analytical,68.6
14.7,32.4,66.0,13.6,358.2,3.7,5.6,2.4,Beginner,Evening,Creative,67.1
9.8,27.0,51.0,12.9,358.7,3.7,5.6,80.4,Expert,Afternoon,Creative,82.6
14.1,32.1,68.9,14.8,411.9,4.3,5.7,148.8,Beginner,Afternoon,Creative,71.7
13.8,18.5,61.0,15.6,427.8,4.7,8.6,117.2,Expert,Morning,Creative,83.8
10.8,32.0,70.5,16.6,311.8,3.1,5.6,93.7,Expert,Evening,Analytical,94.9
14.5,34.5,75.5,14.3,403.0,3.5,6.5,109.9,Beginner,Evening,Creative,70.9
12.8,33.7,58.8,21.1,342.0,4.2,5.5,129.0,Beginner,Morning,Analytical,79.7
17.0,28.8,68.8,17.6,311.1,-1.9,9.5,-43.3,Intermediate,Afternoon,Cognitive,83.0
11.5,35.5,70.3,18.6,350.4,5.1,6.2,86.5,Beginner,Afternoon,Creative,80.2
15.4,22.4,61.6,15.6,308.3,2.1,9.5,71.5,Intermediate,Evening,Cognitive,72.4
11.8,29.5,79.6,12.9,317.9,3.4,7.0,161.5,Intermediate,Afternoon,Creative,76.3
12.6,28.8,70.5,18.7,265.2,2.6,,165.5,Intermediate,Morning,Cognitive,79.6
16.2,36.2,54.1,13.0,324.0,5.5,8.2,130.2,Intermediate,Afternoon,Cognitive,68.1
15.9,17.9,62.6,9.9,366.6,6.0,6.9,126.8,Beginner,Afternoon,Cognitive,81.9
,23.7,68.6,17.7,356.0,3.8,9.1,,Intermediate,Morning,Cognitive,86.5
13.9,40.5,79.2,13.7,338.2,3.8,6.7,,Beginner,Afternoon,Cognitive,75.2
9.2,15.4,66.2,15.0,406.8,3.9,6.3,98.8,Beginner,Evening,Analytical,69.7
20.6,34.9,62.9,18.1,426.7,4.0,6.3,113.4,Intermediate,Evening,Analytical,77.9
17.7,25.8,72.6,13.2,344.9,6.0,8.9,119.7,Expert,Morning,Creative,87.0
,31.5,57.8,11.2,399.9,10.0,7.4,3.1,Beginner,Evening,Analytical,69.8
,38.5,50.1,19.7,337.5,3.7,5.9,178.5,Intermediate,Afternoon,Cognitive,73.1
,31.8,67.0,15.8,324.4,5.1,4.8,,Intermediate,Morning,Analytical,75.1
13.7,38.6,56.2,19.8,368.0,2.3,7.3,,Beginner,Morning,Analytical,77.3
,27.0,87.2,17.9,316.5,2.5,5.6,167.0,Beginner,Morning,Cognitive,85.8
18.6,27.8,,18.0,202.0,2.0,4.3,65.3,Expert,Evening,Analytical,96.2
20.8,34.7,67.1,16.5,307.1,6.7,8.6,161.5,Intermediate,Morning,Cognitive,74.6
23.2,27.4,53.7,16.5,244.7,5.4,5.2,15.4,Intermediate,Morning,Analytical,82.2
10.8,33.6,,19.4,300.6,3.2,,95.7,Intermediate,Evening,Cognitive,84.7
,37.1,59.7,18.4,292.7,4.4,6.8,,Beginner,Afternoon,Creative,77.0
20.3,35.2,58.8,14.2,293.0,5.5,6.6,143.6,Intermediate,Evening,Analytical,74.4
14.0,20.5,59.0,17.5,267.4,6.4,5.7,66.6,Intermediate,Afternoon,Creative,79.0
12.7,28.0,47.1,14.1,260.1,4.8,7.3,143.6,Intermediate,Morning,Cognitive,79.9
7.5,31.7,,15.1,287.7,4.2,6.6,94.6,Beginner,Evening,Cognitive,72.3
19.5,28.5,65.5,17.7,301.5,6.6,10.3,80.5,Beginner,Morning,Creative,75.5
14.9,30.5,44.5,14.1,305.1,1.8,6.7,174.0,Beginner,Afternoon,Cognitive,70.5
12.1,31.8,70.2,16.4,332.9,0.2,5.1,237.2,Expert,Afternoon,Cognitive,89.4
,26.8,57.3,17.1,355.3,6.5,7.5,98.1,Intermediate,Morning,Cognitive,69.3
15.6,28.8,62.4,15.0,269.5,3.1,7.6,73.6,Intermediate,Evening,Cognitive,84.1
15.7,22.9,37.7,18.2,276.3,6.7,6.5,111.7,Beginner,Afternoon,Cognitive,69.1
14.1,27.1,62.2,14.7,403.2,7.8,4.5,126.5,Beginner,Morning,Cognitive,71.2
21.5,20.8,49.6,18.8,357.9,7.7,9.3,12.4,Intermediate,Evening,Cognitive,60.2
14.5,30.7,,16.4,281.2,-2.0,5.1,59.1,Intermediate,Afternoon,Cognitive,87.9
21.5,28.8,44.3,16.5,257.3,5.6,8.3,29.6,Intermediate,Afternoon,Creative,78.8
17.3,24.5,51.2,13.3,295.1,3.0,8.8,50.9,Beginner,Afternoon,Analytical,76.4
16.4,40.7,58.4,15.3,307.3,2.7,6.5,,Intermediate,Evening,Cognitive,72.2
14.5,28.5,57.3,16.6,354.1,4.7,8.3,-17.2,Beginner,Morning,Creative,68.4
18.9,31.7,68.8,19.1,204.9,2.7,8.5,142.4,Beginner,Morning,Cognitive,85.6
15.5,26.2,41.3,15.0,271.8,5.5,5.4,97.8,Intermediate,Afternoon,Analytical,75.0
11.3,27.5,59.5,19.1,410.0,6.6,9.2,134.6,Beginner,Morning,Cognitive,69.5
11.1,31.9,,13.7,320.8,3.6,7.5,49.9,Beginner,Afternoon,Creative,79.9
16.7,28.0,55.4,17.0,323.1,4.7,3.8,92.4,Intermediate,Afternoon,Creative,80.2
11.4,30.0,50.9,14.5,291.8,3.1,7.3,193.4,Intermediate,Morning,Analytical,80.4
14.8,34.8,71.0,20.6,359.4,4.9,6.2,,Expert,Morning,Cognitive,82.3
19.2,26.9,80.5,20.1,229.8,6.8,7.7,204.6,Intermediate,Afternoon,Creative,88.7
,22.0,42.9,16.9,298.8,4.8,6.0,-43.5,Beginner,Evening,Analytical,66.3
12.1,20.8,50.8,14.4,215.9,3.8,6.0,152.3,Beginner,Afternoon,Analytical,73.2
,38.6,50.0,11.4,319.0,6.6,5.4,122.5,Expert,Afternoon,Cognitive,79.1
17.2,35.6,57.2,17.1,297.7,3.2,7.3,33.7,Intermediate,Morning,Creative,85.0
,33.9,72.6,16.6,238.5,3.2,7.8,175.0,Intermediate,Afternoon,Cognitive,92.8
5.9,27.4,65.3,18.6,370.5,2.7,7.0,75.1,Beginner,Morning,Cognitive,76.9
16.3,22.0,,11.6,354.5,0.9,6.6,133.9,Intermediate,Afternoon,Cognitive,80.5
18.4,28.3,60.2,16.4,371.5,2.3,7.1,60.8,Beginner,Afternoon,Creative,70.9
21.8,29.4,56.8,17.3,244.7,4.1,8.6,89.4,Intermediate,Evening,Analytical,72.8
9.1,23.2,67.4,13.3,269.8,4.5,5.4,162.3,Expert,Afternoon,Cognitive,90.4
19.8,21.2,68.6,16.3,380.1,2.1,5.0,261.1,Expert,Evening,Cognitive,74.4
21.6,19.6,65.9,13.8,360.5,3.0,5.2,66.1,Intermediate,Afternoon,Creative,69.5
6.9,33.9,38.0,13.5,390.2,0.2,4.5,195.0,Intermediate,Evening,Cognitive,70.3
16.9,22.8,60.1,14.4,308.0,8.4,,200.4,Expert,Afternoon,Analytical,83.6
17.5,31.9,58.1,15.2,314.5,6.9,8.7,158.3,Intermediate,Morning,Cognitive,85.9
13.7,27.6,,19.7,350.8,2.6,4.5,166.0,Beginner,Evening,Analytical,71.9
13.0,33.5,62.4,15.0,252.4,4.3,6.6,77.6,Intermediate,Morning,Cognitive,80.7
17.7,32.0,65.6,13.5,329.8,2.2,8.0,61.8,Beginner,Morning,Cognitive,87.5
12.5,28.6,55.0,18.4,446.8,6.0,7.0,91.6,Intermediate,Morning,Cognitive,81.8
14.1,30.8,69.4,19.1,302.1,5.3,8.3,136.0,Intermediate,Evening,Analytical,77.9
18.2,29.3,72.3,18.5,239.8,1.4,6.1,101.9,Intermediate,Morning,Cognitive,82.7
22.0,26.3,43.7,20.1,340.6,2.1,6.3,75.2,Beginner,Evening,Cognitive,62.6
17.2,35.9,47.0,16.6,274.9,3.9,6.4,77.8,Beginner,Afternoon,Cognitive,69.1
15.5,27.5,67.6,16.5,314.7,6.8,,101.8,Intermediate,Morning,Analytical,79.1
12.9,29.5,58.3,13.9,374.4,3.2,,,Expert,Afternoon,Cognitive,75.3
11.0,21.5,70.3,20.2,347.9,6.6,7.0,55.3,Intermediate,Morning,Creative,77.8
19.4,31.6,62.4,15.7,295.6,4.6,6.6,154.0,Beginner,Afternoon,Analytical,60.0
14.4,26.3,66.9,15.1,361.9,2.3,5.6,151.5,Expert,Afternoon,Creative,80.2
19.6,27.1,52.5,14.8,236.6,3.2,9.6,88.7,Expert,Afternoon,Cognitive,84.8
13.7,25.0,63.4,17.9,329.9,5.3,6.4,137.8,Beginner,Morning,Analytical,80.1
12.4,29.3,63.4,16.3,300.8,5.7,,191.2,Beginner,Afternoon,Analytical,73.4
16.7,18.0,53.1,16.6,202.0,5.9,6.7,100.5,Intermediate,Evening,Cognitive,79.1
14.7,34.1,70.0,15.0,259.5,4.4,9.7,,Expert,Afternoon,Creative,89.5
10.2,29.8,41.0,15.4,319.3,4.9,6.2,,Expert,Evening,Analytical,79.3
22.3,27.2,62.1,15.6,357.3,8.5,7.0,69.3,Expert,Morning,Analytical,87.0
12.5,20.7,47.1,20.3,321.1,8.8,3.2,167.4,Intermediate,Evening,Analytical,69.7
18.7,32.6,49.8,10.6,305.2,4.1,8.5,116.6,Intermediate,Morning,Analytical,76.0
18.4,26.2,69.9,17.3,360.5,0.5,6.6,23.9,Beginner,Morning,Analytical,80.2
,37.8,49.0,19.3,333.7,4.3,8.4,195.3,Beginner,Evening,Cognitive,66.8
11.0,32.9,48.6,10.5,369.9,4.2,,,Intermediate,Evening,Analytical,72.8
13.8,39.2,65.8,15.8,348.7,1.5,7.2,148.8,Intermediate,Afternoon,Creative,76.7
11.5,30.8,48.9,18.9,284.4,4.2,6.3,156.1,Intermediate,Morning,Analytical,84.9
21.9,36.5,70.2,13.7,353.5,1.9,7.1,70.0,Intermediate,Morning,Cognitive,89.4
,32.8,66.4,16.8,368.0,4.8,5.0,,Beginner,Afternoon,Cognitive,71.8
,27.3,52.2,13.2,390.0,5.2,7.3,62.0,Intermediate,Evening,Creative,68.2
17.1,31.1,69.8,16.1,293.6,5.1,7.8,108.3,Beginner,Morning,Analytical,82.3
16.1,25.0,40.6,19.8,301.8,6.0,7.1,146.3,Intermediate,Evening,Creative,72.8
15.2,42.4,64.7,21.1,364.0,4.9,,231.8,Intermediate,Morning,Creative,78.6
19.9,29.4,47.5,16.8,362.1,5.6,6.1,173.9,Intermediate,Evening,Creative,68.1
11.7,30.2,54.8,12.2,294.5,6.6,6.8,2.1,Expert,Evening,Creative,87.0
21.9,32.3,55.4,15.1,286.4,3.1,,110.8,Beginner,Afternoon,Analytical,71.6
9.9,23.5,72.8,10.6,298.3,3.7,6.2,-16.5,Intermediate,Afternoon,Cognitive,91.3
18.1,37.9,55.0,15.1,324.0,3.3,10.1,177.6,Beginner,Evening,Cognitive,70.4
9.4,23.8,59.2,18.9,275.6,2.5,,108.0,Intermediate,Afternoon,Analytical,83.2
13.7,22.5,55.6,11.9,341.0,3.4,7.7,122.1,Expert,Afternoon,Creative,87.4
15.4,29.0,50.2,15.4,233.7,5.7,7.0,,Intermediate,Afternoon,Analytical,80.7
13.1,22.3,,13.6,278.4,5.5,7.1,124.5,Expert,Morning,Creative,80.8
14.3,39.4,63.1,21.4,329.2,0.6,7.2,78.9,Beginner,Evening,Creative,76.0
9.5,28.6,59.7,17.2,274.0,7.4,6.6,125.9,Expert,Morning,Analytical,93.6
11.1,10.7,67.6,18.6,299.1,5.7,7.9,63.0,Beginner,Evening,Analytical,78.2
17.0,31.2,,16.9,313.6,4.5,5.9,137.5,Expert,Morning,Creative,80.4
15.1,33.3,57.9,18.3,426.1,1.2,4.8,136.2,Beginner,Afternoon,Creative,58.9
12.2,27.5,67.7,19.2,254.7,1.6,7.3,148.7,Beginner,Morning,Creative,79.2
20.3,21.9,56.3,16.1,331.8,7.0,8.7,114.1,Intermediate,Morning,Creative,77.4
10.1,29.4,45.6,14.4,268.8,6.0,6.0,,Expert,Morning,Analytical,80.6
13.6,27.1,68.5,13.2,266.9,6.3,8.2,,Beginner,Afternoon,Cognitive,90.7
13.0,24.1,53.2,21.3,276.2,3.7,8.0,28.0,Beginner,Afternoon,Cognitive,76.8
17.5,23.6,,18.5,312.2,6.6,9.3,44.0,Expert,Evening,Creative,75.7
,30.9,53.7,9.3,391.7,1.3,9.8,109.7,Beginner,Morning,Cognitive,76.1
14.6,35.4,50.3,15.3,378.7,1.5,7.9,92.9,Beginner,Afternoon,Cognitive,77.5
7.6,32.8,41.0,17.2,297.1,6.0,6.8,148.5,Intermediate,Evening,Cognitive,79.7
18.5,19.6,63.4,21.0,306.7,2.2,4.6,148.5,Beginner,Morning,Cognitive,78.8
14.1,33.7,26.1,12.7,349.6,3.9,8.5,138.0,Expert,Afternoon,Cognitive,79.0
15.5,34.6,73.0,17.3,322.9,0.5,8.7,,Intermediate,Afternoon,Cognitive,82.4
,38.4,70.3,14.8,288.2,-1.7,6.6,131.8,Intermediate,Afternoon,Creative,99.2
11.4,24.3,50.9,12.4,353.1,2.0,7.5,231.1,Expert,Morning,Creative,81.6
21.0,29.7,75.9,20.0,401.0,3.2,5.5,151.0,Intermediate,Afternoon,Creative,75.6
7.9,33.4,80.6,13.1,372.9,2.2,6.1,116.0,Beginner,Morning,Analytical,85.1
10.8,26.8,57.3,18.9,387.8,5.2,5.0,157.1,Beginner,Afternoon,Cognitive,68.8
20.9,33.3,64.1,11.2,313.0,6.0,7.4,68.1,Intermediate,Evening,Cognitive,81.9
17.6,29.9,61.4,14.5,265.9,5.2,6.4,145.1,Beginner,Afternoon,Analytical,76.8
13.7,24.9,75.1,17.7,220.0,1.7,8.9,118.7,Expert,Afternoon,Cognitive,92.6
20.0,25.4,46.1,18.2,216.4,5.0,7.4,,Intermediate,Morning,Creative,69.4
16.8,37.5,57.7,17.3,309.8,1.5,7.5,134.7,Beginner,Evening,Creative,64.0
15.9,24.0,69.2,19.0,345.3,7.7,7.0,122.6,Intermediate,Morning,Analytical,84.1
15.9,23.0,68.1,15.1,362.2,4.1,9.4,168.4,Intermediate,Afternoon,Creative,79.2
16.9,32.1,59.6,20.2,332.2,2.3,9.2,,Expert,Evening,Analytical,82.8
17.0,29.8,73.9,17.1,283.9,4.1,6.7,132.4,Expert,Afternoon,Creative,89.5
23.8,22.1,62.3,18.2,352.7,4.3,7.4,128.9,Intermediate,Afternoon,Cognitive,75.5
14.2,26.9,61.1,17.1,260.1,5.4,9.1,128.0,Intermediate,Afternoon,Creative,91.8
14.3,25.1,67.0,17.5,264.8,0.2,5.2,188.4,Intermediate,Morning,Analytical,81.5
,26.1,59.4,13.0,350.6,2.6,7.5,163.0,Intermediate,Evening,Cognitive,79.4
14.8,45.1,60.5,13.2,258.3,5.0,,63.7,Beginner,Morning,Analytical,95.7
22.5,28.2,52.1,14.4,281.7,5.6,9.2,112.5,Beginner,Afternoon,Cognitive,73.9
18.9,24.7,89.3,17.5,271.1,10.5,7.8,35.5,Intermediate,Morning,Cognitive,92.2
12.8,42.1,55.3,14.2,328.5,6.8,4.4,209.5,Beginner,Evening,Creative,74.5
15.1,35.3,67.3,15.1,349.4,2.6,6.4,78.2,Beginner,Morning,Creative,82.6
9.8,34.3,79.1,15.8,350.7,7.5,9.1,74.4,Intermediate,Afternoon,Cognitive,87.4
11.1,25.0,46.6,20.3,291.0,5.2,8.3,229.5,Beginner,Afternoon,Creative,64.6
15.6,37.1,66.1,17.8,311.6,6.7,5.4,84.2,Intermediate,Afternoon,Creative,78.3
13.0,34.9,60.2,11.6,356.8,4.9,5.5,63.0,Intermediate,Morning,Analytical,85.8
10.8,30.9,77.9,16.5,293.5,6.9,7.1,159.5,Expert,Afternoon,Creative,92.5
17.0,19.7,50.9,15.1,274.4,6.2,6.9,119.5,Intermediate,Morning,Cognitive,79.1
14.7,29.9,52.5,15.3,287.9,5.1,6.6,66.4,Beginner,Afternoon,Creative,78.5
8.7,40.4,59.5,16.0,289.6,3.1,6.4,140.2,Intermediate,Afternoon,Cognitive,83.3
6.7,31.3,55.1,19.4,321.5,3.1,6.1,157.6,Expert,Afternoon,Cognitive,80.3
12.7,27.7,55.4,13.6,318.7,2.1,10.4,171.8,Expert,Morning,Analytical,83.8
8.6,28.6,80.3,16.6,311.6,3.9,6.5,135.2,Intermediate,Evening,Cognitive,86.6
7.5,29.0,61.3,16.9,280.0,6.2,6.0,173.2,Beginner,Afternoon,Cognitive,83.2
19.5,25.2,52.2,15.3,273.4,5.2,7.8,170.8,Expert,Morning,Analytical,79.6
,29.8,56.1,14.1,352.5,2.4,6.8,92.2,Beginner,Afternoon,Cognitive,73.1
13.9,38.7,64.0,13.7,337.2,5.9,5.6,222.5,Intermediate,Evening,Analytical,75.0
14.2,38.0,63.4,14.7,298.3,1.6,6.6,159.1,Intermediate,Morning,Cognitive,91.2
,25.5,54.2,18.2,317.2,4.7,6.9,203.7,Beginner,Afternoon,Creative,67.2
16.6,37.7,43.7,14.9,380.6,6.8,,111.7,Beginner,Afternoon,Analytical,66.5
,34.6,59.5,15.7,316.4,1.6,7.5,170.8,Beginner,Morning,Analytical,74.5
12.0,33.8,59.2,12.5,319.7,4.3,5.5,136.3,Intermediate,Evening,Cognitive,73.4
12.6,32.6,53.5,14.6,396.4,2.6,7.9,178.2,Expert,Afternoon,Analytical,80.4
10.1,24.4,,16.7,373.5,7.3,,94.9,Beginner,Morning,Cognitive,88.7
13.4,27.6,65.7,11.0,288.0,8.5,,86.6,Expert,Evening,Analytical,88.2
14.0,35.0,61.3,19.1,373.5,5.1,5.8,194.0,Beginner,Afternoon,Analytical,62.7
13.3,22.8,56.4,14.2,311.5,5.8,6.7,,Intermediate,Evening,Creative,73.4
15.2,23.8,77.3,21.3,267.5,6.7,,179.0,Beginner,Afternoon,Cognitive,79.2
14.7,31.8,48.5,17.3,385.2,5.5,,35.3,Expert,Afternoon,Creative,86.0
15.9,25.3,,10.5,284.5,2.4,6.9,71.7,Intermediate,Evening,Analytical,76.9
18.8,34.9,55.5,16.8,294.5,3.1,4.9,88.6,Intermediate,Morning,Cognitive,77.1
17.4,25.5,63.0,15.0,300.9,3.1,8.5,197.9,Expert,Evening,Creative,77.1
18.8,31.5,66.6,16.9,421.8,0.5,5.5,195.6,Intermediate,Afternoon,Analytical,80.1
,32.0,46.6,20.9,272.4,6.0,9.0,125.3,Expert,Morning,Creative,83.5
13.0,27.1,53.2,18.1,289.9,1.5,8.8,148.9,Intermediate,Afternoon,Analytical,88.0
17.6,28.6,64.5,15.3,302.9,5.7,5.3,130.1,Expert,Morning,Analytical,92.3
17.7,25.9,53.3,11.8,683.9,2.5,7.5,110.8,Intermediate,Afternoon,Cognitive,56.5
12.3,29.9,56.0,18.6,316.5,3.6,9.0,123.6,Beginner,Afternoon,Cognitive,71.0
17.4,24.2,61.7,17.5,286.6,5.1,7.9,65.8,Intermediate,Evening,Cognitive,74.5
,28.7,50.2,19.5,351.2,7.1,4.5,97.1,Beginner,Morning,Analytical,74.5
16.9,34.5,62.8,15.6,387.8,5.7,6.9,106.5,Intermediate,Afternoon,Creative,79.7
14.9,23.2,66.1,16.9,238.8,3.8,8.3,219.0,Intermediate,Morning,Cognitive,90.2
9.5,27.1,60.4,15.3,285.9,3.9,9.5,129.5,Intermediate,Afternoon,Cognitive,84.5
13.3,33.1,74.3,16.3,345.6,1.6,6.8,95.6,Beginner,Afternoon,Cognitive,71.0
23.7,17.5,67.3,11.5,258.4,5.3,4.5,156.8,Beginner,Afternoon,Cognitive,69.9
15.8,41.1,59.6,17.0,312.3,3.8,10.3,80.4,Intermediate,Evening,Analytical,81.7
24.2,36.3,56.8,17.1,383.5,2.1,6.8,279.4,Expert,Evening,Creative,63.2
,20.8,77.5,14.5,351.1,5.6,9.2,145.8,Beginner,Morning,Analytical,82.5
18.0,17.4,53.4,17.8,346.1,6.8,,-28.3,Intermediate,Morning,Analytical,83.3
4.9,30.2,57.3,18.6,357.4,3.6,7.8,71.7,Intermediate,Afternoon,Analytical,83.0
15.0,23.3,55.9,20.2,336.2,2.9,6.0,228.1,Intermediate,Afternoon,Cognitive,74.8
17.5,35.8,64.0,12.9,303.1,2.8,6.0,128.9,Beginner,Morning,Creative,81.9
18.4,32.4,82.6,18.0,368.2,4.8,9.7,91.6,Intermediate,Afternoon,Analytical,78.5
11.8,30.7,,20.0,296.2,1.6,8.4,144.3,Beginner,Afternoon,Analytical,81.0
19.2,26.6,56.8,14.9,311.9,4.2,7.0,24.6,Expert,Afternoon,Analytical,88.0
12.9,39.6,61.9,20.2,237.2,3.2,8.4,,Beginner,Evening,Cognitive,73.8
14.3,34.5,46.9,13.8,296.1,5.0,6.0,35.6,Beginner,Afternoon,Cognitive,77.5
13.3,33.6,58.1,16.2,323.9,5.2,7.0,97.9,Beginner,Morning,Analytical,76.0
10.5,37.2,77.0,10.8,321.3,1.8,7.2,,Beginner,Morning,Cognitive,84.4
21.3,23.9,66.6,10.4,366.2,5.3,5.9,155.8,Intermediate,Evening,Creative,73.0
15.2,37.7,72.3,11.3,626.2,4.9,5.7,249.8,Beginner,Evening,Cognitive,61.1
19.3,28.4,,20.3,300.1,3.6,4.2,80.4,Beginner,Afternoon,Analytical,75.4
19.2,32.0,52.9,13.7,292.9,3.1,5.5,166.8,Intermediate,Afternoon,Creative,80.8
,29.1,,13.7,332.1,3.2,9.7,73.4,Beginner,Evening,Cognitive,74.8
19.9,18.7,,17.2,397.3,3.7,4.3,107.7,Beginner,Afternoon,Analytical,68.3
17.0,35.7,63.3,13.8,204.5,2.1,6.9,165.3,Expert,Evening,Creative,83.6
10.8,19.1,39.4,19.6,295.6,2.6,7.2,115.1,Intermediate,Evening,Creative,75.9
16.8,24.2,42.9,21.6,302.5,4.4,,174.9,Expert,Afternoon,Creative,76.1
10.9,27.3,69.4,9.3,213.4,2.9,8.3,108.0,Expert,Afternoon,Cognitive,98.3
21.4,18.3,53.1,17.6,313.8,5.8,6.6,201.5,Intermediate,Morning,Creative,78.6
18.3,23.4,72.4,9.8,302.3,3.7,8.4,145.0,Beginner,Morning,Cognitive,82.2
14.7,31.5,38.3,11.9,298.1,3.1,,67.1,Intermediate,Evening,Analytical,71.6
20.1,27.9,59.1,17.4,264.8,4.7,5.0,87.4,Expert,Evening,Cognitive,83.8
8.7,28.4,47.8,13.2,315.6,3.2,8.7,106.6,Intermediate,Afternoon,Cognitive,82.1
12.0,24.5,56.7,16.8,261.7,2.4,6.5,177.4,Intermediate,Afternoon,Analytical,81.9
14.0,30.3,,16.1,277.9,3.3,4.3,230.2,Beginner,Morning,Cognitive,68.8
23.9,28.0,77.9,11.1,310.0,-0.1,7.7,30.8,Expert,Morning,Cognitive,93.8
10.7,20.2,65.1,18.0,371.1,0.1,6.6,96.8,Intermediate,Afternoon,Analytical,78.9
,28.8,44.1,16.9,340.5,2.2,,193.6,Expert,Afternoon,Creative,82.7
9.2,22.5,47.9,16.1,350.7,1.6,8.6,116.7,Beginner,Afternoon,Analytical,82.1
18.6,35.4,61.6,14.1,418.1,5.3,5.6,110.7,Beginner,Morning,Creative,77.3
,27.7,,17.2,342.0,6.5,8.4,154.5,Beginner,Evening,Cognitive,67.9
14.4,45.1,66.6,12.1,267.7,4.6,,39.2,Intermediate,Afternoon,Analytical,92.2
18.1,35.8,76.8,13.0,291.9,0.2,4.5,156.4,Beginner,Evening,Creative,77.3
14.4,29.2,50.2,17.0,277.1,1.2,6.1,138.4,Beginner,Afternoon,Cognitive,78.9
15.8,33.5,51.0,19.1,313.2,4.7,5.0,131.8,Expert,Morning,Cognitive,77.2
17.1,17.5,48.2,14.6,299.4,3.7,7.0,184.8,Beginner,Evening,Cognitive,69.3
13.3,35.8,,17.4,272.9,0.3,9.9,115.9,Expert,Afternoon,Creative,86.7
14.3,25.1,60.5,16.6,366.2,2.3,7.1,122.4,Beginner,Afternoon,Creative,76.2
16.0,30.5,60.2,17.2,369.8,1.9,,130.8,Expert,Afternoon,Creative,87.4
18.5,25.6,69.0,13.9,329.0,6.9,5.5,-2.9,Intermediate,Morning,Cognitive,77.9
11.8,26.3,63.9,15.6,269.9,5.4,6.2,182.9,Expert,Afternoon,Creative,81.9
2.9,28.9,59.4,15.9,326.1,3.4,7.8,155.6,Expert,Evening,Analytical,86.3
17.7,30.5,60.4,20.5,289.4,4.5,6.9,152.4,Beginner,Morning,Creative,80.3
18.7,29.8,60.9,12.7,384.3,4.3,5.9,,Beginner,Morning,Creative,68.2
15.8,30.0,59.4,11.8,260.2,4.2,,201.5,Beginner,Evening,Cognitive,73.9
16.1,20.2,53.2,25.0,352.9,7.7,7.2,132.8,Intermediate,Morning,Analytical,71.3
12.7,44.0,48.0,16.9,351.8,6.8,10.1,107.1,Expert,Afternoon,Analytical,83.6
17.0,31.4,61.4,17.6,364.8,7.0,8.0,,Intermediate,Afternoon,Analytical,71.9
18.4,32.6,55.0,17.9,329.8,4.7,5.3,43.8,Intermediate,Afternoon,Creative,76.4
15.2,28.0,65.3,18.3,303.5,3.3,7.2,101.7,Beginner,Afternoon,Cognitive,84.3
,24.8,60.7,18.7,439.7,1.5,5.2,126.0,Expert,Morning,Creative,83.7
,30.9,60.1,18.3,276.1,2.0,10.0,84.6,Expert,Morning,Cognitive,89.1
15.7,31.7,69.8,19.4,355.9,6.0,5.5,106.2,Beginner,Afternoon,Analytical,73.1
10.3,37.8,46.0,16.5,320.9,1.5,8.7,65.7,Intermediate,Afternoon,Creative,77.5
18.5,42.5,77.7,19.2,337.1,3.6,8.4,176.7,Beginner,Afternoon,Cognitive,78.2
8.7,38.9,38.2,21.7,336.9,1.2,,102.9,Intermediate,Afternoon,Creative,77.1
9.7,19.4,74.5,16.6,265.9,3.8,7.5,190.7,Intermediate,Morning,Cognitive,98.2
12.5,27.2,62.0,17.4,252.9,1.9,7.4,104.3,Beginner,Morning,Analytical,87.6
16.1,32.0,54.8,14.3,256.1,5.3,8.2,141.7,Intermediate,Evening,Creative,77.5
,27.6,,15.5,297.7,3.5,7.3,148.1,Beginner,Afternoon,Analytical,80.9
12.7,29.7,,17.1,332.4,2.4,6.0,129.6,Intermediate,Morning,Creative,74.6
14.3,17.1,58.4,14.8,285.6,2.1,7.8,,Intermediate,Morning,Creative,82.8
14.0,35.5,61.9,16.3,248.2,4.3,7.8,,Beginner,Morning,Cognitive,91.8
20.9,18.7,74.5,17.0,365.9,4.1,5.6,-4.6,Intermediate,Morning,Cognitive,75.6
17.7,20.6,60.7,20.6,243.1,2.9,,,Intermediate,Evening,Cognitive,76.8
13.7,23.9,63.2,13.4,344.0,3.4,,-81.6,Beginner,Evening,Analytical,78.1
23.4,29.4,63.5,17.3,282.4,3.0,7.6,170.5,Beginner,Evening,Analytical,74.7
17.0,20.3,56.7,14.2,380.9,-0.4,7.6,126.5,Intermediate,Evening,Creative,64.1
11.1,23.6,58.1,18.3,293.7,3.9,9.0,15.8,Expert,Evening,Cognitive,78.4
16.0,36.9,58.9,18.5,232.0,0.9,8.3,135.6,Beginner,Afternoon,Analytical,83.0
17.1,29.3,66.3,21.0,318.0,2.2,,53.6,Beginner,Morning,Creative,81.7
12.2,32.6,50.9,14.7,278.0,4.6,8.2,145.9,Beginner,Evening,Analytical,68.0
10.8,22.6,54.9,16.4,360.5,3.5,7.2,116.5,Intermediate,Morning,Creative,86.2
15.3,29.7,63.6,18.4,336.5,7.1,5.2,133.8,Beginner,Morning,Cognitive,84.2
13.6,29.2,49.2,18.0,288.5,2.4,9.3,97.9,Beginner,Morning,Creative,73.1
,25.2,61.1,8.5,269.9,3.2,,199.8,Intermediate,Afternoon,Creative,82.5
18.0,29.7,54.5,13.9,265.1,4.3,6.1,59.1,Intermediate,Morning,Cognitive,84.0
12.4,18.6,65.1,17.7,290.7,3.9,8.0,79.5,Beginner,Morning,Cognitive,81.8
16.7,32.6,73.7,15.4,805.7,6.1,4.2,187.1,Intermediate,Afternoon,Creative,54.6
20.1,27.6,54.6,18.4,312.8,5.3,5.9,113.9,Intermediate,Evening,Analytical,65.7
9.4,28.5,,19.1,367.4,6.8,6.1,52.1,Beginner,Afternoon,Cognitive,81.1
10.9,35.1,62.0,15.4,246.0,0.8,6.0,0.3,Beginner,Evening,Creative,78.0
15.0,32.6,56.2,17.8,224.0,5.6,9.9,141.3,Expert,Morning,Cognitive,100.0
15.1,28.1,60.1,20.4,272.7,2.0,6.9,139.7,Beginner,Morning,Cognitive,69.0
14.8,23.3,,19.1,352.9,4.9,6.0,222.2,Intermediate,Afternoon,Analytical,82.5
13.8,38.0,58.3,13.7,305.6,3.5,6.9,195.1,Expert,Afternoon,Cognitive,78.3
13.7,22.0,73.1,15.4,364.5,2.6,8.3,124.0,Beginner,Afternoon,Creative,75.6
,33.8,58.8,16.1,383.2,6.3,4.1,79.5,Beginner,Evening,Creative,59.2
19.5,20.4,45.9,13.2,419.2,0.6,,293.2,Intermediate,Evening,Cognitive,60.1
13.1,35.5,58.5,19.2,361.7,7.6,6.3,69.1,Expert,Evening,Cognitive,77.6
24.8,36.1,45.1,14.1,389.4,5.3,7.4,173.6,Expert,Afternoon,Analytical,74.6
22.8,18.5,56.8,15.7,371.7,4.3,5.3,33.9,Intermediate,Morning,Analytical,78.7
20.3,32.7,56.4,19.2,240.3,3.7,6.7,238.0,Beginner,Afternoon,Analytical,69.9
,32.2,78.2,14.6,227.3,3.3,6.8,55.9,Intermediate,Morning,Creative,90.9
23.0,34.2,76.1,15.0,297.6,4.9,5.1,60.6,Intermediate,Morning,Analytical,92.0
13.8,32.2,60.9,17.0,299.5,1.2,9.8,5.6,Intermediate,Morning,Creative,88.1
11.7,24.2,72.1,14.8,362.1,-2.1,7.6,96.2,Beginner,Afternoon,Analytical,86.8
12.9,28.7,,20.6,271.6,4.2,8.4,146.2,Beginner,Morning,Creative,83.2
11.0,40.0,45.7,13.3,340.8,2.5,6.5,84.1,Intermediate,Morning,Cognitive,77.9
15.5,23.4,65.3,9.1,265.8,2.2,7.3,66.7,Intermediate,Afternoon,Creative,79.7
16.2,31.9,63.6,18.5,337.3,0.8,5.2,33.1,Beginner,Afternoon,Cognitive,81.2
15.8,36.9,50.6,14.9,297.1,6.4,6.0,136.8,Beginner,Afternoon,Creative,69.9
,24.1,51.1,13.6,337.9,7.6,5.7,,Expert,Afternoon,Creative,75.7
15.5,21.5,69.4,17.2,301.8,3.9,7.4,129.8,Intermediate,Morning,Cognitive,84.6
21.9,22.4,43.2,17.3,209.6,3.7,9.6,161.5,Beginner,Morning,Creative,68.2
,32.4,65.6,13.7,345.4,4.8,8.4,47.1,Beginner,Morning,Creative,88.7
18.7,22.4,56.9,19.6,378.5,4.7,9.7,82.0,Beginner,Evening,Analytical,67.6
,29.2,65.6,18.6,278.2,3.0,8.2,108.0,Expert,Afternoon,Cognitive,89.6
8.5,38.2,69.9,21.9,360.5,6.4,7.6,196.7,Intermediate,Morning,Cognitive,77.3
,29.7,51.3,14.6,289.3,6.3,5.6,196.3,Intermediate,Morning,Analytical,74.8
23.3,25.3,,16.5,252.5,5.5,7.5,167.6,Intermediate,Evening,Analytical,75.9
12.9,30.8,74.7,16.7,289.4,7.6,6.3,166.1,Beginner,Afternoon,Cognitive,74.8
12.5,29.6,59.4,15.0,310.8,5.5,8.2,72.7,Expert,Evening,Cognitive,88.4
16.0,32.7,,17.2,254.0,2.7,5.0,126.2,Intermediate,Morning,Cognitive,91.2
17.2,39.7,69.1,17.4,387.5,4.2,6.8,20.0,Beginner,Morning,Analytical,76.3
17.7,32.4,50.4,17.4,243.5,5.9,,166.1,Beginner,Evening,Analytical,72.5
22.1,42.2,69.0,15.0,292.9,1.9,9.7,105.0,Intermediate,Afternoon,Creative,82.8
21.0,32.7,66.4,15.4,273.9,3.5,5.5,242.5,Expert,Afternoon,Analytical,92.0
11.8,25.4,74.7,14.3,387.7,0.8,8.8,135.7,Beginner,Afternoon,Creative,73.8
18.9,43.7,74.5,13.7,244.6,8.0,8.2,74.7,Expert,Afternoon,Creative,81.5
13.5,29.3,60.6,15.8,361.3,4.8,6.6,103.6,Intermediate,Afternoon,Analytical,78.9
14.4,23.7,67.5,20.5,329.9,5.2,7.6,82.1,Beginner,Morning,Analytical,81.1
10.6,43.9,60.4,22.1,257.6,1.0,6.6,85.1,Beginner,Afternoon,Analytical,80.6
8.2,25.6,61.5,19.9,302.4,6.2,7.0,,Beginner,Evening,Analytical,77.0
14.9,25.4,,14.6,310.9,4.6,8.1,60.8,Intermediate,Morning,Cognitive,74.7
11.2,26.7,57.8,17.2,349.2,0.4,10.8,116.5,Beginner,Afternoon,Analytical,76.7
18.7,31.0,42.1,9.9,287.8,4.9,8.4,1.6,Beginner,Afternoon,Creative,71.8
13.9,35.6,58.6,15.5,351.6,2.0,7.4,129.6,Intermediate,Evening,Creative,76.7
16.2,14.1,73.2,14.8,322.4,4.1,9.1,74.4,Intermediate,Afternoon,Cognitive,92.6
20.5,35.6,67.8,21.6,342.6,5.5,4.9,39.1,Beginner,Afternoon,Cognitive,64.3
9.1,26.7,61.1,16.8,275.9,4.4,6.4,163.4,Intermediate,Evening,Analytical,77.7
12.1,27.5,58.0,16.2,307.9,0.3,7.1,13.9,Intermediate,Evening,Cognitive,83.7
,40.3,54.6,15.8,325.5,4.5,5.4,157.5,Intermediate,Afternoon,Analytical,79.2
16.3,31.3,50.8,15.1,628.1,5.7,6.2,243.6,Expert,Afternoon,Analytical,67.5
19.4,32.7,68.2,17.6,318.0,3.6,4.5,66.5,Beginner,Morning,Cognitive,80.7
18.5,29.7,44.6,14.0,424.6,5.0,5.1,103.5,Expert,Afternoon,Cognitive,68.5
15.4,34.6,44.4,17.6,548.5,5.1,,214.9,Intermediate,Evening,Creative,57.1
16.2,39.7,69.0,20.3,356.4,-0.0,5.6,,Intermediate,Evening,Cognitive,77.4
16.3,15.1,62.1,16.3,332.3,6.5,7.6,,Intermediate,Morning,Cognitive,75.7
9.1,36.5,60.4,15.1,346.7,2.9,7.4,163.9,Intermediate,Afternoon,Cognitive,85.1
14.4,39.3,62.1,15.8,329.9,2.6,7.5,182.1,Beginner,Afternoon,Creative,63.4
16.0,33.0,80.1,19.6,410.9,2.6,6.2,189.0,Intermediate,Evening,Analytical,72.6
16.8,25.9,60.6,16.4,317.0,6.5,8.6,126.8,Intermediate,Afternoon,Creative,81.9
11.3,23.1,62.9,14.2,361.6,6.9,7.8,102.6,Intermediate,Afternoon,Cognitive,75.0
,44.2,80.6,18.4,424.3,4.9,,112.7,Beginner,Morning,Cognitive,84.0
14.1,24.6,59.4,13.9,352.7,3.0,7.3,99.5,Expert,Afternoon,Cognitive,79.6
,39.1,77.3,15.3,305.8,9.8,6.7,206.9,Intermediate,Morning,Analytical,83.0
11.7,32.3,38.9,16.7,283.3,4.0,9.0,74.5,Beginner,Evening,Creative,65.3
19.7,42.3,48.4,13.6,295.2,2.7,8.7,,Intermediate,Evening,Creative,68.1
21.3,28.1,53.3,10.6,339.6,6.0,6.5,91.1,Intermediate,Afternoon,Analytical,76.4
,20.4,,17.3,409.2,3.8,7.2,186.3,Intermediate,Afternoon,Creative,71.5
12.3,30.0,77.7,9.4,350.2,8.2,6.4,163.6,Intermediate,Evening,Analytical,72.4
17.1,21.1,54.1,13.2,300.7,2.3,10.7,117.6,Expert,Morning,Analytical,95.3
15.8,46.1,,18.3,304.8,3.6,6.6,,Beginner,Morning,Creative,67.1
11.6,33.8,,17.3,312.5,7.1,8.8,53.4,Intermediate,Evening,Creative,88.3
12.4,34.7,75.6,15.5,253.0,5.0,11.0,154.6,Expert,Evening,Analytical,92.1
16.8,34.7,56.0,13.3,297.1,3.4,7.5,176.8,Expert,Evening,Creative,83.4
,25.8,68.7,14.7,294.9,2.2,4.4,200.3,Intermediate,Morning,Analytical,75.5
13.7,29.2,63.4,17.7,458.9,1.7,9.3,100.5,Expert,Morning,Creative,87.0
14.7,30.7,53.4,15.6,366.3,1.4,6.2,252.0,Beginner,Morning,Creative,58.4
17.7,41.7,64.3,12.3,266.3,5.9,6.0,100.9,Expert,Morning,Creative,88.0
14.3,23.1,,13.4,241.5,5.6,9.7,93.0,Beginner,Evening,Creative,68.5
13.8,25.6,61.2,14.7,254.7,5.0,5.0,110.0,Beginner,Morning,Creative,72.8
12.0,27.8,46.2,17.1,390.7,1.8,,110.5,Beginner,Afternoon,Cognitive,70.7
11.9,26.0,42.4,16.3,252.5,3.4,6.7,34.0,Intermediate,Morning,Cognitive,74.2
25.7,21.2,57.1,12.3,400.5,4.7,4.2,52.1,Beginner,Afternoon,Creative,66.1
14.2,13.8,63.2,20.0,332.0,6.5,8.3,46.7,Beginner,Evening,Creative,73.4
20.5,19.0,48.7,13.8,307.7,4.7,3.6,134.1,Beginner,Morning,Creative,67.6
21.7,36.6,65.3,17.3,262.8,4.3,6.9,209.8,Beginner,Afternoon,Analytical,68.2
14.3,30.0,60.4,13.2,383.2,2.1,4.5,79.9,Intermediate,Morning,Cognitive,80.7
16.5,35.0,66.5,23.4,347.3,5.8,6.5,112.3,Intermediate,Morning,Analytical,91.3
15.4,26.5,69.5,20.0,365.0,3.4,8.0,71.5,Beginner,Afternoon,Cognitive,79.8
8.6,29.4,73.4,13.7,306.4,1.2,7.6,159.6,Intermediate,Afternoon,Cognitive,94.7
8.8,39.7,66.0,16.3,353.3,2.2,7.3,136.0,Expert,Afternoon,Creative,94.8
15.2,39.3,,12.9,394.1,5.4,8.5,175.4,Intermediate,Evening,Creative,56.2
13.3,35.7,61.9,14.9,349.8,5.4,7.0,59.7,Beginner,Afternoon,Analytical,76.5
22.6,31.2,83.3,17.3,267.2,-1.4,6.7,117.8,Intermediate,Morning,Analytical,85.5
14.1,33.1,69.9,18.5,346.0,3.8,7.4,106.0,Beginner,Afternoon,Creative,80.1
22.8,32.2,,12.3,357.7,1.4,6.0,109.8,Beginner,Morning,Creative,60.6
13.1,29.0,58.5,13.8,403.8,4.8,8.3,179.7,Beginner,Afternoon,Cognitive,77.7
22.6,27.6,54.0,18.8,349.2,5.2,7.1,85.8,Expert,Afternoon,Cognitive,71.5
17.0,36.7,48.1,20.0,375.1,1.9,8.1,93.0,Beginner,Morning,Creative,73.2
17.3,22.2,77.1,13.7,350.8,4.0,,72.5,Beginner,Evening,Cognitive,78.5
13.0,38.9,64.8,18.9,252.3,5.7,7.7,249.5,Beginner,Evening,Analytical,75.6
17.3,28.3,47.3,12.3,361.5,6.0,8.0,62.8,Expert,Evening,Cognitive,70.7
21.8,22.1,58.7,15.1,326.0,2.3,4.0,155.7,Intermediate,Morning,Creative,75.3
14.4,26.7,72.7,12.6,750.1,6.2,4.8,60.5,Beginner,Afternoon,Cognitive,66.5
13.6,24.8,55.5,14.8,248.0,4.5,6.2,147.8,Intermediate,Evening,Creative,78.8
,26.5,51.9,21.7,263.4,3.0,,51.1,Intermediate,Morning,Cognitive,91.4
,26.4,63.6,15.8,356.3,3.8,8.9,129.1,Intermediate,Evening,Analytical,79.1
18.4,26.2,66.6,15.2,395.6,5.6,7.7,138.7,Beginner,Morning,Analytical,77.7
20.8,28.2,55.5,14.3,314.0,5.6,7.8,,Expert,Morning,Creative,79.2
16.3,29.6,54.0,15.1,314.3,5.8,,162.4,Beginner,Evening,Creative,65.9
15.2,34.6,64.6,13.6,330.4,2.7,9.1,147.9,Intermediate,Evening,Creative,86.9
16.7,28.5,48.8,16.4,295.8,4.4,5.5,79.0,Beginner,Evening,Cognitive,68.0
19.3,32.0,54.6,15.9,369.4,3.5,8.8,,Beginner,Evening,Cognitive,67.8
14.0,30.0,58.8,14.6,295.9,4.4,7.2,133.6,Beginner,Morning,Cognitive,86.2
20.5,33.2,67.4,14.4,355.0,3.0,6.2,177.4,Intermediate,Morning,Analytical,85.7
16.5,30.3,55.7,16.5,253.8,7.2,6.6,32.9,Beginner,Evening,Creative,75.3
5.4,26.1,65.6,13.8,405.9,4.0,6.1,126.7,Intermediate,Morning,Cognitive,82.2
18.5,24.5,71.7,15.3,214.0,3.7,7.2,125.7,Beginner,Afternoon,Analytical,88.8
9.9,31.3,54.9,14.6,266.8,4.9,6.9,97.7,Intermediate,Afternoon,Creative,84.4
18.4,37.6,92.2,9.4,432.7,6.2,8.9,183.6,Expert,Morning,Analytical,84.9
18.6,28.6,74.2,18.6,325.1,4.1,9.9,77.4,Intermediate,Morning,Creative,83.0
16.3,25.8,62.7,10.5,287.0,3.4,6.4,162.7,Intermediate,Afternoon,Cognitive,77.4
17.2,28.5,58.2,10.7,256.1,5.8,5.1,76.6,Intermediate,Evening,Analytical,77.9
19.4,26.6,54.4,18.7,298.2,7.5,8.0,199.6,Beginner,Afternoon,Analytical,78.7
13.0,26.0,76.6,12.7,334.5,6.8,8.4,144.3,Expert,Afternoon,Analytical,82.2
18.2,21.3,62.1,9.8,344.3,2.0,7.6,26.6,Beginner,Afternoon,Creative,67.8
19.7,28.5,45.6,20.0,336.1,5.5,4.7,188.2,Intermediate,Morning,Creative,67.8
22.0,31.4,42.9,14.1,230.7,3.9,,153.7,Intermediate,Morning,Analytical,85.0
10.6,23.5,61.1,19.6,326.9,6.5,7.2,125.5,Beginner,Afternoon,Creative,66.0
16.6,24.7,61.3,13.3,336.9,7.7,6.1,81.6,Beginner,Morning,Analytical,73.8
11.2,24.3,50.8,11.1,337.4,-0.7,5.5,68.8,Intermediate,Morning,Cognitive,88.9
11.0,21.7,44.9,15.0,321.5,4.0,10.2,,Expert,Afternoon,Analytical,86.5
16.4,24.3,40.4,12.4,258.6,3.1,5.5,27.5,Expert,Afternoon,Analytical,87.4
15.3,28.8,52.4,17.2,273.9,2.6,8.8,79.4,Intermediate,Morning,Creative,80.8
19.6,21.9,56.4,18.0,380.7,2.2,7.6,161.9,Intermediate,Afternoon,Creative,76.0
13.6,29.2,66.9,18.8,281.2,3.1,7.9,35.6,Expert,Afternoon,Creative,88.6
14.5,25.8,58.7,15.1,283.9,3.4,8.7,38.3,Beginner,Morning,Cognitive,77.9
15.8,24.4,70.6,20.1,305.2,3.3,6.0,151.3,Beginner,Evening,Cognitive,73.1
11.6,32.3,66.1,13.2,259.2,-0.0,6.6,104.0,Intermediate,Morning,Cognitive,81.8
12.1,26.2,65.1,16.4,351.7,4.3,7.7,,Expert,Evening,Creative,85.2
19.5,27.2,69.8,15.6,256.6,6.1,4.2,101.7,Expert,Morning,Analytical,91.3
12.8,37.8,46.1,21.9,374.2,2.9,9.5,26.9,Intermediate,Evening,Analytical,70.1
19.7,24.5,54.6,19.6,252.8,0.7,7.2,188.0,Beginner,Morning,Analytical,76.6
17.4,39.4,84.0,16.1,306.0,4.2,5.6,40.2,Intermediate,Evening,Creative,78.7
8.8,27.9,40.9,16.6,337.2,6.1,,59.4,Beginner,Afternoon,Creative,71.3
17.1,23.2,57.0,20.6,359.5,4.3,7.1,99.9,Beginner,Afternoon,Cognitive,73.9
17.1,26.7,64.8,13.7,308.7,2.5,5.9,129.8,Intermediate,Afternoon,Creative,76.8
16.7,30.4,41.2,9.9,284.9,1.9,8.4,142.9,Beginner,Morning,Analytical,73.9
,37.5,,13.1,391.0,5.4,3.5,177.6,Expert,Evening,Cognitive,65.3
11.2,34.8,80.0,14.8,329.1,3.5,7.6,-34.5,Intermediate,Morning,Cognitive,98.0
20.4,30.4,61.7,20.1,311.5,3.0,9.0,63.5,Intermediate,Evening,Creative,82.6
,37.6,54.3,19.1,229.1,2.8,5.8,183.5,Beginner,Morning,Cognitive,73.7
11.5,18.7,62.1,15.9,329.6,4.4,5.1,66.3,Beginner,Afternoon,Cognitive,81.4
16.8,31.5,54.2,17.4,319.8,4.2,7.6,116.9,Beginner,Afternoon,Creative,76.0
12.0,31.9,77.1,13.9,252.2,4.1,6.0,200.8,Expert,Afternoon,Cognitive,89.4
11.2,31.9,50.1,22.3,280.9,2.1,10.4,109.7,Expert,Morning,Analytical,93.3
13.5,20.3,54.8,19.6,324.7,1.9,6.2,104.3,Intermediate,Evening,Creative,79.4
,23.9,45.1,16.2,343.4,2.7,6.7,110.4,Beginner,Evening,Analytical,78.2
,29.0,57.0,15.8,269.1,4.6,7.8,197.3,Expert,Evening,Analytical,80.8
18.2,36.7,58.3,18.1,269.6,5.1,4.3,23.8,Beginner,Afternoon,Analytical,71.0
14.5,41.5,72.0,15.8,325.8,6.9,7.1,227.2,Beginner,Afternoon,Analytical,77.3
,26.0,49.8,10.5,277.9,2.3,8.7,106.4,Intermediate,Afternoon,Cognitive,70.9
11.6,22.1,64.8,20.6,310.0,5.5,6.9,99.5,Expert,Morning,Cognitive,86.0
8.1,34.9,,19.5,408.8,0.6,5.3,71.3,Beginner,Evening,Creative,74.7
15.6,45.7,41.1,17.1,317.9,4.7,6.3,51.9,Beginner,Morning,Creative,69.9
,36.6,52.7,14.7,371.1,1.0,4.1,-20.3,Expert,Afternoon,Analytical,79.9
,25.5,52.3,16.0,257.7,1.5,6.6,193.1,Beginner,Afternoon,Analytical,80.1
27.9,47.2,76.8,8.1,281.6,5.5,8.7,-13.0,Beginner,Afternoon,Creative,77.6
16.3,34.1,65.5,12.7,516.9,4.3,6.1,201.9,Intermediate,Evening,Creative,62.2
15.9,25.3,61.4,21.3,264.8,3.4,8.0,93.5,Expert,Afternoon,Creative,83.9
6.4,41.6,17.0,17.6,231.6,1.2,4.8,137.6,Intermediate,Afternoon,Creative,64.3
16.7,24.8,40.9,10.2,329.7,4.7,,0.2,Expert,Evening,Analytical,89.2
,26.3,67.3,13.5,339.3,4.2,8.7,70.4,Intermediate,Afternoon,Creative,76.2
13.4,34.4,,10.2,272.7,5.4,6.3,148.5,Beginner,Morning,Cognitive,75.8
14.5,29.9,52.6,13.7,282.7,0.5,5.0,131.1,Expert,Morning,Analytical,94.2
14.7,30.2,60.3,15.5,323.9,5.2,6.2,,Intermediate,Morning,Cognitive,76.9
14.3,30.2,59.6,20.8,321.0,2.9,,126.2,Beginner,Afternoon,Creative,74.7
23.4,36.7,61.7,18.4,371.7,4.6,8.6,223.4,Intermediate,Evening,Cognitive,73.1
13.5,16.1,56.3,15.1,376.7,3.9,3.8,185.3,Beginner,Morning,Creative,65.1
15.7,31.7,68.2,15.2,286.6,2.3,8.8,178.3,Beginner,Afternoon,Cognitive,79.8
13.4,28.3,71.1,13.6,316.6,3.2,7.4,,Beginner,Evening,Analytical,82.6
18.1,25.5,50.4,19.3,270.0,2.2,5.3,130.9,Intermediate,Evening,Cognitive,81.8
15.7,25.5,48.1,19.6,395.1,2.9,,,Expert,Afternoon,Analytical,77.2
13.9,14.2,52.0,12.0,333.3,2.2,7.2,123.3,Intermediate,Morning,Cognitive,78.0
7.3,25.2,60.5,10.8,369.7,4.8,7.3,238.0,Expert,Morning,Cognitive,88.7
16.0,37.7,63.6,15.0,301.8,2.3,6.1,175.2,Beginner,Morning,Analytical,74.4
13.8,35.0,67.9,15.4,371.0,5.1,8.4,98.5,Beginner,Morning,Analytical,82.5
14.8,28.9,69.7,16.8,357.2,10.5,10.1,-5.7,Beginner,Morning,Creative,84.1
10.3,21.5,63.6,11.0,383.9,3.5,6.4,165.4,Beginner,Afternoon,Analytical,79.0
20.7,34.9,62.3,13.9,252.8,0.8,5.9,176.2,Beginner,Morning,Analytical,78.2
18.4,37.9,76.5,15.8,323.7,8.2,9.6,87.4,Intermediate,Morning,Creative,83.2
20.7,36.2,60.1,13.7,374.9,4.7,6.7,79.9,Expert,Morning,Analytical,91.1
19.6,24.2,65.9,18.6,273.2,3.7,8.0,3.1,Expert,Afternoon,Analytical,90.8
17.4,24.8,63.2,21.6,346.1,3.3,6.1,195.4,Beginner,Afternoon,Cognitive,76.0
10.4,39.9,58.3,14.4,348.6,1.9,8.7,95.1,Expert,Afternoon,Creative,84.9
22.4,22.7,58.3,18.7,355.1,3.3,5.1,135.6,Beginner,Morning,Creative,65.8
11.3,32.9,73.2,14.9,336.7,2.4,7.2,54.1,Beginner,Afternoon,Cognitive,77.7
13.9,19.3,59.1,13.2,350.9,2.5,7.4,33.1,Expert,Morning,Creative,88.7
17.8,28.2,56.5,13.9,341.6,5.2,6.7,209.7,Intermediate,Morning,Cognitive,82.4
18.0,33.5,52.6,18.3,379.2,5.9,6.0,96.6,Beginner,Evening,Analytical,66.1
,29.8,64.2,14.1,284.1,3.5,9.7,,Intermediate,Evening,Creative,80.1
13.4,33.1,54.9,14.7,337.0,5.0,8.2,294.1,Beginner,Afternoon,Analytical,70.0
12.6,22.6,63.3,12.6,380.9,8.2,,,Intermediate,Evening,Creative,71.0
25.1,25.1,61.8,17.9,280.8,2.3,4.2,76.7,Intermediate,Afternoon,Analytical,90.9
14.8,32.9,55.7,17.4,285.4,0.7,9.2,164.2,Expert,Morning,Creative,97.2
14.4,34.2,46.0,20.4,346.2,5.7,5.6,,Beginner,Evening,Creative,63.8
12.1,31.3,49.7,17.8,389.1,2.5,7.1,100.9,Beginner,Morning,Analytical,69.1
16.0,35.7,51.3,17.2,313.3,2.9,7.1,69.7,Intermediate,Afternoon,Cognitive,80.6
15.8,20.1,50.0,17.7,324.8,4.2,7.4,145.1,Intermediate,Morning,Creative,78.1
14.9,27.2,64.6,15.2,338.2,6.5,4.5,219.4,Beginner,Afternoon,Cognitive,67.1
16.5,40.9,81.3,16.3,295.7,4.3,6.5,18.4,Intermediate,Afternoon,Cognitive,95.6
22.1,37.7,54.9,18.8,429.7,-0.2,7.0,231.4,Expert,Afternoon,Cognitive,75.8
12.6,33.8,56.2,13.5,273.8,4.7,6.9,165.0,Expert,Morning,Cognitive,89.2
15.2,29.1,54.2,21.1,324.5,4.5,8.1,60.0,Expert,Morning,Cognitive,84.8
12.4,36.2,68.6,17.9,325.3,2.3,7.2,61.2,Expert,Morning,Cognitive,96.5
16.2,32.6,64.3,22.1,210.6,0.6,,,Intermediate,Evening,Creative,76.2
12.7,20.9,59.8,12.5,277.9,3.2,6.1,68.0,Expert,Evening,Cognitive,84.8
12.9,36.0,47.9,12.5,252.4,-0.6,9.6,69.9,Beginner,Afternoon,Creative,71.6
9.2,24.8,50.3,17.1,356.0,0.4,6.6,11.2,Beginner,Morning,Creative,73.0
15.4,34.6,61.8,16.4,235.3,1.3,7.5,108.3,Beginner,Evening,Creative,66.8
16.7,20.3,62.2,14.6,367.1,1.5,7.2,164.8,Intermediate,Morning,Analytical,70.2
22.4,39.6,59.8,12.2,261.0,5.8,7.7,85.5,Beginner,Morning,Cognitive,78.7
16.9,28.4,66.6,15.2,368.1,3.7,8.8,137.8,Expert,Afternoon,Analytical,86.4
13.2,23.3,,16.7,250.2,4.7,5.7,187.5,Beginner,Evening,Cognitive,77.1
9.6,25.9,63.0,12.1,341.2,4.4,8.2,30.3,Beginner,Morning,Analytical,86.5
10.1,28.0,62.5,14.8,366.8,0.9,8.1,79.9,Intermediate,Morning,Creative,74.8
9.8,30.0,50.4,17.1,348.7,2.9,7.3,29.7,Beginner,Afternoon,Analytical,80.7
22.5,37.9,54.0,18.4,258.9,3.5,7.3,35.9,Beginner,Morning,Creative,81.1
16.2,30.4,66.9,15.1,376.5,3.7,5.3,201.7,Beginner,Afternoon,Analytical,68.4
12.7,17.0,48.6,13.6,347.3,5.0,,89.7,Intermediate,Afternoon,Cognitive,90.6
11.2,22.6,84.6,16.3,202.1,5.9,4.1,147.8,Intermediate,Afternoon,Cognitive,95.0
11.6,46.5,65.6,15.4,325.5,4.7,6.5,129.9,Intermediate,Morning,Analytical,83.6
12.6,30.8,59.4,11.6,461.7,7.5,,162.5,Intermediate,Morning,Analytical,78.1
20.3,35.7,57.5,14.6,375.8,4.9,4.9,128.9,Intermediate,Evening,Cognitive,77.3
14.9,28.1,67.9,14.2,295.0,2.9,7.4,126.4,Beginner,Evening,Analytical,77.6
9.2,24.0,55.9,16.1,347.2,6.6,,31.0,Beginner,Morning,Analytical,80.9
24.2,27.1,,13.8,300.4,1.6,7.3,122.1,Intermediate,Morning,Cognitive,73.7
10.4,30.8,74.5,14.4,370.7,5.1,7.0,121.4,Beginner,Morning,Creative,80.1
12.6,27.2,55.3,15.5,279.3,3.7,6.2,63.5,Beginner,Afternoon,Cognitive,81.7
20.2,41.5,61.4,17.9,380.4,2.3,7.6,-4.1,Intermediate,Afternoon,Cognitive,79.5
16.7,26.3,52.4,16.3,366.0,4.4,5.5,134.7,Intermediate,Afternoon,Analytical,71.7
,23.7,62.6,24.0,352.1,3.4,3.4,193.5,Beginner,Afternoon,Cognitive,70.6
10.1,34.9,65.8,12.2,423.5,0.3,,13.8,Beginner,Afternoon,Cognitive,78.0
11.1,35.6,76.8,18.7,370.3,4.4,8.4,109.9,Expert,Evening,Analytical,90.9
11.4,30.2,50.6,15.8,371.1,1.9,5.4,-14.0,Expert,Morning,Analytical,83.0
15.0,26.4,45.5,11.8,376.3,4.2,4.8,159.0,Intermediate,Morning,Creative,76.9
15.8,18.6,57.3,14.9,355.7,3.7,7.2,191.1,Intermediate,Morning,Cognitive,76.1
14.4,37.3,53.8,11.5,343.2,4.9,7.1,114.1,Intermediate,Evening,Creative,67.9
14.8,35.2,59.8,16.2,286.1,-0.5,8.2,157.5,Expert,Evening,Creative,73.8
10.8,27.4,65.2,15.1,286.8,2.0,6.5,123.8,Expert,Afternoon,Creative,80.3
16.2,30.4,82.7,13.9,341.6,4.2,8.7,61.8,Beginner,Morning,Creative,86.3
20.1,28.6,55.5,12.8,350.5,9.8,6.7,111.9,Expert,Morning,Cognitive,76.9
14.3,39.8,37.9,19.1,666.6,4.3,8.8,217.8,Beginner,Morning,Cognitive,49.5
14.3,23.8,57.6,15.5,295.9,3.1,6.7,111.3,Beginner,Afternoon,Cognitive,76.7
15.3,26.3,63.5,16.6,313.2,5.7,5.7,142.3,Intermediate,Morning,Creative,71.1
19.5,25.7,50.3,16.5,317.4,2.8,,128.0,Intermediate,Morning,Analytical,70.2
11.4,31.9,62.3,16.3,333.8,4.9,,108.3,Expert,Afternoon,Cognitive,88.3
20.8,30.3,61.4,15.0,308.9,4.1,7.5,,Beginner,Morning,Creative,77.9
16.7,31.2,62.6,20.6,378.3,6.1,7.1,150.0,Intermediate,Afternoon,Creative,75.2
15.1,24.7,67.9,22.7,314.5,5.3,5.4,145.8,Expert,Morning,Creative,89.3
19.9,38.9,59.2,20.3,287.8,3.0,6.9,130.6,Expert,Evening,Creative,84.6
10.3,27.3,65.5,16.1,316.0,1.0,6.0,70.2,Beginner,Afternoon,Creative,86.2
17.1,37.1,42.0,15.9,264.9,1.9,6.0,,Beginner,Evening,Creative,70.2
,48.8,50.4,19.3,420.7,4.6,8.5,160.5,Intermediate,Afternoon,Cognitive,66.0
11.3,24.8,56.6,13.7,352.8,3.9,5.9,66.5,Beginner,Evening,Analytical,70.1
,32.1,49.9,21.1,319.4,4.1,5.8,99.7,Expert,Evening,Cognitive,73.7
16.1,29.2,60.1,18.4,390.8,4.5,7.5,26.7,Expert,Afternoon,Cognitive,85.2
14.3,42.2,56.6,15.2,309.7,2.4,5.6,146.6,Beginner,Evening,Creative,63.0
18.5,28.3,55.4,16.8,318.3,3.8,6.2,45.6,Beginner,Morning,Cognitive,66.6
12.7,31.5,68.8,17.9,284.8,4.0,9.9,42.5,Beginner,Afternoon,Analytical,90.6
16.1,31.4,60.8,14.7,535.5,1.1,6.7,95.4,Expert,Morning,Analytical,71.3
14.5,29.4,49.2,19.1,330.5,2.8,,145.7,Beginner,Afternoon,Creative,62.7
12.5,34.5,54.0,19.8,373.2,4.8,10.8,107.0,Intermediate,Afternoon,Analytical,83.6
17.0,30.6,,15.2,276.1,5.4,7.3,82.0,Intermediate,Evening,Creative,74.8
14.2,32.9,62.0,14.6,308.0,2.4,7.8,219.2,Intermediate,Morning,Analytical,84.3
9.1,31.3,72.0,15.7,309.8,5.0,7.5,151.3,Beginner,Afternoon,Analytical,78.9
,26.4,68.5,12.5,358.6,2.8,6.5,0.5,Beginner,Morning,Cognitive,82.6
18.2,28.4,56.1,11.0,298.4,2.2,7.2,67.6,Expert,Afternoon,Analytical,87.4
10.1,33.3,74.4,14.7,357.7,7.8,6.7,1.3,Expert,Morning,Creative,85.1
16.1,33.3,75.2,13.1,355.8,3.2,5.6,91.3,Intermediate,Evening,Analytical,82.8
15.2,37.5,42.1,21.3,562.2,1.1,8.2,282.1,Beginner,Morning,Analytical,66.2
13.5,41.2,60.3,14.6,305.3,3.1,4.3,134.9,Beginner,Morning,Cognitive,73.8
22.8,26.9,54.5,17.4,324.0,3.5,7.0,106.0,Intermediate,Evening,Creative,72.4
15.7,30.8,57.4,14.1,298.2,5.8,6.6,91.7,Beginner,Afternoon,Creative,68.2
18.0,28.8,51.8,21.3,275.3,3.3,5.4,139.2,Expert,Morning,Creative,84.3
16.1,23.4,50.6,15.4,394.1,4.8,7.9,18.3,Intermediate,Afternoon,Cognitive,75.2
14.1,33.4,69.0,12.3,230.9,6.1,5.5,112.8,Beginner,Morning,Analytical,84.1
14.9,34.7,48.3,18.0,331.6,2.8,6.4,130.1,Expert,Evening,Creative,76.9
20.8,23.5,60.9,16.8,388.2,4.6,8.1,43.6,Expert,Afternoon,Analytical,79.8
19.4,27.8,46.5,19.6,279.7,3.9,4.1,66.7,Beginner,Morning,Analytical,77.2
22.8,27.2,72.7,15.5,321.3,4.5,8.6,238.0,Intermediate,Afternoon,Analytical,78.2
15.9,20.9,60.3,16.3,663.1,4.2,6.9,243.7,Beginner,Morning,Cognitive,60.3
,29.8,67.5,11.5,167.9,4.3,6.5,17.7,Beginner,Evening,Analytical,85.0
13.2,23.1,62.0,18.5,317.5,3.4,4.9,75.0,Beginner,Evening,Cognitive,71.5
10.2,31.0,57.5,16.2,241.4,4.1,7.1,118.3,Intermediate,Evening,Cognitive,83.9
18.1,31.6,60.7,15.6,781.7,3.5,7.0,407.5,Expert,Morning,Cognitive,53.1
12.7,32.4,75.1,15.3,280.4,8.7,7.8,,Intermediate,Morning,Creative,87.2
2.8,32.6,51.0,15.2,409.2,5.2,6.3,185.4,Beginner,Morning,Cognitive,65.7
24.9,39.2,34.5,18.5,272.3,4.0,5.5,143.9,Intermediate,Afternoon,Creative,69.1
12.7,25.1,52.1,13.2,342.5,3.3,7.5,60.9,Beginner,Afternoon,Cognitive,68.8
12.7,25.4,47.9,18.2,276.2,6.0,6.1,215.7,Expert,Afternoon,Cognitive,87.8
21.7,33.9,69.7,11.2,308.1,2.4,7.8,171.3,Intermediate,Evening,Cognitive,87.1
10.2,29.2,,10.3,319.8,1.4,5.5,196.5,Beginner,Morning,Cognitive,76.7
19.5,36.8,68.3,20.2,321.3,1.3,8.2,222.1,Beginner,Morning,Analytical,76.6
12.7,33.4,60.3,12.9,402.7,6.6,9.2,213.3,Intermediate,Morning,Analytical,79.1
,41.5,60.1,16.3,391.4,6.5,6.8,119.0,Beginner,Morning,Cognitive,75.3
21.8,29.5,61.6,15.2,282.5,4.3,9.0,136.4,Intermediate,Morning,Analytical,76.5
18.7,21.1,,17.0,322.1,2.9,8.1,131.6,Beginner,Afternoon,Creative,69.6
18.7,32.0,61.9,16.2,261.8,2.9,,175.7,Beginner,Morning,Analytical,72.1
16.5,29.6,71.1,19.1,250.4,8.1,7.0,139.9,Intermediate,Morning,Analytical,79.3
,33.2,70.5,11.7,286.7,3.8,6.2,128.7,Expert,Evening,Analytical,79.6
10.1,34.0,58.4,18.0,404.2,4.7,8.8,113.7,Expert,Morning,Cognitive,81.7
15.4,26.8,59.3,15.8,235.6,3.1,8.5,111.1,Beginner,Afternoon,Creative,80.3
11.3,23.9,56.2,11.4,348.8,4.2,5.4,138.1,Beginner,Morning,Cognitive,76.5
,29.1,72.8,14.4,343.0,4.8,7.2,197.9,Beginner,Afternoon,Creative,77.8
,15.7,,11.2,282.8,7.6,5.8,62.9,Intermediate,Evening,Cognitive,65.5
19.6,30.5,52.8,11.0,352.2,3.8,7.7,124.4,Intermediate,Morning,Analytical,79.8
13.5,27.6,57.2,14.7,352.0,5.0,8.1,140.7,Expert,Afternoon,Creative,77.0
14.2,35.2,48.5,19.6,318.1,3.3,4.7,219.4,Expert,Evening,Analytical,79.1
10.4,18.1,54.1,16.9,312.5,4.4,,94.1,Beginner,Afternoon,Creative,71.6
15.0,30.0,71.4,19.9,307.7,4.7,7.6,73.2,Intermediate,Morning,Creative,89.1
18.0,39.5,,16.2,277.8,3.6,7.1,210.6,Expert,Afternoon,Cognitive,88.8
18.2,34.1,55.8,20.6,328.3,4.5,9.7,150.6,Expert,Afternoon,Cognitive,79.3
17.2,35.9,68.0,20.3,294.7,2.6,4.6,94.6,Beginner,Evening,Analytical,75.7
12.5,32.0,80.8,13.2,328.1,5.0,9.0,183.3,Beginner,Morning,Analytical,79.8
12.4,20.0,63.1,16.2,289.5,4.1,5.7,7.4,Intermediate,Morning,Creative,84.3
,31.0,74.2,13.8,287.1,2.9,3.8,116.8,Beginner,Morning,Creative,83.3
18.2,32.5,,15.6,292.8,3.8,7.5,137.6,Beginner,Morning,Cognitive,78.2
14.3,23.5,57.1,21.0,383.5,6.6,6.8,,Beginner,Morning,Cognitive,66.7
13.3,29.2,62.0,14.1,251.1,3.8,7.1,70.4,Intermediate,Morning,Cognitive,78.7
19.7,12.6,65.3,12.4,408.6,4.9,7.8,69.4,Beginner,Morning,Cognitive,69.1
13.6,28.0,52.6,12.6,358.4,4.8,7.8,212.4,Beginner,Morning,Cognitive,75.3
18.0,27.4,33.9,14.8,241.8,5.2,6.2,121.0,Beginner,Evening,Creative,56.9
14.5,38.4,51.7,27.2,291.1,1.8,8.2,129.6,Expert,Morning,Creative,85.3
10.8,26.4,,20.4,238.9,1.9,4.0,76.3,Expert,Morning,Analytical,86.4
21.4,28.4,52.5,7.4,352.3,2.5,6.9,65.0,Intermediate,Morning,Creative,74.5
15.5,29.5,42.9,15.9,383.8,5.2,8.7,85.9,Intermediate,Evening,Cognitive,65.8
12.2,26.5,68.8,14.1,331.5,4.5,7.4,191.7,Expert,Evening,Creative,83.0
9.4,34.3,,19.0,381.0,4.4,7.1,82.7,Beginner,Evening,Creative,66.1
,18.0,65.4,12.5,719.9,3.8,6.5,204.2,Beginner,Morning,Creative,68.8
13.5,36.8,67.7,12.9,368.5,1.4,7.5,216.8,Beginner,Evening,Analytical,68.6
22.7,29.9,67.0,14.3,334.6,2.8,,248.2,Beginner,Afternoon,Analytical,73.0
12.7,37.8,41.3,13.9,320.7,4.4,7.9,,Beginner,Morning,Creative,67.4
20.8,13.5,71.2,18.0,358.7,3.7,6.2,-7.5,Expert,Afternoon,Creative,89.0
14.5,15.4,64.2,15.0,312.2,4.4,9.3,77.2,Intermediate,Evening,Cognitive,84.0
10.3,28.2,68.0,19.0,392.8,0.9,7.8,61.3,Intermediate,Evening,Analytical,79.8
13.1,33.0,78.3,13.6,304.2,4.0,9.7,148.6,Expert,Evening,Cognitive,83.9
9.9,26.7,67.9,18.6,348.4,-0.2,6.4,119.2,Beginner,Evening,Cognitive,75.9
11.6,33.5,48.2,12.5,284.7,1.4,8.8,112.2,Beginner,Morning,Creative,80.6
11.5,35.9,66.5,17.8,241.3,2.1,5.1,172.6,Intermediate,Afternoon,Creative,86.1
7.4,34.0,45.0,14.5,337.9,0.3,8.1,-7.7,Intermediate,Morning,Creative,82.3
21.1,30.6,59.4,18.7,229.8,2.4,6.8,82.9,Beginner,Evening,Cognitive,71.5
15.8,30.6,55.0,8.7,427.5,4.6,7.2,113.0,Intermediate,Morning,Cognitive,78.0
12.3,26.3,60.1,13.7,302.3,6.3,,181.9,Intermediate,Evening,Cognitive,74.3
15.9,29.7,44.9,19.5,316.1,2.9,8.1,116.5,Intermediate,Morning,Creative,70.4
11.7,23.9,46.1,15.4,304.5,2.7,8.3,144.7,Intermediate,Afternoon,Creative,82.5
4.3,25.3,55.5,10.9,327.0,3.8,7.5,100.5,Beginner,Morning,Creative,73.0
26.8,33.1,57.8,13.9,337.0,3.5,7.8,,Beginner,Morning,Cognitive,74.1
15.8,27.2,55.7,17.2,278.0,2.0,6.7,102.4,Intermediate,Evening,Cognitive,72.7
12.6,25.6,74.5,13.6,192.3,5.1,6.0,106.2,Beginner,Morning,Analytical,88.2
7.3,32.7,64.2,19.5,265.0,3.4,7.3,124.5,Expert,Afternoon,Creative,97.4
9.0,32.3,64.0,19.3,295.7,2.7,,206.8,Intermediate,Morning,Cognitive,85.1
21.6,28.7,56.2,18.0,334.0,2.9,7.6,144.9,Beginner,Afternoon,Analytical,76.4
21.0,29.1,46.1,19.1,329.2,8.7,8.3,107.7,Intermediate,Morning,Cognitive,76.6
18.0,32.5,60.0,14.5,357.7,5.5,7.9,152.7,Intermediate,Morning,Cognitive,72.1
10.5,35.8,78.1,20.5,237.9,3.3,6.1,130.9,Beginner,Evening,Creative,79.5
21.0,31.2,62.2,19.2,275.4,-0.9,3.9,155.2,Expert,Afternoon,Analytical,83.6
16.8,22.8,71.1,15.6,298.0,0.6,8.0,96.4,Expert,Morning,Cognitive,98.4
17.6,28.7,72.4,11.1,396.2,4.2,5.8,149.5,Intermediate,Afternoon,Analytical,87.7
16.8,27.6,65.6,8.9,456.0,3.4,5.1,150.6,Beginner,Morning,Analytical,71.3
9.0,23.7,62.2,19.0,252.6,1.7,8.4,34.8,Intermediate,Morning,Creative,86.9
10.2,33.0,50.1,11.2,374.6,3.7,5.0,96.9,Intermediate,Afternoon,Analytical,72.1
13.0,33.4,57.9,13.2,324.3,2.5,6.7,109.7,Beginner,Morning,Creative,83.0
17.6,34.4,56.4,17.4,347.8,2.7,9.7,100.5,Beginner,Afternoon,Creative,74.5
9.5,24.1,63.3,12.1,253.8,3.7,6.0,58.3,Expert,Afternoon,Creative,87.6
14.3,30.9,45.9,23.3,387.8,2.0,5.4,,Beginner,Evening,Analytical,69.9
,30.0,54.6,16.7,208.9,1.2,7.8,181.7,Intermediate,Evening,Cognitive,88.3
18.2,31.8,64.0,20.4,254.3,1.3,7.5,-10.0,Intermediate,Morning,Creative,85.3
17.7,30.8,53.0,19.1,306.5,3.2,4.5,238.7,Intermediate,Morning,Cognitive,69.1
11.0,29.9,50.8,8.4,290.3,0.8,7.1,105.8,Beginner,Morning,Analytical,75.3
20.8,29.2,52.1,18.2,321.3,8.4,8.8,80.0,Expert,Morning,Cognitive,83.2
10.3,36.6,57.3,16.0,285.8,5.9,9.1,,Beginner,Evening,Cognitive,72.9
19.4,24.8,36.2,15.8,302.2,5.4,6.6,,Intermediate,Evening,Creative,65.9
12.8,29.0,52.5,15.9,310.8,2.2,7.7,66.5,Intermediate,Afternoon,Creative,73.0
15.7,36.5,69.5,19.2,308.8,2.3,7.8,131.4,Intermediate,Afternoon,Creative,73.5
15.9,25.1,63.2,20.9,327.4,1.2,8.5,204.7,Expert,Morning,Analytical,85.5
15.8,25.4,64.2,12.4,364.8,7.7,6.9,27.0,Intermediate,Afternoon,Cognitive,86.6
17.7,34.4,41.7,16.2,282.3,6.7,8.9,141.5,Beginner,Evening,Analytical,56.1
16.6,21.5,55.9,20.2,387.4,5.3,5.9,,Expert,Afternoon,Analytical,83.5
18.1,34.0,58.8,15.4,322.5,3.8,8.2,65.6,Intermediate,Morning,Analytical,76.7
16.9,27.1,64.6,16.6,383.1,3.2,5.5,150.1,Beginner,Afternoon,Analytical,59.1
9.9,32.5,71.1,16.7,302.9,5.0,4.3,59.0,Beginner,Afternoon,Creative,84.1
,22.7,69.5,22.3,276.7,7.2,,212.6,Expert,Afternoon,Cognitive,84.3
12.7,37.1,54.1,18.2,324.0,5.3,11.4,165.3,Beginner,Afternoon,Creative,66.5
,22.7,54.4,22.2,448.2,1.8,7.5,149.7,Intermediate,Afternoon,Creative,72.0
13.8,34.3,,21.2,251.7,2.5,6.7,86.5,Intermediate,Afternoon,Analytical,92.9
15.7,22.9,56.4,15.3,353.9,4.9,8.9,,Beginner,Evening,Creative,67.2
16.0,40.8,49.2,16.9,328.9,2.3,6.3,92.6,Intermediate,Morning,Cognitive,75.1
19.2,29.6,57.9,22.2,340.2,3.1,4.4,135.0,Beginner,Evening,Analytical,70.1
20.2,41.7,73.5,12.6,259.7,7.0,8.4,135.0,Intermediate,Afternoon,Creative,93.5
16.3,25.1,51.0,18.3,342.9,3.4,9.3,70.9,Intermediate,Afternoon,Analytical,72.2
17.1,27.3,55.7,18.3,334.8,0.8,7.2,76.4,Intermediate,Evening,Cognitive,86.0
15.4,37.3,51.4,15.2,245.8,9.8,7.5,27.1,Intermediate,Afternoon,Analytical,79.9
18.1,21.4,69.6,14.9,326.6,6.2,6.1,256.8,Expert,Evening,Creative,79.4
16.9,25.8,62.9,15.3,307.9,3.9,6.8,66.1,Intermediate,Morning,Creative,90.9
14.8,33.0,69.3,18.1,302.3,4.0,7.3,18.9,Beginner,Morning,Cognitive,80.8
23.6,23.9,75.7,20.4,317.7,-0.3,7.1,-29.3,Beginner,Afternoon,Cognitive,71.9
,33.1,44.9,18.2,374.4,3.2,7.1,79.7,Intermediate,Evening,Analytical,66.2
20.8,31.0,52.4,12.2,342.9,2.5,2.3,144.4,Expert,Evening,Creative,69.7
9.6,20.9,55.7,20.5,267.8,4.2,7.2,,Expert,Afternoon,Cognitive,88.2
18.3,35.8,60.7,19.6,344.9,7.3,5.0,108.7,Expert,Afternoon,Cognitive,84.3
20.7,22.4,,15.3,317.8,4.9,7.7,163.8,Beginner,Morning,Creative,78.5
7.4,34.6,55.1,14.0,289.2,8.1,8.6,155.0,Intermediate,Evening,Cognitive,77.9
15.6,30.8,53.1,13.3,258.0,1.2,7.8,66.1,Intermediate,Morning,Cognitive,85.6
17.9,27.3,69.6,19.2,360.3,0.9,5.3,135.6,Beginner,Afternoon,Creative,76.2
16.0,23.4,65.5,10.4,291.5,6.5,5.7,124.2,Beginner,Afternoon,Cognitive,79.4
16.5,32.0,63.2,19.3,365.4,4.2,6.9,84.5,Expert,Afternoon,Creative,80.1
15.5,24.8,38.5,14.6,266.2,4.9,8.3,205.8,Beginner,Afternoon,Creative,74.3
10.6,37.2,72.1,16.9,419.7,3.9,8.5,73.4,Beginner,Evening,Analytical,77.7
24.5,37.5,61.8,5.7,451.7,4.4,7.5,85.4,Beginner,Afternoon,Creative,71.2
13.0,39.9,58.4,10.7,581.6,5.4,5.6,154.9,Expert,Evening,Cognitive,57.9
16.7,31.7,51.8,14.0,384.8,4.5,8.8,175.6,Intermediate,Morning,Analytical,75.2
12.4,27.6,53.7,13.3,297.3,2.9,7.0,185.2,Intermediate,Afternoon,Analytical,80.7
5.9,28.2,51.1,18.3,292.4,8.7,,201.0,Expert,Afternoon,Cognitive,85.1
11.3,27.8,40.0,16.9,379.7,4.2,6.3,166.5,Beginner,Afternoon,Analytical,56.4
,31.5,51.8,21.8,327.6,3.6,4.7,114.0,Intermediate,Evening,Cognitive,69.1
19.4,32.6,44.0,17.5,251.4,3.3,8.6,177.7,Beginner,Morning,Analytical,69.4
12.6,37.4,59.4,14.0,323.9,4.7,6.8,,Beginner,Morning,Cognitive,84.4
12.9,30.1,48.5,19.7,258.9,3.5,6.0,112.6,Expert,Afternoon,Creative,84.3
10.7,21.6,67.3,14.6,310.7,-0.1,,92.2,Intermediate,Morning,Creative,79.6
15.4,27.6,43.4,14.4,372.4,3.5,,109.7,Beginner,Evening,Analytical,61.8
,39.3,71.9,16.0,393.0,1.8,4.4,91.4,Beginner,Morning,Analytical,71.8
19.0,20.7,68.4,20.9,333.8,4.5,9.3,144.9,Intermediate,Afternoon,Creative,85.3
16.2,34.4,49.3,19.2,386.9,3.9,10.3,107.2,Beginner,Morning,Cognitive,74.5
12.7,27.7,59.1,19.1,297.0,2.7,7.2,149.3,Beginner,Afternoon,Analytical,76.7
18.4,24.7,51.5,21.9,405.0,5.9,,150.4,Beginner,Afternoon,Creative,60.8
15.0,32.4,65.8,19.0,283.9,3.9,10.6,120.4,Beginner,Morning,Analytical,81.9
15.1,39.4,78.0,12.3,279.5,3.2,,92.9,Expert,Morning,Creative,94.1
9.1,32.0,,17.6,297.0,3.3,6.2,65.5,Beginner,Afternoon,Creative,84.2
14.7,28.4,,20.9,282.6,3.2,7.9,113.5,Beginner,Evening,Creative,85.6
,22.2,61.1,11.4,345.9,5.0,8.7,137.6,Intermediate,Morning,Cognitive,86.1
20.3,29.4,75.2,16.0,382.6,2.4,7.1,38.1,Expert,Afternoon,Analytical,86.3
12.0,22.0,65.2,12.8,320.8,4.1,5.8,13.3,Beginner,Evening,Cognitive,68.0
24.1,28.1,70.1,16.4,335.6,3.0,8.9,112.7,Beginner,Evening,Cognitive,73.6
17.2,29.6,66.5,19.4,250.9,2.7,7.0,66.3,Beginner,Evening,Creative,79.1
8.9,15.8,60.8,20.0,324.8,4.9,7.0,180.6,Intermediate,Evening,Cognitive,75.7
11.6,38.3,59.3,15.4,408.5,2.1,8.4,198.3,Intermediate,Afternoon,Analytical,82.4
20.7,22.6,47.9,18.0,390.6,5.0,,59.3,Expert,Afternoon,Analytical,78.3
20.0,28.9,52.3,11.5,265.3,4.6,7.4,,Expert,Morning,Creative,83.8
,33.2,51.0,10.8,298.1,6.7,7.7,154.5,Intermediate,Afternoon,Creative,85.5
15.6,37.9,,19.4,490.3,0.5,8.6,132.2,Intermediate,Evening,Analytical,68.9
10.3,25.2,61.0,6.9,340.9,6.0,6.7,143.6,Intermediate,Afternoon,Analytical,83.9
20.3,14.9,58.9,13.9,395.8,3.4,6.2,,Beginner,Afternoon,Creative,62.7
11.0,36.5,62.2,18.0,399.7,0.4,6.4,94.9,Expert,Afternoon,Cognitive,80.9
18.4,22.5,66.6,16.7,264.2,2.7,5.6,,Beginner,Morning,Analytical,77.0
20.4,32.2,55.8,7.5,356.2,5.0,,168.7,Beginner,Evening,Creative,70.6
15.2,32.5,67.4,17.6,329.4,3.8,10.3,146.8,Intermediate,Afternoon,Creative,72.0
18.9,10.5,71.4,13.4,407.1,6.7,5.7,242.8,Beginner,Morning,Analytical,84.3
22.4,20.3,64.2,16.4,418.1,3.3,7.4,137.6,Intermediate,Evening,Creative,64.0
16.1,27.2,54.6,14.1,278.4,3.9,6.9,135.4,Intermediate,Afternoon,Analytical,73.4
14.3,14.5,69.5,13.9,492.1,3.6,8.6,172.9,Intermediate,Evening,Creative,64.3
14.7,22.0,,10.6,328.5,2.0,7.2,244.0,Expert,Afternoon,Creative,86.9
12.0,30.7,66.2,14.9,351.6,3.9,9.1,162.9,Beginner,Afternoon,Cognitive,76.6
11.9,29.5,75.4,19.7,187.4,3.6,6.8,102.8,Intermediate,Evening,Creative,85.6
16.8,31.8,67.1,14.7,370.4,4.2,7.4,80.3,Intermediate,Afternoon,Analytical,75.1
14.3,32.7,,14.9,212.3,4.1,8.1,129.7,Intermediate,Afternoon,Analytical,93.0
16.3,19.9,58.5,13.9,312.8,4.0,7.3,54.0,Intermediate,Morning,Cognitive,79.8
,22.3,55.7,12.1,292.4,4.2,7.8,158.7,Beginner,Evening,Analytical,66.6
14.6,34.6,71.5,13.0,343.3,6.2,7.4,137.9,Intermediate,Morning,Creative,81.1
19.1,39.1,50.1,16.7,329.0,2.0,4.9,151.1,Beginner,Evening,Cognitive,61.0
10.5,24.2,78.9,23.4,349.3,2.6,8.1,13.3,Expert,Afternoon,Analytical,99.5
15.1,31.6,,18.9,382.3,6.8,8.8,200.8,Beginner,Afternoon,Creative,71.7
7.6,34.8,60.9,17.9,269.8,6.5,6.8,52.7,Intermediate,Evening,Cognitive,84.6
9.8,31.4,72.0,22.0,309.8,4.5,6.7,44.5,Beginner,Morning,Creative,83.2
18.2,28.5,66.6,17.4,277.7,8.0,7.4,-1.1,Beginner,Afternoon,Analytical,75.9
13.8,26.2,47.1,19.2,274.0,5.0,9.9,83.7,Intermediate,Evening,Analytical,79.5
22.3,41.9,51.8,16.6,416.6,7.7,6.6,129.2,Expert,Evening,Analytical,63.7
16.7,30.6,62.9,17.4,256.6,6.9,7.9,113.9,Intermediate,Afternoon,Analytical,90.9
17.1,32.3,61.6,11.8,278.9,7.3,6.7,161.8,Expert,Afternoon,Cognitive,80.0
10.7,31.9,73.1,15.1,429.7,1.7,7.9,196.6,Intermediate,Evening,Analytical,84.4
13.5,25.1,63.0,14.3,313.7,5.3,5.1,201.6,Intermediate,Evening,Cognitive,81.4
12.1,30.3,47.3,14.2,316.8,3.8,9.7,104.6,Beginner,Evening,Cognitive,64.9
10.7,28.1,,14.0,340.0,1.3,7.6,111.2,Expert,Afternoon,Creative,83.1
17.7,28.0,67.4,20.3,259.8,6.7,6.6,111.8,Beginner,Evening,Analytical,75.7
18.5,31.9,41.8,14.9,273.9,6.4,6.6,95.2,Expert,Afternoon,Creative,79.9
16.6,24.5,,15.6,289.2,3.7,7.4,241.5,Expert,Morning,Creative,73.5
11.7,22.8,56.3,22.8,372.1,2.8,10.0,138.7,Expert,Afternoon,Creative,78.9
16.3,33.0,69.3,18.3,353.6,4.1,9.3,150.5,Intermediate,Morning,Creative,88.7
7.3,26.8,57.8,16.0,288.5,0.4,6.6,160.8,Intermediate,Morning,Creative,74.7
20.3,27.9,64.6,19.2,313.3,1.3,7.1,192.8,Intermediate,Morning,Analytical,78.0
9.8,18.4,60.0,14.0,359.0,3.4,7.2,106.2,Beginner,Morning,Creative,71.0
,35.8,58.6,14.7,200.8,5.2,,150.7,Intermediate,Afternoon,Cognitive,84.0
15.5,33.1,53.5,14.9,335.1,3.6,6.7,155.3,Beginner,Morning,Cognitive,72.4
15.8,34.2,68.4,16.7,357.9,2.9,7.3,26.4,Intermediate,Morning,Analytical,90.3
14.7,32.3,47.5,17.4,274.1,2.3,5.6,90.7,Beginner,Morning,Cognitive,83.5
10.6,20.9,57.7,13.2,352.5,8.9,9.6,110.1,Beginner,Morning,Creative,75.7
19.5,31.4,71.5,17.2,320.8,1.9,5.3,179.4,Beginner,Morning,Cognitive,80.4
8.3,26.3,52.4,17.8,410.5,0.3,5.5,329.5,Intermediate,Afternoon,Creative,53.6
9.1,24.2,44.4,14.6,293.8,2.8,8.0,93.8,Intermediate,Evening,Analytical,78.0
14.6,33.0,38.8,15.5,349.5,5.0,7.4,91.3,Beginner,Evening,Cognitive,60.6
9.9,40.0,66.7,12.6,246.5,4.2,6.3,146.5,Intermediate,Evening,Cognitive,80.1
19.9,39.0,67.3,11.5,323.8,2.5,8.5,16.5,Beginner,Morning,Cognitive,73.2
10.3,33.7,56.6,12.6,360.8,4.4,7.4,12.9,Intermediate,Morning,Analytical,80.3
21.2,29.8,47.3,18.2,293.7,6.2,9.8,111.8,Intermediate,Morning,Analytical,79.4
19.1,28.7,58.5,17.6,376.0,4.4,4.3,87.5,Intermediate,Evening,Cognitive,69.7
19.9,24.6,,21.8,366.0,4.3,6.2,187.0,Intermediate,Morning,Analytical,76.0
22.5,28.4,47.3,16.1,327.2,4.3,9.5,,Beginner,Afternoon,Creative,74.8
15.3,35.5,70.6,16.2,306.4,2.5,7.7,41.6,Intermediate,Morning,Analytical,93.7
10.9,40.9,,17.0,165.8,4.9,6.8,58.9,Intermediate,Morning,Cognitive,89.7
14.6,25.1,,12.8,287.6,6.1,6.4,191.3,Intermediate,Evening,Creative,69.5
12.7,18.0,61.1,18.7,375.0,6.7,7.5,76.2,Intermediate,Evening,Cognitive,73.8
,26.8,69.5,17.1,306.3,4.9,5.3,99.3,Beginner,Evening,Cognitive,67.4
15.6,35.4,74.7,13.2,342.6,4.0,4.8,101.8,Intermediate,Afternoon,Cognitive,84.2
13.8,42.4,69.9,17.1,296.8,7.8,7.8,85.1,Intermediate,Evening,Analytical,83.1
12.0,37.9,75.5,18.3,248.7,4.2,8.3,138.3,Beginner,Afternoon,Cognitive,85.5
14.0,37.7,61.8,12.0,357.4,3.0,8.4,226.3,Beginner,Evening,Creative,72.8
17.2,24.9,53.8,19.2,258.6,2.6,6.4,153.1,Beginner,Morning,Creative,79.0
18.8,25.1,,14.6,306.9,2.4,6.3,169.3,Expert,Afternoon,Creative,87.0
8.6,22.1,73.6,6.8,338.2,3.0,7.0,62.2,Intermediate,Afternoon,Cognitive,80.0
13.8,26.0,,18.9,286.1,7.9,,142.3,Beginner,Afternoon,Creative,78.8
,35.5,66.1,20.0,398.5,2.5,8.0,202.1,Beginner,Evening,Creative,68.8
10.3,39.7,73.9,12.6,418.6,7.1,6.6,106.1,Intermediate,Evening,Creative,72.7
14.5,32.1,63.4,11.0,279.5,3.6,6.9,119.8,Expert,Afternoon,Creative,90.7
15.6,28.5,59.8,20.0,281.5,6.1,6.7,165.8,Beginner,Afternoon,Analytical,80.6
17.1,23.6,67.3,14.1,298.1,1.8,7.8,211.8,Beginner,Afternoon,Cognitive,74.4
15.3,29.3,64.8,20.0,377.7,4.0,7.4,191.2,Expert,Evening,Cognitive,91.9
11.5,31.2,68.9,10.6,344.3,0.8,9.9,43.9,Beginner,Afternoon,Creative,78.1
23.0,21.2,58.7,20.2,357.5,4.0,6.4,140.2,Beginner,Morning,Cognitive,71.5
18.3,35.5,69.1,19.2,385.8,5.6,9.7,83.6,Expert,Afternoon,Creative,76.4
17.2,27.5,68.6,17.6,274.7,5.9,4.3,100.7,Intermediate,Morning,Creative,83.4
,35.2,62.1,10.0,345.1,4.0,7.7,41.8,Beginner,Evening,Creative,69.4
,29.9,52.5,14.9,322.6,3.3,4.6,104.0,Beginner,Morning,Cognitive,73.2
20.1,31.8,72.4,19.0,341.5,4.2,5.5,69.0,Beginner,Afternoon,Analytical,76.5
15.2,25.8,47.9,10.9,377.5,2.9,5.5,110.4,Beginner,Evening,Cognitive,70.6
15.0,27.9,50.4,14.4,312.4,2.9,5.4,149.6,Expert,Morning,Cognitive,87.1
17.5,33.9,61.7,17.2,285.2,3.2,6.1,137.0,Intermediate,Morning,Analytical,82.9
21.3,29.2,34.9,12.5,267.4,4.5,,173.1,Intermediate,Afternoon,Cognitive,68.9
21.0,23.4,75.4,19.9,407.7,6.9,5.7,90.8,Expert,Morning,Analytical,80.7
,30.7,60.1,19.3,317.9,6.6,4.6,18.6,Intermediate,Morning,Creative,78.8
17.1,32.3,75.4,16.7,251.6,3.4,7.7,215.8,Beginner,Evening,Analytical,72.3
,38.2,78.0,17.3,389.1,2.4,7.4,152.9,Intermediate,Evening,Creative,74.0
18.9,36.9,58.5,14.4,234.5,2.5,10.3,155.7,Expert,Evening,Analytical,88.7
20.2,29.6,73.5,17.8,242.5,1.0,6.9,152.4,Expert,Evening,Creative,85.2
14.1,26.7,49.4,14.2,304.2,5.5,3.6,,Beginner,Morning,Cognitive,64.9
20.3,28.6,64.3,15.4,292.7,1.2,6.4,179.5,Intermediate,Morning,Analytical,76.4
16.4,26.9,55.3,14.5,335.6,-0.5,6.3,80.6,Intermediate,Morning,Cognitive,82.2
17.6,33.0,67.0,20.3,223.7,5.5,5.2,167.3,Expert,Evening,Creative,84.3
20.5,36.2,68.8,19.6,336.3,5.4,6.2,141.4,Beginner,Afternoon,Analytical,79.3
18.0,37.4,58.4,13.0,383.9,1.8,,127.9,Intermediate,Morning,Analytical,68.7
18.7,27.5,65.4,20.0,270.9,4.6,,90.6,Expert,Afternoon,Analytical,95.3
13.4,26.9,69.4,13.6,301.1,1.4,4.9,135.1,Intermediate,Afternoon,Cognitive,86.6
21.0,27.5,61.9,21.6,279.9,3.8,7.9,107.5,Intermediate,Afternoon,Creative,75.5
17.8,18.4,85.4,20.7,336.0,4.7,9.5,171.4,Beginner,Evening,Cognitive,82.3
15.5,22.8,,22.6,266.2,5.4,7.4,92.3,Beginner,Afternoon,Analytical,78.3
19.4,29.8,76.6,16.9,260.0,4.8,8.7,58.2,Beginner,Evening,Creative,75.1
25.4,32.3,71.5,15.2,312.4,0.2,7.3,153.9,Expert,Afternoon,Creative,80.9
10.3,32.9,41.4,15.1,336.9,4.6,5.4,246.4,Beginner,Afternoon,Cognitive,75.4
11.8,25.3,,17.1,327.5,8.4,7.4,135.4,Intermediate,Evening,Cognitive,81.3
25.7,27.1,70.7,13.0,298.0,4.8,6.2,111.3,Intermediate,Evening,Analytical,69.9
16.7,28.4,61.1,8.8,353.4,1.2,,227.3,Beginner,Morning,Analytical,73.6
15.8,27.7,63.7,14.8,331.5,2.6,6.9,147.6,Intermediate,Morning,Analytical,92.2
14.5,34.1,64.9,16.1,261.5,3.0,8.2,111.1,Intermediate,Afternoon,Analytical,84.2
19.8,22.2,73.8,17.7,186.2,-0.7,6.5,222.9,Expert,Afternoon,Creative,92.0
25.4,23.1,55.9,17.2,346.1,4.2,,75.7,Intermediate,Afternoon,Analytical,77.5
12.3,28.2,75.9,16.4,553.0,3.3,8.4,198.6,Intermediate,Evening,Analytical,75.9
14.6,21.8,49.2,19.5,264.5,3.4,6.2,140.4,Beginner,Morning,Analytical,77.3
13.6,18.6,,13.4,401.3,3.8,6.1,289.5,Expert,Afternoon,Cognitive,75.1
17.9,21.0,65.9,14.0,400.7,2.6,10.2,64.5,Beginner,Morning,Cognitive,83.8
19.9,28.5,72.6,22.3,383.7,5.7,6.5,52.0,Intermediate,Evening,Cognitive,73.1
21.5,33.8,,6.4,331.3,4.4,7.5,133.6,Beginner,Evening,Analytical,74.2
18.1,33.9,37.4,19.4,161.8,2.9,7.6,209.4,Expert,Afternoon,Creative,88.3
25.1,39.5,45.1,17.7,378.8,4.9,4.4,174.2,Intermediate,Morning,Analytical,62.7
12.7,30.6,,16.0,274.0,4.7,4.4,79.6,Intermediate,Evening,Cognitive,76.4
11.7,31.4,59.9,18.7,630.2,2.1,8.3,101.0,Beginner,Afternoon,Cognitive,72.4
20.9,28.5,72.8,18.2,365.0,3.7,5.4,80.7,Intermediate,Afternoon,Analytical,80.6
15.5,28.8,60.7,11.6,421.6,3.7,7.0,126.3,Intermediate,Evening,Creative,70.7
9.5,42.5,,13.1,397.1,2.8,4.7,,Intermediate,Evening,Creative,67.6
,31.6,63.1,14.6,328.6,1.3,6.5,105.5,Beginner,Afternoon,Creative,74.2
,32.1,70.2,9.6,356.9,2.8,7.3,104.0,Expert,Afternoon,Cognitive,86.1
12.4,23.1,,16.0,264.7,6.5,3.9,103.5,Expert,Morning,Cognitive,92.7
10.9,32.5,58.9,17.9,238.9,2.7,7.1,156.3,Beginner,Afternoon,Creative,69.1
14.2,33.9,60.7,19.5,374.0,5.8,7.2,140.9,Expert,Afternoon,Analytical,79.7
10.7,36.7,67.8,16.2,336.1,3.9,6.3,157.3,Intermediate,Morning,Creative,76.9
17.5,33.8,52.5,13.8,247.6,4.3,5.3,140.5,Intermediate,Morning,Analytical,77.4
7.2,29.2,67.4,16.7,317.6,1.6,6.4,7.8,Beginner,Morning,Cognitive,91.1
15.4,29.0,57.7,15.8,350.8,6.3,6.4,120.6,Intermediate,Morning,Cognitive,74.9
17.1,29.6,59.2,18.4,365.3,8.1,9.9,79.8,Intermediate,Afternoon,Cognitive,86.4
14.6,30.6,60.0,15.9,351.4,2.6,6.8,214.9,Intermediate,Afternoon,Creative,71.8
19.4,37.6,61.3,18.7,301.8,6.6,6.3,51.2,Intermediate,Afternoon,Creative,84.7
,36.4,79.1,15.2,277.6,1.5,6.8,,Intermediate,Afternoon,Cognitive,99.0
12.2,34.5,55.3,19.9,325.9,3.9,7.6,167.4,Intermediate,Afternoon,Cognitive,82.1
13.7,42.2,55.8,16.5,360.1,1.7,7.6,134.7,Beginner,Evening,Cognitive,73.9
17.9,14.1,74.5,14.2,365.3,4.8,7.7,128.3,Expert,Afternoon,Creative,76.3
15.9,27.2,64.4,15.0,399.0,3.6,7.9,144.3,Intermediate,Evening,Creative,70.2
23.6,29.9,67.7,18.2,321.8,3.9,4.8,114.5,Beginner,Afternoon,Cognitive,61.8
11.8,26.0,49.7,12.2,264.5,6.6,7.8,92.4,Beginner,Afternoon,Creative,77.3
,24.4,62.5,15.6,374.3,6.5,7.3,130.0,Intermediate,Morning,Creative,77.5
22.2,19.7,68.1,19.2,324.1,3.7,6.1,56.3,Expert,Afternoon,Creative,75.0
9.3,28.1,53.3,17.6,255.9,6.2,7.2,208.9,Beginner,Evening,Creative,64.0
17.7,35.4,66.3,12.5,565.0,6.3,6.8,127.2,Intermediate,Evening,Cognitive,64.1
11.1,34.6,58.0,16.9,390.6,6.2,7.0,47.1,Beginner,Evening,Cognitive,67.5
6.7,25.5,53.5,12.0,339.2,4.3,7.3,143.3,Intermediate,Morning,Creative,82.5
13.5,31.3,70.1,16.6,391.2,4.7,4.5,70.4,Expert,Afternoon,Cognitive,81.4
18.6,38.1,71.4,20.1,295.8,3.4,,191.7,Intermediate,Afternoon,Cognitive,84.2
10.1,20.9,61.3,16.2,283.6,8.7,8.0,0.3,Beginner,Afternoon,Cognitive,74.7
17.3,29.0,64.5,12.6,362.7,4.8,7.4,21.0,Intermediate,Morning,Analytical,83.7
18.1,31.7,73.2,15.4,302.4,3.8,5.9,97.7,Beginner,Evening,Cognitive,79.4
9.9,30.1,56.0,16.6,380.3,5.0,5.7,,Intermediate,Evening,Cognitive,79.0
14.1,35.1,63.5,19.3,328.5,4.5,7.3,75.6,Intermediate,Afternoon,Creative,87.5
21.3,21.0,56.1,19.2,380.9,8.1,8.2,104.0,Intermediate,Morning,Creative,72.7
,24.0,49.8,12.7,351.6,4.0,9.0,223.8,Beginner,Morning,Analytical,64.2
14.0,34.1,56.1,15.0,275.0,5.5,,77.9,Expert,Afternoon,Analytical,83.5
16.7,19.8,48.8,17.2,220.4,3.8,7.8,23.4,Intermediate,Morning,Cognitive,82.3
12.3,34.9,64.3,14.2,359.1,0.6,3.2,106.0,Beginner,Evening,Cognitive,62.3
19.5,32.7,52.3,17.5,348.3,4.0,6.1,52.1,Intermediate,Afternoon,Creative,65.8
19.5,34.5,46.0,12.0,269.1,5.7,7.5,154.5,Intermediate,Afternoon,Cognitive,72.5
15.5,27.2,,16.8,359.9,4.3,6.0,149.8,Intermediate,Afternoon,Cognitive,74.3
15.9,33.1,66.8,19.1,389.5,1.7,5.6,112.0,Intermediate,Morning,Cognitive,86.1
11.0,23.0,,16.2,587.5,7.2,5.4,259.6,Intermediate,Evening,Cognitive,53.1
9.6,27.5,67.0,16.5,223.3,1.6,9.6,55.8,Beginner,Afternoon,Cognitive,89.2
13.5,30.2,51.9,18.5,655.6,2.5,5.1,331.9,Expert,Evening,Cognitive,52.9
14.7,24.6,56.3,14.7,383.6,1.7,6.7,86.0,Intermediate,Afternoon,Cognitive,77.0
19.3,31.3,64.1,17.9,283.3,1.9,5.9,220.7,Beginner,Afternoon,Cognitive,76.2
18.7,23.1,70.3,15.9,358.7,4.1,5.7,100.6,Intermediate,Morning,Creative,73.8
15.7,31.6,56.2,13.3,336.6,5.2,7.6,93.0,Expert,Afternoon,Analytical,90.3
,40.5,54.0,18.7,314.5,2.8,8.2,108.2,Expert,Evening,Cognitive,79.3
11.2,22.5,,20.2,349.0,5.1,,155.1,Beginner,Evening,Creative,70.4
19.3,29.9,66.1,19.5,294.9,5.5,7.1,206.8,Beginner,Evening,Cognitive,70.9
11.8,20.3,,18.7,264.9,3.3,6.8,141.5,Intermediate,Morning,Cognitive,88.8
20.0,25.0,71.8,17.5,340.3,1.0,6.3,248.2,Beginner,Evening,Analytical,74.3
14.9,34.2,79.5,17.1,333.4,7.0,5.6,70.7,Expert,Evening,Creative,89.3
7.0,27.4,63.7,15.7,192.7,2.7,8.7,107.7,Beginner,Morning,Cognitive,88.6
17.9,34.5,54.1,14.0,260.9,-0.4,5.4,53.5,Beginner,Evening,Analytical,65.4
18.2,32.1,65.0,9.8,286.4,3.2,5.0,,Intermediate,Morning,Analytical,93.5
13.2,29.6,51.8,11.3,346.2,5.2,8.6,80.4,Beginner,Afternoon,Cognitive,78.3
13.5,23.8,72.4,16.0,243.9,5.5,7.3,32.0,Intermediate,Morning,Cognitive,78.8
,34.1,,12.2,304.0,1.7,5.2,176.1,Intermediate,Evening,Creative,69.8
7.3,31.8,58.1,17.2,416.9,0.3,6.9,155.5,Beginner,Morning,Creative,69.2
5.5,20.8,51.6,21.2,323.3,4.6,6.1,96.0,Beginner,Afternoon,Cognitive,70.5
20.2,24.2,61.8,6.3,326.5,5.0,9.2,139.3,Intermediate,Afternoon,Cognitive,76.6
11.7,13.4,62.2,13.1,316.9,6.2,6.6,95.2,Beginner,Morning,Analytical,83.5
22.4,21.8,,22.6,369.1,6.0,7.8,106.5,Intermediate,Afternoon,Creative,71.6
20.5,28.1,61.2,18.5,503.5,4.3,,253.5,Intermediate,Morning,Cognitive,70.4
21.3,23.7,60.5,15.7,309.0,2.2,9.2,119.0,Intermediate,Afternoon,Cognitive,84.1
12.4,25.0,54.3,14.4,327.6,3.0,7.3,,Expert,Evening,Creative,85.1
8.6,38.3,57.1,17.8,386.3,3.5,,5.3,Expert,Evening,Cognitive,87.6
10.7,36.2,46.1,18.9,340.1,2.2,7.8,169.3,Expert,Evening,Analytical,80.1
13.2,25.8,73.9,12.2,322.9,6.2,6.2,198.2,Beginner,Afternoon,Analytical,68.4
5.5,34.8,59.1,20.5,378.9,6.1,7.0,181.6,Beginner,Morning,Cognitive,83.4
13.1,37.3,76.4,17.2,293.9,1.2,6.7,88.0,Beginner,Afternoon,Creative,76.5
,33.7,58.8,18.8,159.9,3.4,6.1,178.6,Expert,Morning,Analytical,89.0
9.8,31.8,41.0,19.1,342.4,8.1,5.4,145.9,Expert,Evening,Creative,74.0
10.8,36.6,55.5,16.9,341.8,6.3,,68.1,Expert,Morning,Creative,83.1
14.1,34.6,60.0,17.3,288.9,4.4,3.9,101.9,Beginner,Evening,Creative,61.4
16.4,22.7,60.7,17.6,306.6,6.2,9.0,114.0,Expert,Morning,Analytical,93.1
11.4,28.9,66.8,14.9,382.9,7.3,5.0,-19.9,Intermediate,Evening,Analytical,67.2
,26.7,61.7,17.9,342.7,4.2,7.8,131.7,Beginner,Morning,Cognitive,75.5
15.5,36.9,56.6,15.2,393.7,1.3,6.1,,Intermediate,Morning,Creative,74.8
15.2,26.5,,16.0,333.4,5.7,4.5,56.7,Beginner,Afternoon,Analytical,77.0
12.4,25.5,55.9,20.7,312.3,5.8,8.7,129.4,Intermediate,Morning,Analytical,84.3
9.7,36.2,66.0,15.9,355.4,2.0,3.4,,Beginner,Afternoon,Cognitive,72.0
21.8,31.6,68.6,17.2,338.4,4.5,8.2,60.0,Intermediate,Afternoon,Analytical,82.9
17.5,42.7,53.3,15.5,341.9,2.4,7.2,,Intermediate,Morning,Analytical,82.7
19.0,24.8,,14.9,308.5,0.7,,68.5,Expert,Evening,Analytical,87.0
,26.9,65.7,21.8,291.4,4.4,7.9,68.3,Intermediate,Afternoon,Cognitive,78.3
14.3,36.7,51.1,11.6,293.3,6.9,7.9,190.6,Intermediate,Afternoon,Cognitive,81.3
17.0,22.3,62.5,16.2,346.0,4.6,8.3,129.6,Expert,Afternoon,Creative,81.1
7.7,37.9,63.7,12.4,352.5,4.4,8.3,139.8,Expert,Afternoon,Analytical,82.9
10.5,22.8,49.4,19.8,188.6,1.3,7.7,214.1,Beginner,Morning,Cognitive,82.0
11.8,33.7,,15.8,283.4,5.3,6.5,,Intermediate,Morning,Cognitive,74.1
13.2,18.9,64.7,14.6,240.5,2.9,6.7,82.0,Beginner,Afternoon,Cognitive,79.0
11.5,30.3,55.5,10.5,295.1,2.4,7.2,82.9,Beginner,Afternoon,Creative,79.1
16.3,21.8,75.1,20.7,289.8,5.8,6.6,231.0,Intermediate,Afternoon,Creative,74.9
15.3,41.6,77.2,12.0,327.4,1.6,10.3,114.3,Expert,Afternoon,Creative,88.7
20.6,23.6,64.7,17.5,329.3,3.6,6.9,64.2,Beginner,Afternoon,Creative,71.0
,25.0,69.5,18.8,426.5,1.7,5.3,128.0,Expert,Morning,Creative,81.6
9.9,33.2,49.8,22.5,338.6,3.4,,82.7,Expert,Morning,Analytical,95.5
15.6,26.4,46.7,14.3,351.9,-0.4,5.7,95.4,Expert,Afternoon,Analytical,79.6
15.6,34.2,,13.4,248.9,5.1,9.9,217.7,Beginner,Morning,Cognitive,78.2
14.9,25.7,,14.7,303.3,4.8,7.1,127.6,Expert,Morning,Creative,84.5
,25.3,63.1,14.2,265.8,8.4,8.0,43.3,Beginner,Morning,Creative,84.5
11.3,29.8,52.2,10.3,349.9,4.5,7.8,93.6,Intermediate,Evening,Cognitive,78.8
16.0,22.7,61.9,20.9,322.6,2.2,8.4,8.9,Beginner,Afternoon,Analytical,71.2
11.2,32.4,58.3,14.7,302.9,6.0,7.4,74.5,Beginner,Morning,Creative,77.5
15.6,35.3,66.4,15.5,710.9,5.9,6.4,284.0,Intermediate,Morning,Creative,52.9
14.0,33.3,63.3,17.9,306.5,6.6,7.1,76.6,Intermediate,Afternoon,Creative,79.4
15.6,33.9,56.0,20.2,386.7,0.1,5.2,,Beginner,Afternoon,Analytical,65.3
11.2,18.5,46.3,12.5,386.0,2.6,6.8,-36.8,Beginner,Evening,Analytical,70.8
15.6,27.2,61.6,17.1,288.2,2.2,9.7,93.4,Intermediate,Evening,Creative,81.7
11.5,28.6,42.6,12.4,375.7,7.1,8.1,126.8,Beginner,Afternoon,Creative,61.1
15.6,38.7,72.5,17.0,325.6,5.6,6.8,,Expert,Morning,Cognitive,86.3
,26.5,65.3,16.9,300.3,6.3,10.0,153.8,Beginner,Evening,Cognitive,83.1
16.0,16.2,68.4,14.6,339.7,1.8,6.1,103.5,Beginner,Evening,Analytical,71.3
16.3,24.0,,16.7,240.6,4.3,7.5,195.2,Beginner,Afternoon,Cognitive,69.8
18.3,26.0,63.6,16.8,293.1,0.7,6.5,,Intermediate,Afternoon,Creative,77.3
9.4,17.1,53.3,15.8,340.9,1.8,6.7,105.7,Beginner,Morning,Analytical,72.4
21.9,35.8,61.5,15.4,305.3,4.2,7.6,53.1,Beginner,Afternoon,Cognitive,72.2
10.8,20.6,50.0,11.9,373.9,4.4,,90.3,Expert,Afternoon,Analytical,75.8
18.5,32.7,59.2,12.7,300.1,4.8,6.7,104.6,Intermediate,Evening,Creative,77.9
18.0,23.4,46.2,14.2,326.1,2.7,5.7,157.1,Beginner,Afternoon,Cognitive,68.1
11.4,39.0,58.4,13.0,314.0,4.9,,59.2,Intermediate,Evening,Cognitive,83.7
19.0,28.3,43.6,14.3,243.6,4.0,7.2,103.3,Expert,Morning,Cognitive,80.4
17.0,27.1,77.5,15.8,339.6,7.1,5.4,121.3,Beginner,Morning,Creative,78.6
22.6,33.2,61.6,16.3,335.9,3.1,5.5,128.7,Beginner,Afternoon,Analytical,69.0
,24.0,60.1,17.7,223.4,0.3,10.0,53.3,Intermediate,Morning,Cognitive,99.9
14.6,33.5,66.8,16.5,196.5,5.2,10.7,134.0,Intermediate,Afternoon,Analytical,86.0
12.9,27.1,47.0,16.4,297.3,4.7,7.5,190.0,Intermediate,Morning,Analytical,80.8
8.0,26.4,,17.6,381.5,2.2,6.1,189.3,Beginner,Evening,Analytical,71.2
13.7,29.5,65.3,13.2,455.9,3.3,7.5,103.3,Beginner,Evening,Creative,71.4
13.9,23.5,61.6,13.5,229.0,4.4,6.5,151.2,Intermediate,Afternoon,Creative,85.3
16.0,28.9,52.8,14.9,401.3,3.2,7.9,,Beginner,Morning,Cognitive,63.7
9.3,32.0,66.5,13.9,378.1,1.8,7.5,183.9,Intermediate,Afternoon,Cognitive,71.5
14.0,16.1,63.0,10.7,290.8,3.6,7.0,160.7,Intermediate,Evening,Analytical,87.0
17.3,36.5,65.1,17.7,414.2,5.8,6.9,50.4,Beginner,Afternoon,Analytical,71.6
17.7,34.9,63.9,13.0,343.3,3.3,6.7,110.8,Expert,Morning,Analytical,86.2
7.6,18.9,53.2,21.4,308.6,4.4,8.4,80.6,Expert,Morning,Creative,93.7
17.8,17.9,59.2,16.5,231.0,3.6,6.7,114.3,Intermediate,Morning,Creative,90.0
14.0,35.1,41.4,11.5,325.1,1.5,10.1,50.8,Beginner,Morning,Cognitive,78.7
14.3,34.6,54.9,18.0,322.1,3.8,10.2,112.9,Beginner,Evening,Analytical,60.0
,33.7,57.5,16.1,431.9,3.1,6.4,110.7,Intermediate,Evening,Analytical,69.8
21.0,21.4,,16.9,272.7,5.5,6.5,112.4,Beginner,Morning,Creative,75.6
15.7,41.0,65.1,14.5,275.7,6.5,6.9,135.2,Expert,Morning,Cognitive,89.4
8.9,25.5,52.5,13.2,294.5,5.8,6.0,27.5,Beginner,Morning,Analytical,76.7
16.5,31.4,52.3,11.6,452.8,2.5,8.3,166.8,Intermediate,Evening,Analytical,70.9
16.4,31.5,73.1,12.2,262.5,1.7,8.8,,Beginner,Afternoon,Cognitive,76.3
,39.6,57.1,11.9,385.4,1.0,8.9,204.3,Intermediate,Afternoon,Analytical,71.6
13.8,30.8,61.1,14.9,242.1,4.3,6.7,114.2,Beginner,Afternoon,Creative,81.4
15.0,32.5,67.9,15.8,341.6,2.6,6.7,135.6,Intermediate,Afternoon,Cognitive,79.3
,29.5,59.2,11.4,324.9,1.8,4.0,182.8,Beginner,Afternoon,Analytical,72.5
17.4,22.8,58.5,18.7,285.0,7.9,6.0,77.9,Expert,Morning,Analytical,82.0
11.9,16.1,56.8,16.4,355.9,5.0,5.6,149.5,Beginner,Afternoon,Creative,70.2
11.4,30.2,54.9,23.3,280.0,4.7,5.3,75.8,Expert,Afternoon,Creative,82.6
14.7,21.5,61.4,14.8,239.2,4.6,6.3,151.0,Expert,Morning,Creative,89.8
10.1,32.1,41.8,22.7,304.4,7.2,6.5,143.6,Beginner,Morning,Analytical,63.3
21.4,30.9,56.4,18.2,274.1,3.7,7.0,,Intermediate,Afternoon,Analytical,79.3
22.7,30.7,65.4,10.1,333.0,5.2,9.0,150.6,Beginner,Afternoon,Analytical,68.2
13.2,23.7,64.2,12.4,305.7,5.8,8.7,93.7,Expert,Afternoon,Cognitive,85.1
9.5,36.2,74.1,17.0,398.2,7.7,5.3,110.3,Intermediate,Evening,Creative,83.1
16.3,32.8,68.4,10.8,304.0,4.0,7.6,168.9,Beginner,Morning,Cognitive,77.9
13.1,22.9,64.1,13.3,333.8,6.5,5.8,184.6,Beginner,Morning,Creative,75.2
19.7,42.4,60.3,11.2,261.9,0.3,7.2,144.9,Beginner,Morning,Analytical,76.6
11.9,28.7,55.4,22.4,298.7,8.2,9.0,120.8,Expert,Afternoon,Cognitive,84.7
17.2,22.0,65.0,19.3,274.4,4.8,6.3,162.3,Beginner,Afternoon,Cognitive,76.5
15.5,25.4,63.2,15.0,379.2,5.5,5.5,100.5,Intermediate,Afternoon,Creative,71.8
12.3,20.9,56.3,20.5,282.1,1.4,7.1,173.7,Intermediate,Morning,Cognitive,84.0
16.0,38.2,51.3,19.8,287.5,1.3,9.0,83.0,Expert,Afternoon,Cognitive,86.4
18.5,36.5,59.5,19.9,334.9,2.7,10.0,106.9,Beginner,Evening,Analytical,79.3
15.3,34.4,,14.3,284.3,4.0,6.1,64.3,Intermediate,Evening,Creative,77.4
15.4,33.3,61.1,15.1,390.5,3.5,,115.0,Intermediate,Evening,Cognitive,80.7
11.5,37.5,60.3,12.7,417.9,3.2,7.4,211.0,Intermediate,Evening,Analytical,71.7
19.6,28.5,64.2,15.7,275.1,3.6,4.9,211.4,Beginner,Evening,Cognitive,73.1
,32.5,64.8,13.6,362.3,-0.7,4.8,217.7,Beginner,Morning,Analytical,72.3
13.4,25.1,62.5,12.8,277.8,4.9,7.5,81.5,Beginner,Morning,Cognitive,80.8
14.5,29.1,59.6,19.4,302.2,3.7,6.4,282.5,Intermediate,Morning,Analytical,89.8
20.7,32.7,54.9,18.0,354.5,5.9,4.9,191.0,Beginner,Afternoon,Analytical,75.7
10.5,11.5,70.0,13.4,634.2,3.0,8.0,327.9,Intermediate,Evening,Creative,70.4
17.4,26.3,55.7,18.8,673.4,3.3,7.1,255.8,Beginner,Morning,Analytical,61.8
12.8,31.0,75.7,16.9,374.9,4.3,7.0,26.3,Expert,Afternoon,Cognitive,92.1
22.1,29.5,61.5,15.1,374.6,5.4,5.4,82.4,Expert,Afternoon,Analytical,78.7
15.3,27.3,60.5,20.8,322.6,6.3,4.4,95.0,Intermediate,Evening,Analytical,83.6
20.0,33.5,67.6,16.9,288.3,3.9,6.1,111.1,Beginner,Afternoon,Cognitive,87.4
12.0,25.8,53.5,21.3,320.0,4.9,7.1,94.4,Beginner,Evening,Cognitive,61.6
10.0,22.7,,17.7,548.0,4.1,,206.4,Beginner,Morning,Analytical,69.6
14.1,37.1,61.2,18.0,359.3,3.4,5.4,148.7,Beginner,Morning,Cognitive,67.9
16.1,36.3,64.1,12.8,310.6,0.2,6.4,124.5,Intermediate,Afternoon,Analytical,80.3
13.0,26.4,53.2,14.3,264.7,4.4,7.1,108.0,Intermediate,Afternoon,Analytical,87.9
18.0,29.6,53.1,20.4,387.0,2.2,9.1,104.4,Expert,Morning,Analytical,90.7
14.2,35.1,41.7,19.5,319.3,5.7,7.2,205.0,Beginner,Afternoon,Cognitive,59.4
6.7,30.3,,14.9,282.6,2.3,4.8,96.8,Intermediate,Evening,Creative,72.7
17.2,33.2,54.9,11.9,377.1,2.9,4.0,166.7,Intermediate,Afternoon,Creative,69.4
11.5,32.9,53.3,21.0,382.9,2.4,3.3,121.3,Intermediate,Morning,Analytical,78.3
13.6,28.1,,19.2,225.7,5.1,7.5,8.1,Beginner,Afternoon,Analytical,78.3
21.2,33.1,60.6,12.6,375.4,3.4,5.4,259.2,Intermediate,Afternoon,Cognitive,77.7
22.1,24.2,65.0,12.6,327.9,5.1,7.7,193.9,Intermediate,Morning,Creative,75.3
,32.4,65.7,21.5,368.6,-1.3,8.8,,Intermediate,Afternoon,Creative,81.0
17.3,29.6,66.5,14.5,511.6,8.0,7.9,261.9,Expert,Morning,Creative,74.8
12.8,27.8,66.9,14.5,339.0,2.0,6.7,,Beginner,Morning,Cognitive,73.0
13.9,22.5,62.8,14.0,304.8,5.5,9.8,154.5,Beginner,Evening,Cognitive,74.9
12.6,30.8,60.6,17.1,369.6,5.0,6.3,91.4,Intermediate,Morning,Cognitive,81.8
8.1,30.2,,11.8,286.4,5.4,5.6,68.9,Intermediate,Evening,Analytical,83.7
15.4,25.0,,16.7,371.3,2.4,7.5,245.7,Beginner,Afternoon,Cognitive,71.3
16.2,20.4,45.2,11.8,328.9,3.3,8.2,102.9,Intermediate,Evening,Analytical,63.9
12.3,20.1,58.3,11.8,357.8,4.8,3.1,128.4,Expert,Morning,Analytical,88.0
19.4,28.5,42.0,11.9,269.5,4.0,8.7,148.3,Expert,Afternoon,Analytical,80.5
13.3,31.8,41.8,12.0,341.1,2.2,4.6,105.9,Beginner,Morning,Analytical,69.1
,41.1,54.9,18.2,346.7,5.1,,177.8,Expert,Evening,Cognitive,60.2
17.1,29.7,58.7,18.2,412.7,8.6,6.5,114.0,Intermediate,Afternoon,Cognitive,71.2
8.8,20.2,55.8,15.5,534.1,3.2,5.4,,Intermediate,Morning,Creative,57.0
18.6,28.8,42.2,14.1,290.6,5.0,7.6,5.7,Intermediate,Evening,Creative,78.3
13.4,37.5,67.8,20.1,288.5,4.5,7.5,79.9,Expert,Afternoon,Analytical,89.8
19.0,25.9,52.9,18.1,358.1,3.3,7.5,184.6,Intermediate,Morning,Creative,73.7
,36.7,64.9,12.5,293.0,5.6,,25.8,Beginner,Afternoon,Creative,78.4
17.6,31.1,53.2,17.1,294.0,5.6,6.5,131.8,Intermediate,Afternoon,Creative,79.5
11.8,33.9,55.0,16.9,277.0,2.9,7.6,100.1,Intermediate,Morning,Analytical,85.9
10.0,41.2,64.3,18.2,326.7,6.9,4.5,113.0,Beginner,Afternoon,Creative,64.4
9.3,19.0,56.5,24.2,331.0,4.0,8.4,192.7,Expert,Morning,Cognitive,85.1
19.4,35.4,61.7,13.5,303.7,6.2,6.2,128.7,Intermediate,Afternoon,Analytical,80.0
14.5,29.4,62.8,17.7,404.8,4.7,6.6,75.0,Intermediate,Evening,Cognitive,69.3
12.6,24.3,45.7,20.5,348.6,4.1,6.5,181.1,Beginner,Afternoon,Analytical,65.9
14.5,29.4,64.8,21.2,407.9,4.0,6.9,134.0,Intermediate,Afternoon,Cognitive,87.5
19.3,40.1,50.6,16.5,326.5,5.4,,37.2,Beginner,Morning,Creative,71.4
18.1,38.0,48.9,12.1,283.4,1.8,3.8,79.9,Beginner,Morning,Analytical,83.7
16.8,18.0,52.7,10.6,270.3,4.7,8.9,115.0,Intermediate,Morning,Cognitive,79.0
17.6,25.4,68.1,18.5,313.8,6.6,6.0,166.1,Intermediate,Afternoon,Analytical,82.0
,35.7,44.0,17.0,357.7,5.0,6.4,112.3,Intermediate,Afternoon,Cognitive,73.1
16.2,29.9,66.5,16.4,305.1,0.5,6.7,177.4,Beginner,Evening,Creative,71.0
15.9,29.9,63.4,16.8,362.8,1.2,7.8,124.3,Intermediate,Morning,Analytical,79.7
,20.6,60.7,18.9,390.2,4.0,6.3,79.3,Beginner,Afternoon,Analytical,75.7
18.0,25.5,62.5,17.6,279.7,2.4,8.6,123.4,Expert,Afternoon,Cognitive,88.8
16.4,21.9,57.1,17.2,265.0,5.8,9.8,163.8,Intermediate,Afternoon,Cognitive,73.4
11.5,20.1,66.8,14.2,367.4,3.1,9.5,108.9,Intermediate,Evening,Creative,83.7
17.1,22.5,55.7,19.1,333.4,5.1,7.4,53.9,Beginner,Morning,Cognitive,76.8
16.0,24.4,43.8,14.3,336.3,7.9,6.1,131.8,Beginner,Morning,Cognitive,69.4
17.4,25.4,59.2,18.9,354.9,4.0,6.1,65.5,Expert,Afternoon,Cognitive,83.0
,24.9,68.0,14.8,243.7,2.0,6.4,209.9,Beginner,Morning,Creative,81.8
,36.1,64.9,17.8,342.1,4.8,5.7,188.3,Intermediate,Morning,Creative,69.3
14.8,24.6,78.1,21.3,329.0,4.6,7.6,106.0,Intermediate,Morning,Analytical,85.5
,38.6,57.5,18.0,343.1,4.5,6.7,147.4,Beginner,Morning,Creative,83.3
13.2,27.1,58.4,20.2,272.3,6.7,7.0,114.7,Expert,Afternoon,Cognitive,86.2
13.5,32.6,57.7,14.9,324.0,1.6,6.5,210.2,Intermediate,Morning,Analytical,79.7
17.4,32.8,52.2,16.3,295.8,6.0,7.7,23.4,Beginner,Afternoon,Creative,74.7
13.7,24.6,55.3,14.9,372.2,2.8,7.4,131.7,Beginner,Afternoon,Creative,68.3
23.8,28.0,49.6,11.0,315.7,6.8,6.5,,Beginner,Afternoon,Cognitive,69.6
17.3,27.0,,19.2,290.0,-0.2,6.8,145.4,Expert,Evening,Cognitive,86.0
15.1,32.2,,17.7,270.5,8.5,6.8,7.0,Intermediate,Morning,Creative,80.5
18.3,29.2,60.2,17.5,677.4,3.5,8.0,246.9,Beginner,Evening,Analytical,57.6
13.1,25.5,66.3,19.7,369.1,1.6,5.8,,Beginner,Afternoon,Cognitive,68.8
18.7,30.7,54.2,12.6,416.2,5.8,6.3,87.3,Intermediate,Evening,Creative,59.0
18.6,32.0,54.4,11.9,303.9,5.0,4.2,29.5,Intermediate,Afternoon,Creative,78.0
20.0,41.1,70.3,19.7,269.4,4.9,5.4,159.6,Intermediate,Afternoon,Cognitive,76.6
13.2,30.4,46.7,15.8,313.7,5.9,6.6,101.0,Beginner,Evening,Analytical,71.9
10.1,30.1,58.4,16.6,285.1,4.1,6.3,176.6,Beginner,Evening,Analytical,74.2
12.6,32.6,69.6,11.6,288.5,3.4,4.1,186.0,Intermediate,Morning,Analytical,91.8
13.9,24.3,52.9,20.4,343.7,1.7,7.8,181.9,Expert,Morning,Cognitive,89.9
21.7,19.6,44.7,18.0,374.6,3.8,5.7,118.5,Beginner,Afternoon,Cognitive,59.9
23.8,28.1,77.1,14.3,340.7,3.0,4.6,229.4,Intermediate,Evening,Cognitive,75.7
16.4,36.4,68.0,22.3,325.7,4.0,7.5,167.7,Intermediate,Morning,Analytical,82.6
15.0,37.4,68.3,11.9,361.0,4.2,8.3,76.6,Intermediate,Afternoon,Analytical,86.6
13.6,18.7,59.1,15.0,308.6,7.5,3.3,81.0,Beginner,Afternoon,Cognitive,77.2
18.3,34.0,66.4,19.0,392.5,2.5,8.0,198.3,Expert,Evening,Cognitive,85.1
,16.9,35.1,19.5,470.0,3.7,6.7,160.1,Intermediate,Afternoon,Cognitive,53.0
,32.8,55.6,11.5,288.5,3.1,6.6,76.7,Intermediate,Afternoon,Analytical,72.7
19.6,32.4,69.5,15.1,380.5,1.2,5.3,98.5,Beginner,Evening,Creative,65.0
,19.7,46.0,18.2,380.5,9.8,6.8,116.2,Beginner,Afternoon,Creative,63.6
18.3,36.0,56.7,20.4,346.4,2.1,6.9,169.2,Beginner,Afternoon,Analytical,65.8
14.8,40.5,63.2,20.2,384.3,4.7,10.4,106.6,Intermediate,Morning,Cognitive,74.8
,29.6,52.2,18.1,337.7,7.4,7.8,198.9,Beginner,Afternoon,Cognitive,77.4
14.9,30.8,60.1,16.3,352.4,1.5,7.0,141.7,Intermediate,Morning,Cognitive,79.6
16.7,38.9,63.9,15.5,324.1,5.8,8.8,201.8,Beginner,Morning,Cognitive,77.4
9.2,23.2,63.0,17.5,327.0,0.9,8.3,51.2,Intermediate,Afternoon,Analytical,91.9
14.4,23.4,56.0,20.3,351.8,2.4,4.8,,Intermediate,Afternoon,Creative,80.4
11.7,25.0,51.7,15.4,341.1,5.1,8.0,190.2,Beginner,Afternoon,Creative,63.9
19.1,30.2,64.0,15.2,267.7,3.5,7.1,124.5,Beginner,Morning,Analytical,76.7
12.8,30.2,,19.4,345.5,6.9,5.9,88.5,Beginner,Afternoon,Cognitive,72.2
16.3,26.7,62.9,19.2,307.7,4.3,5.4,198.1,Intermediate,Afternoon,Creative,80.8
12.2,28.2,,14.5,292.2,5.0,,92.5,Intermediate,Afternoon,Analytical,78.9
21.4,26.8,63.4,12.0,368.5,2.6,7.0,119.7,Beginner,Morning,Cognitive,70.3
8.2,27.0,68.8,10.9,273.3,1.9,8.7,150.3,Intermediate,Afternoon,Creative,91.4
,25.4,63.1,16.4,306.4,1.7,3.6,51.9,Beginner,Evening,Analytical,75.5
9.9,25.4,61.0,12.7,266.7,2.1,5.1,109.0,Beginner,Morning,Creative,85.1
13.0,18.0,54.7,18.7,299.9,2.6,7.3,64.7,Beginner,Morning,Creative,79.3
15.8,28.7,73.9,10.8,439.6,6.3,6.8,26.6,Expert,Afternoon,Analytical,82.5
16.0,18.3,48.8,20.8,281.8,4.8,7.2,245.0,Beginner,Afternoon,Analytical,72.3
15.9,34.5,58.0,15.0,312.4,1.4,6.3,80.7,Beginner,Afternoon,Creative,74.5
15.6,26.6,54.9,13.6,389.6,3.2,7.4,,Beginner,Afternoon,Creative,67.3
12.4,29.3,41.7,14.4,341.9,3.9,4.6,245.7,Beginner,Afternoon,Analytical,72.3
14.3,27.8,63.5,13.4,313.1,9.9,10.1,82.0,Intermediate,Afternoon,Cognitive,82.1
15.1,28.5,58.0,20.5,285.4,4.0,7.6,44.4,Beginner,Morning,Cognitive,76.3
,37.6,60.3,18.0,353.7,4.9,7.7,,Beginner,Morning,Cognitive,70.6
14.7,21.9,58.2,16.3,303.8,2.0,5.4,,Intermediate,Afternoon,Cognitive,81.5
,20.3,67.5,12.4,428.7,5.4,6.1,95.3,Beginner,Morning,Analytical,76.5
15.4,30.7,68.8,15.8,305.9,6.8,,85.8,Intermediate,Evening,Cognitive,84.4
15.8,27.0,49.0,13.7,404.5,3.7,,129.3,Intermediate,Evening,Creative,66.9
,32.2,77.7,8.1,363.9,5.2,7.4,10.7,Beginner,Evening,Cognitive,72.3
10.8,34.3,57.6,13.9,797.3,5.2,5.8,305.1,Intermediate,Evening,Analytical,49.6
,23.4,65.9,17.8,312.1,4.1,,147.9,Beginner,Afternoon,Cognitive,61.9
,33.6,61.8,14.7,297.0,6.6,8.7,171.9,Intermediate,Evening,Cognitive,74.8
16.8,23.9,61.1,15.6,307.0,2.4,5.7,170.7,Intermediate,Morning,Analytical,80.3
11.7,30.4,65.6,19.1,372.3,2.3,8.4,147.2,Beginner,Morning,Cognitive,83.1
18.3,22.6,73.2,18.6,346.2,4.0,5.7,101.7,Intermediate,Evening,Analytical,87.2
13.7,30.8,67.8,21.9,226.7,3.3,6.8,123.5,Expert,Morning,Cognitive,98.4
17.9,29.9,57.6,9.4,255.6,-1.8,6.4,80.9,Expert,Evening,Analytical,89.7
13.5,23.4,59.2,13.5,313.2,2.5,6.7,131.6,Intermediate,Afternoon,Cognitive,80.1
16.4,21.8,54.4,18.7,346.8,-0.3,8.1,72.6,Intermediate,Evening,Creative,73.9
12.9,34.5,67.2,17.3,308.5,3.4,9.4,128.2,Beginner,Morning,Creative,81.0
13.0,27.3,65.9,16.3,294.9,5.4,6.7,93.6,Beginner,Afternoon,Analytical,80.3
8.7,36.1,,14.2,270.8,4.1,7.2,70.9,Intermediate,Morning,Analytical,86.3
17.0,26.7,73.3,16.7,365.7,4.3,6.6,183.0,Beginner,Evening,Analytical,76.2
16.5,37.8,70.7,16.5,325.0,3.7,7.1,167.6,Expert,Morning,Creative,89.2
16.7,24.3,78.2,10.4,404.0,4.4,,,Beginner,Afternoon,Analytical,74.6
16.1,38.8,52.1,16.6,255.0,9.6,5.4,15.4,Beginner,Morning,Cognitive,86.0
12.0,31.0,59.0,14.4,354.6,3.3,7.5,67.3,Beginner,Morning,Analytical,87.6
18.9,32.4,58.0,18.5,347.4,4.0,7.3,115.4,Expert,Afternoon,Analytical,91.7
19.0,24.0,86.0,17.0,362.4,2.3,8.7,148.4,Intermediate,Morning,Cognitive,80.9
11.8,34.4,60.1,21.9,361.3,0.2,7.1,149.4,Intermediate,Afternoon,Cognitive,81.7
17.1,34.6,72.7,16.0,294.6,4.5,6.9,133.9,Beginner,Morning,Creative,72.1
18.5,28.1,70.3,12.7,311.0,6.3,7.8,121.8,Expert,Morning,Cognitive,90.2
13.1,17.2,59.2,8.5,328.3,8.6,8.5,107.1,Beginner,Afternoon,Cognitive,80.1
13.8,23.3,60.6,13.2,269.9,3.6,6.8,82.3,Expert,Morning,Analytical,85.2
17.1,23.3,65.2,17.1,371.6,3.5,,,Intermediate,Afternoon,Creative,78.3
9.0,32.7,72.6,17.9,196.3,5.9,5.4,182.0,Beginner,Evening,Cognitive,88.0
10.6,27.2,58.3,14.2,410.6,7.4,8.6,265.0,Intermediate,Morning,Creative,72.1
,27.3,54.9,14.7,236.1,1.5,9.6,51.9,Intermediate,Morning,Cognitive,87.3
,26.6,,16.2,375.0,5.3,9.0,49.0,Beginner,Morning,Creative,69.6
19.3,38.8,48.5,17.1,330.8,7.7,6.3,118.1,Expert,Afternoon,Cognitive,89.1
7.0,30.3,62.5,19.1,293.4,3.5,6.5,89.2,Intermediate,Afternoon,Analytical,84.1
16.4,31.2,70.6,14.2,324.8,1.7,8.1,51.6,Beginner,Afternoon,Creative,73.8
,26.3,64.3,13.8,333.2,5.6,7.9,126.3,Beginner,Evening,Creative,68.4
13.8,29.8,54.3,22.1,258.0,1.3,3.3,7.0,Intermediate,Morning,Cognitive,85.5
12.3,24.1,50.0,21.3,327.3,6.4,7.1,114.5,Intermediate,Afternoon,Creative,81.6
15.9,32.1,71.9,14.4,389.4,8.0,6.9,150.6,Intermediate,Afternoon,Cognitive,73.3
15.0,23.1,58.2,19.4,398.2,3.0,5.3,148.6,Intermediate,Afternoon,Creative,73.7
19.0,34.5,51.0,22.6,362.7,7.3,6.1,11.7,Intermediate,Evening,Creative,73.3
4.5,25.6,71.4,20.0,332.9,5.3,7.4,8.8,Expert,Afternoon,Analytical,90.2
11.3,35.7,68.0,13.7,366.2,6.8,6.7,107.2,Intermediate,Evening,Analytical,79.7
17.2,41.4,,16.3,355.3,2.7,8.4,,Expert,Morning,Creative,82.0
15.2,30.0,,10.7,263.8,5.2,9.6,47.0,Beginner,Morning,Analytical,92.4
18.0,37.9,54.6,13.1,274.3,4.5,8.4,,Beginner,Morning,Creative,67.6
16.0,34.5,67.8,16.0,351.7,2.4,7.7,67.1,Beginner,Afternoon,Cognitive,78.4
14.5,21.4,79.9,16.7,286.6,3.3,6.8,113.9,Intermediate,Morning,Creative,89.0
13.8,30.7,68.9,13.9,268.7,5.2,,105.8,Expert,Morning,Creative,91.5
24.3,33.0,62.6,7.7,384.5,1.8,,47.8,Beginner,Afternoon,Analytical,62.9
21.1,33.6,45.7,16.6,323.1,1.6,6.2,59.8,Beginner,Morning,Analytical,72.9
,31.1,80.4,18.2,316.8,1.4,5.2,99.5,Expert,Morning,Cognitive,86.7
15.3,31.0,,18.3,259.9,2.4,4.7,,Beginner,Morning,Cognitive,78.9
17.2,30.0,45.9,15.4,297.6,4.6,8.9,139.3,Intermediate,Evening,Cognitive,75.5
,30.8,75.4,15.6,302.8,3.0,7.4,153.6,Intermediate,Morning,Creative,80.7
16.7,22.7,60.6,16.7,274.7,6.6,7.8,147.2,Expert,Afternoon,Cognitive,74.2
12.0,28.6,57.2,17.2,259.2,1.1,6.8,,Beginner,Afternoon,Cognitive,86.8
,21.3,54.3,15.7,407.4,5.0,9.8,140.0,Beginner,Afternoon,Analytical,73.9
16.0,27.0,,9.0,390.5,3.3,9.6,141.5,Intermediate,Morning,Analytical,77.7
23.1,26.5,68.1,20.2,314.8,3.8,7.0,209.2,Expert,Afternoon,Cognitive,82.6
15.7,26.1,55.1,14.6,253.6,5.4,7.0,238.5,Intermediate,Afternoon,Cognitive,75.7
14.0,23.7,61.3,12.3,233.7,-1.3,6.7,194.4,Beginner,Afternoon,Creative,78.6
,31.6,93.8,14.8,297.4,-0.3,5.3,92.5,Intermediate,Morning,Creative,92.9
16.2,28.1,64.8,16.3,207.3,3.9,6.4,73.7,Expert,Morning,Analytical,98.2
15.5,27.5,69.7,14.2,297.4,3.6,,107.9,Expert,Evening,Cognitive,96.4
10.2,21.6,50.4,14.4,218.9,1.1,3.7,85.7,Expert,Afternoon,Cognitive,79.9
17.6,28.2,46.4,15.0,315.3,8.0,3.6,245.6,Beginner,Afternoon,Cognitive,71.1
13.0,36.9,74.6,17.1,329.8,1.7,6.9,177.3,Beginner,Afternoon,Cognitive,76.0
13.2,37.0,71.8,13.6,310.7,2.9,8.2,157.4,Intermediate,Evening,Cognitive,76.3
13.0,32.2,77.1,17.0,428.6,6.3,5.8,168.2,Expert,Afternoon,Creative,81.0
16.8,28.2,59.2,11.9,309.7,2.6,9.6,,Beginner,Afternoon,Creative,76.2
8.9,33.4,72.5,22.0,406.5,2.3,6.6,157.1,Beginner,Evening,Cognitive,64.6
14.2,26.0,34.5,19.2,334.8,4.8,5.7,108.5,Intermediate,Afternoon,Creative,70.3
18.9,28.2,65.4,15.2,420.6,2.5,4.9,164.5,Beginner,Morning,Creative,67.0
,25.5,70.3,17.0,232.2,4.8,7.1,,Beginner,Morning,Cognitive,80.2
15.7,35.5,53.1,12.5,265.9,5.0,,,Intermediate,Evening,Creative,72.1
12.5,34.7,70.6,17.7,305.7,4.8,5.9,264.0,Intermediate,Evening,Cognitive,75.5
13.4,29.8,58.2,18.5,400.2,6.4,7.1,83.2,Intermediate,Afternoon,Creative,89.0
21.6,40.4,,16.8,308.0,3.2,4.9,212.5,Beginner,Afternoon,Cognitive,61.3
8.4,32.5,57.4,18.7,286.0,3.0,6.2,110.4,Intermediate,Afternoon,Cognitive,79.8
,32.1,75.8,16.0,350.3,3.8,7.0,189.5,Intermediate,Afternoon,Creative,73.0
,31.5,55.5,15.7,365.3,-1.7,5.2,123.2,Intermediate,Afternoon,Creative,72.9
12.9,22.4,54.2,14.0,281.6,4.4,8.0,33.4,Intermediate,Morning,Analytical,88.9
10.6,24.6,,17.7,285.6,3.3,8.4,184.2,Beginner,Evening,Cognitive,64.0
18.0,29.7,56.3,13.5,404.7,4.8,5.5,208.4,Beginner,Evening,Cognitive,58.0
14.2,29.7,62.0,17.2,382.4,2.2,6.7,119.6,Beginner,Afternoon,Cognitive,70.8
13.7,33.5,66.4,16.9,395.8,6.7,,171.5,Beginner,Morning,Cognitive,75.2
15.4,26.0,52.5,20.0,367.0,3.6,7.5,78.4,Intermediate,Morning,Creative,76.1
14.3,30.4,63.7,17.8,277.3,5.7,6.6,123.8,Expert,Afternoon,Creative,89.8
7.0,30.5,66.1,10.7,318.4,3.0,5.9,,Intermediate,Afternoon,Analytical,88.2
13.0,30.8,50.7,14.0,266.9,4.9,5.4,142.9,Intermediate,Afternoon,Cognitive,77.7
18.6,30.1,60.6,13.9,368.8,0.9,8.3,150.7,Beginner,Afternoon,Analytical,70.7
9.0,21.6,59.2,13.8,292.8,-0.4,6.1,181.6,Intermediate,Afternoon,Analytical,88.2
10.6,16.4,60.7,18.9,234.4,3.6,5.8,221.2,Beginner,Evening,Analytical,77.5
13.3,24.3,54.7,9.4,325.7,4.0,8.6,187.9,Beginner,Morning,Analytical,76.4
12.1,26.8,58.6,20.3,376.3,3.8,7.2,,Beginner,Afternoon,Analytical,63.3
14.9,22.9,60.3,19.0,251.1,3.4,,119.1,Intermediate,Evening,Creative,73.2
10.6,29.7,,16.6,313.7,3.2,6.7,131.5,Expert,Afternoon,Creative,93.2
13.4,36.5,60.4,17.0,292.3,5.4,5.5,43.0,Beginner,Afternoon,Analytical,88.9
14.8,34.4,73.4,16.2,369.6,7.6,5.2,136.1,Beginner,Afternoon,Creative,69.5
17.6,32.8,,16.5,217.6,9.2,6.2,51.3,Intermediate,Evening,Creative,82.0
20.0,35.9,46.8,19.4,376.7,6.2,6.7,97.6,Beginner,Morning,Analytical,66.9
14.0,24.5,57.1,15.3,284.7,-0.6,6.1,165.0,Expert,Afternoon,Creative,85.9
22.6,27.3,74.2,17.8,312.0,6.1,7.8,96.4,Intermediate,Morning,Creative,78.6
14.3,33.7,61.8,13.4,362.9,6.1,8.0,204.5,Expert,Morning,Cognitive,82.2
18.3,27.2,58.8,17.6,393.9,3.8,5.9,117.6,Intermediate,Afternoon,Analytical,80.2
22.7,27.5,67.5,15.2,322.6,5.9,6.7,,Intermediate,Morning,Cognitive,81.7
15.6,41.2,70.7,17.3,283.8,4.7,6.3,103.4,Intermediate,Evening,Cognitive,81.6
9.5,30.6,59.7,13.4,293.4,4.0,5.5,113.6,Intermediate,Evening,Analytical,80.7
15.4,40.6,57.2,17.3,378.3,4.5,,189.2,Intermediate,Morning,Cognitive,78.9
12.6,19.1,,15.9,275.8,2.9,4.2,,Beginner,Afternoon,Cognitive,72.5
13.9,26.2,60.5,20.7,336.4,0.3,5.6,142.5,Intermediate,Afternoon,Creative,89.9
22.9,32.5,56.2,16.8,320.4,0.2,5.3,94.5,Intermediate,Evening,Cognitive,67.6
10.1,30.6,49.9,17.5,358.0,5.8,5.6,-17.6,Expert,Afternoon,Analytical,81.2
16.2,17.7,57.9,14.7,321.7,1.9,5.4,84.2,Intermediate,Morning,Creative,82.2
11.5,28.6,55.8,16.9,298.3,0.9,4.6,207.7,Intermediate,Evening,Creative,74.1
13.8,44.8,61.7,17.4,294.8,0.9,6.6,140.1,Beginner,Afternoon,Creative,64.6
18.0,31.5,57.2,14.9,293.9,3.0,6.4,173.6,Intermediate,Afternoon,Analytical,77.8
,33.6,,14.7,251.0,7.0,,175.8,Intermediate,Evening,Analytical,85.2
14.1,26.1,61.7,13.6,345.3,3.7,7.4,166.7,Expert,Evening,Analytical,90.0
12.4,31.5,72.7,15.8,330.5,1.1,7.6,215.7,Expert,Afternoon,Cognitive,99.6
16.3,29.9,54.7,14.0,246.7,7.0,5.8,100.9,Beginner,Afternoon,Cognitive,70.4
21.8,36.7,77.8,16.9,299.7,4.7,7.1,209.1,Expert,Evening,Creative,87.8
11.4,36.5,70.7,13.6,306.2,3.3,6.6,160.2,Beginner,Morning,Creative,83.5
22.6,32.4,74.9,15.6,290.7,5.0,6.8,,Beginner,Morning,Analytical,76.7
,30.4,,13.2,314.0,4.0,6.3,-3.4,Intermediate,Morning,Analytical,82.7
20.5,19.9,,19.4,314.7,2.6,,144.1,Beginner,Evening,Cognitive,67.5
16.2,19.7,54.6,16.1,364.7,2.9,6.6,175.1,Intermediate,Afternoon,Cognitive,75.5
19.7,30.5,,16.0,319.8,1.5,,134.0,Beginner,Morning,Analytical,91.9
11.0,35.2,71.0,17.8,349.7,3.1,7.4,195.0,Beginner,Evening,Analytical,81.5
12.3,38.0,49.9,21.3,250.5,5.9,,197.7,Intermediate,Afternoon,Cognitive,81.2
18.1,24.7,69.8,16.2,266.9,5.8,,103.3,Intermediate,Evening,Creative,76.5
16.2,20.9,51.7,11.5,251.3,3.6,6.2,126.6,Expert,Morning,Creative,88.1
14.4,35.6,63.2,19.5,300.2,3.7,10.5,,Intermediate,Afternoon,Cognitive,80.9
5.0,25.1,68.3,11.9,322.8,1.9,4.3,94.7,Intermediate,Afternoon,Cognitive,82.7
13.3,20.5,74.6,14.5,403.4,4.8,4.6,126.0,Beginner,Afternoon,Creative,68.1
10.3,27.0,62.4,19.6,278.5,1.2,8.6,134.1,Beginner,Afternoon,Cognitive,84.8
17.0,26.9,58.7,15.0,362.5,5.7,9.9,-5.4,Beginner,Evening,Creative,69.2
,37.9,,14.3,278.4,4.8,9.2,,Intermediate,Afternoon,Creative,84.6
12.5,35.2,70.7,16.8,321.2,3.5,,144.3,Intermediate,Evening,Cognitive,75.4
,25.6,67.9,16.0,312.4,4.9,6.4,127.8,Intermediate,Morning,Analytical,72.5
19.2,38.4,59.8,13.9,273.8,3.3,6.6,115.8,Intermediate,Morning,Analytical,80.5
19.2,30.8,41.4,18.6,277.7,4.4,7.6,59.3,Intermediate,Morning,Analytical,72.9
23.8,36.4,35.7,19.7,399.9,4.4,8.4,41.6,Beginner,Afternoon,Analytical,62.2
,38.0,,20.2,293.3,6.3,7.8,88.1,Beginner,Afternoon,Analytical,77.3
11.9,28.4,48.2,17.7,369.9,5.0,4.0,11.3,Expert,Evening,Analytical,74.4
11.4,33.4,54.7,13.9,353.9,6.1,5.2,117.4,Intermediate,Afternoon,Analytical,81.7
18.9,27.6,57.7,12.2,289.4,4.8,7.4,69.5,Expert,Afternoon,Cognitive,74.7
6.8,35.6,80.8,9.0,319.8,3.9,4.9,132.1,Beginner,Afternoon,Cognitive,85.4
14.7,30.5,61.2,19.1,326.0,5.0,4.1,86.3,Expert,Morning,Analytical,90.6
6.3,35.8,67.2,16.6,344.3,4.7,,3.3,Beginner,Morning,Cognitive,81.8
15.4,39.1,65.0,14.7,299.7,3.3,7.4,61.1,Beginner,Afternoon,Creative,79.8
18.4,33.3,35.8,10.2,244.7,1.2,9.3,131.2,Expert,Afternoon,Analytical,87.3
16.1,29.4,56.0,12.5,285.0,3.0,8.5,166.8,Beginner,Evening,Creative,71.6
,29.5,,10.7,378.3,2.9,6.1,103.6,Intermediate,Afternoon,Cognitive,71.5
22.9,12.3,77.3,20.3,318.4,5.1,7.4,135.1,Beginner,Afternoon,Analytical,76.7
14.4,25.7,41.8,17.9,299.0,3.9,5.8,109.0,Intermediate,Afternoon,Creative,75.1
26.2,35.6,55.8,12.1,246.2,2.4,4.6,107.0,Expert,Evening,Cognitive,77.4
15.9,35.8,57.4,20.9,381.9,3.7,8.8,71.3,Beginner,Morning,Analytical,76.3
18.8,25.6,50.1,13.8,309.6,3.4,6.7,118.1,Intermediate,Afternoon,Analytical,75.9
12.6,31.0,61.0,17.0,374.4,2.2,,83.2,Beginner,Afternoon,Creative,78.1
21.5,28.9,59.6,17.1,354.1,6.9,7.2,202.7,Intermediate,Evening,Creative,72.7
19.2,34.1,61.6,15.7,359.8,3.6,7.4,79.5,Beginner,Morning,Creative,81.6
20.9,43.3,65.0,15.1,403.0,2.4,7.9,130.6,Beginner,Afternoon,Cognitive,73.8
15.2,34.3,62.4,16.1,326.0,0.7,6.7,56.0,Beginner,Morning,Creative,72.3
10.0,26.0,63.8,15.2,313.3,4.2,6.6,108.0,Beginner,Afternoon,Creative,78.9
16.8,29.5,71.1,16.7,398.2,5.0,7.4,59.4,Expert,Morning,Creative,79.7
8.2,38.4,43.5,16.9,361.7,2.7,8.9,85.8,Beginner,Morning,Analytical,69.4
13.7,21.5,67.0,14.4,284.8,4.3,7.8,178.5,Beginner,Afternoon,Creative,86.4
15.8,26.3,,19.3,372.2,1.8,,117.3,Intermediate,Morning,Creative,68.0
24.5,34.3,53.6,13.5,395.7,3.5,6.4,169.7,Beginner,Morning,Cognitive,66.0
16.3,37.8,61.2,17.2,205.0,6.2,6.8,107.4,Intermediate,Morning,Cognitive,82.4
15.6,33.7,64.1,15.0,257.8,3.5,5.7,164.1,Expert,Morning,Creative,98.6
,26.4,,13.4,279.5,2.7,5.5,169.1,Intermediate,Evening,Cognitive,82.2
9.6,33.2,50.5,15.2,356.2,6.7,6.6,162.8,Expert,Afternoon,Cognitive,90.6
15.3,32.5,,14.0,359.4,4.4,7.0,,Intermediate,Evening,Cognitive,73.9
,32.1,55.8,18.0,680.6,3.0,8.1,226.2,Beginner,Afternoon,Analytical,47.4
11.1,29.4,52.8,15.7,363.8,2.3,5.3,94.3,Intermediate,Evening,Creative,73.8
10.3,30.3,47.3,20.1,264.6,1.7,7.0,35.0,Intermediate,Afternoon,Creative,81.6
,24.6,46.3,13.1,259.7,4.9,7.6,74.3,Intermediate,Afternoon,Creative,78.3
15.3,44.9,46.0,9.4,382.7,5.5,5.5,143.5,Expert,Afternoon,Cognitive,81.5
13.2,30.9,63.1,17.2,325.2,4.0,6.3,186.8,Intermediate,Afternoon,Cognitive,78.4
10.8,33.3,66.0,21.2,380.4,3.6,8.1,,Expert,Afternoon,Cognitive,78.5
16.2,28.7,51.4,17.5,285.1,5.2,6.9,101.3,Intermediate,Morning,Analytical,80.0
17.2,35.1,48.6,13.2,267.2,1.2,4.0,94.4,Intermediate,Morning,Cognitive,82.4
15.5,22.2,57.9,12.9,256.5,4.2,8.2,,Intermediate,Afternoon,Analytical,87.9
12.7,19.5,61.0,22.1,360.1,4.0,7.1,156.4,Beginner,Afternoon,Creative,65.5
17.4,29.8,62.6,14.9,376.6,4.8,4.6,122.1,Expert,Morning,Cognitive,75.9
14.2,42.3,50.4,13.0,347.1,5.0,5.7,90.0,Intermediate,Afternoon,Analytical,71.3
10.2,37.2,58.3,19.6,295.8,3.2,6.8,69.1,Beginner,Afternoon,Analytical,78.7
19.1,25.1,75.7,15.6,351.9,7.7,7.5,,Beginner,Evening,Cognitive,74.1
16.4,33.1,48.1,9.9,350.5,1.8,,78.3,Intermediate,Morning,Analytical,89.6
14.5,26.2,59.7,22.2,218.7,3.0,5.6,116.1,Beginner,Morning,Cognitive,79.0
8.7,32.6,65.0,17.8,302.5,5.7,6.3,71.5,Beginner,Evening,Analytical,81.6
12.0,33.0,50.3,11.5,334.0,2.7,8.3,86.4,Intermediate,Afternoon,Creative,70.9
23.1,35.6,66.1,20.2,375.4,4.2,8.6,161.1,Beginner,Morning,Creative,67.4
9.0,20.6,46.6,12.9,315.7,2.9,6.5,155.2,Intermediate,Evening,Creative,74.2
14.0,22.4,66.3,12.7,327.5,3.2,6.2,221.8,Beginner,Afternoon,Cognitive,66.1
14.9,29.5,60.4,13.3,316.6,1.4,7.7,140.4,Beginner,Afternoon,Creative,81.5
16.3,23.8,45.8,21.8,333.3,5.5,3.9,,Intermediate,Evening,Creative,62.5
9.0,23.3,66.9,22.1,251.6,5.6,7.0,27.6,Intermediate,Evening,Creative,83.6
15.7,31.6,51.0,14.4,289.7,5.6,7.0,,Beginner,Afternoon,Cognitive,78.1
8.3,24.5,58.5,21.1,208.4,3.1,6.3,117.1,Beginner,Morning,Analytical,84.3
15.4,43.5,,9.1,297.9,4.7,7.7,105.0,Intermediate,Morning,Cognitive,75.7
12.4,26.8,50.4,18.7,344.8,8.0,8.6,49.2,Beginner,Morning,Cognitive,78.9
,28.4,54.7,20.1,280.4,4.6,5.5,62.3,Beginner,Morning,Creative,83.8
18.3,31.8,71.3,20.5,307.4,1.7,5.9,184.5,Beginner,Afternoon,Analytical,75.9
14.1,21.0,39.3,16.2,339.5,2.3,8.0,181.2,Expert,Evening,Creative,72.2
16.9,33.1,,17.7,456.1,2.2,4.8,135.9,Intermediate,Evening,Creative,76.3
17.0,32.0,,13.8,315.9,6.6,6.2,157.4,Intermediate,Afternoon,Cognitive,64.2
20.1,27.9,53.0,16.1,356.0,4.8,10.3,51.2,Intermediate,Afternoon,Cognitive,82.1
10.2,31.6,62.8,15.5,310.7,0.9,7.3,139.0,Intermediate,Morning,Cognitive,90.4
18.7,32.6,66.0,15.3,337.8,6.6,6.6,81.0,Intermediate,Morning,Creative,73.1
15.1,38.6,63.0,19.4,318.6,5.1,4.4,194.7,Intermediate,Morning,Analytical,76.1
13.5,45.0,60.5,16.6,298.9,4.3,3.4,149.0,Beginner,Evening,Analytical,60.6
10.4,23.6,55.6,21.1,309.9,7.0,8.6,27.1,Intermediate,Morning,Creative,76.0
17.4,22.2,75.6,16.7,382.4,3.5,5.3,46.7,Intermediate,Evening,Analytical,87.5
11.3,30.6,67.7,22.6,334.5,6.7,7.1,115.1,Intermediate,Afternoon,Creative,82.2
17.1,17.5,71.8,19.7,260.2,-0.4,8.9,65.5,Beginner,Morning,Analytical,88.1
22.7,33.9,55.8,15.7,298.8,2.5,6.3,187.0,Beginner,Morning,Creative,74.0
18.9,30.7,36.7,16.5,275.4,5.6,6.3,8.7,Intermediate,Afternoon,Analytical,75.2
20.6,32.2,70.2,13.5,366.4,7.4,8.0,115.8,Intermediate,Evening,Cognitive,67.6
12.1,28.2,63.6,16.5,282.0,1.6,9.0,24.9,Expert,Afternoon,Cognitive,92.6
18.1,31.5,61.8,13.1,363.1,3.2,8.3,97.3,Beginner,Morning,Cognitive,81.3
10.4,32.8,54.3,20.0,368.8,4.3,9.2,45.6,Intermediate,Afternoon,Cognitive,71.7
14.1,31.2,56.5,15.0,327.2,2.1,3.5,115.8,Intermediate,Morning,Creative,69.3
22.0,21.9,54.0,17.1,347.2,3.5,7.6,65.1,Expert,Evening,Analytical,78.7
12.6,31.0,,9.2,294.9,7.2,8.9,78.4,Intermediate,Afternoon,Creative,79.9
19.4,41.1,48.6,15.2,362.5,1.9,7.7,183.8,Intermediate,Afternoon,Cognitive,70.6
19.1,31.4,67.6,14.9,258.0,3.5,6.8,93.1,Intermediate,Afternoon,Analytical,85.7
19.3,30.8,80.4,18.8,296.9,4.5,5.2,-44.3,Intermediate,Afternoon,Creative,84.5
9.9,39.4,54.0,17.6,304.6,4.9,5.9,110.0,Expert,Morning,Cognitive,91.9
17.1,25.5,44.1,19.1,369.3,2.3,9.2,204.8,Beginner,Morning,Analytical,65.4
,35.3,59.0,17.3,405.3,3.6,,141.6,Beginner,Afternoon,Analytical,67.7
19.4,26.8,63.2,19.7,297.3,3.4,6.1,175.4,Expert,Evening,Cognitive,84.3
8.4,36.5,64.5,17.3,315.2,4.6,,83.3,Intermediate,Afternoon,Cognitive,84.6
16.5,34.8,76.0,11.9,260.9,1.6,7.7,158.2,Intermediate,Morning,Analytical,93.5
15.9,27.5,68.2,15.7,315.8,6.5,5.8,92.5,Intermediate,Evening,Cognitive,73.0
7.0,28.4,,15.9,375.1,4.5,7.0,,Beginner,Morning,Creative,66.9
11.5,35.9,47.6,6.2,230.2,6.1,9.6,190.3,Intermediate,Morning,Cognitive,87.1
7.7,18.9,64.1,13.0,320.9,2.9,8.2,55.5,Intermediate,Morning,Cognitive,89.3
12.1,27.3,,22.1,355.9,1.6,9.0,12.2,Beginner,Afternoon,Cognitive,76.3
17.2,33.7,75.2,15.2,322.9,2.1,,94.7,Beginner,Afternoon,Analytical,84.8
15.8,28.2,50.6,15.7,310.5,5.4,8.1,139.8,Expert,Afternoon,Analytical,83.7
15.7,30.8,69.6,9.5,363.8,3.1,9.0,218.8,Beginner,Afternoon,Cognitive,67.7
,17.8,53.5,12.0,279.6,0.8,5.8,125.3,Expert,Morning,Analytical,86.9
19.5,24.9,,17.5,281.0,4.4,6.9,157.6,Beginner,Evening,Cognitive,74.2
14.9,34.1,51.7,14.6,433.7,3.4,6.0,155.7,Intermediate,Morning,Creative,76.9
15.1,25.5,65.6,12.7,336.3,3.4,6.1,,Expert,Evening,Analytical,79.3
18.8,22.2,70.7,19.9,331.1,0.6,6.8,140.8,Intermediate,Afternoon,Cognitive,70.4
11.0,36.4,62.5,13.9,291.3,1.0,5.6,215.3,Intermediate,Afternoon,Analytical,86.8
15.9,33.1,,12.1,275.3,2.9,6.4,121.4,Intermediate,Afternoon,Creative,92.3
16.7,23.5,52.8,16.1,317.6,2.1,8.0,135.9,Beginner,Afternoon,Creative,84.2
12.8,30.8,61.0,13.6,324.8,2.9,6.9,79.1,Beginner,Morning,Cognitive,76.9
17.6,23.7,68.5,13.6,260.1,5.7,5.8,,Expert,Evening,Analytical,87.6
16.9,29.1,50.5,15.8,222.7,1.9,8.2,187.3,Intermediate,Morning,Creative,79.9
14.6,31.1,60.6,14.1,233.7,2.2,5.6,32.7,Intermediate,Morning,Analytical,87.6
14.5,25.1,66.6,11.0,247.3,2.9,5.3,74.3,Beginner,Afternoon,Cognitive,80.3
17.1,34.5,69.3,17.7,551.9,2.1,8.8,198.0,Beginner,Afternoon,Creative,70.4
,35.4,71.4,18.6,315.8,3.6,8.3,126.5,Beginner,Morning,Creative,83.9
15.3,31.6,51.3,15.2,324.2,6.1,6.5,114.6,Intermediate,Evening,Analytical,84.9
19.5,32.5,62.9,17.9,311.6,3.4,9.8,167.4,Intermediate,Evening,Creative,80.9
17.6,21.3,46.9,14.9,337.9,4.5,6.2,297.4,Intermediate,Afternoon,Cognitive,70.2
7.8,38.2,52.8,10.3,340.0,-0.6,,56.6,Expert,Afternoon,Cognitive,82.1
9.4,29.5,58.3,18.7,336.5,4.2,4.6,136.4,Beginner,Afternoon,Creative,78.4
19.7,24.4,71.4,15.7,324.5,7.0,5.5,79.7,Beginner,Morning,Cognitive,75.5
14.0,30.9,65.3,16.5,507.3,4.2,8.5,283.1,Beginner,Afternoon,Creative,65.2
15.7,34.5,60.4,15.7,534.0,4.3,9.1,455.4,Intermediate,Evening,Creative,65.0
19.6,33.1,64.5,15.5,291.9,4.6,6.8,116.7,Beginner,Evening,Creative,70.0
15.0,23.5,65.2,16.4,376.8,7.1,10.4,180.2,Expert,Evening,Creative,73.9
15.1,34.5,63.7,16.5,437.2,6.7,9.0,62.0,Beginner,Morning,Analytical,77.6
11.5,29.6,54.2,19.8,347.9,2.0,6.0,196.0,Expert,Morning,Creative,89.0
16.5,33.0,50.4,17.3,337.9,6.4,6.4,223.5,Intermediate,Morning,Cognitive,73.3
17.3,25.2,57.8,19.5,373.3,6.8,4.9,112.1,Expert,Afternoon,Analytical,73.2
12.7,36.3,52.1,20.5,395.7,0.6,6.3,160.2,Intermediate,Morning,Cognitive,73.4
11.3,31.1,66.2,11.2,273.9,4.1,7.4,45.2,Expert,Afternoon,Creative,80.4
25.5,37.1,,19.8,465.2,5.1,7.1,82.8,Beginner,Afternoon,Cognitive,64.6
14.6,20.8,65.6,18.0,399.4,-1.6,7.0,152.7,Intermediate,Evening,Analytical,76.5
12.3,21.6,41.9,17.5,251.7,2.6,8.5,262.4,Expert,Afternoon,Cognitive,87.7
17.8,28.6,53.7,19.0,270.1,2.6,7.2,10.8,Beginner,Evening,Analytical,75.1
14.8,38.8,60.2,15.2,460.8,2.7,8.0,131.6,Beginner,Morning,Creative,67.6
10.7,41.8,45.7,17.8,371.8,6.1,7.7,195.8,Intermediate,Morning,Creative,77.1
16.9,24.7,60.3,12.8,290.1,3.9,7.4,229.8,Expert,Evening,Cognitive,78.6
11.6,30.3,64.7,11.8,324.0,4.8,8.4,108.0,Intermediate,Afternoon,Cognitive,90.0
21.3,30.9,74.1,17.6,357.7,4.2,8.2,197.7,Intermediate,Afternoon,Creative,80.8
17.0,34.3,78.2,15.8,364.4,8.9,5.3,164.4,Beginner,Morning,Creative,76.8
13.9,35.3,48.1,16.0,388.4,6.0,9.7,226.6,Beginner,Morning,Cognitive,59.2
15.4,23.3,58.8,13.6,332.1,4.0,7.2,108.1,Expert,Afternoon,Creative,91.0
,30.4,59.0,17.2,334.0,3.5,5.6,125.9,Beginner,Evening,Analytical,70.1
15.7,17.9,52.9,14.7,455.5,2.6,6.9,142.2,Intermediate,Evening,Analytical,72.3
23.5,34.9,61.0,15.9,273.6,2.1,7.4,102.3,Expert,Afternoon,Cognitive,93.2
,28.0,59.2,14.5,271.2,1.6,7.9,102.0,Beginner,Afternoon,Cognitive,77.0
17.0,22.8,66.1,13.6,312.8,6.0,8.4,71.1,Intermediate,Evening,Creative,66.4
11.3,32.0,73.6,15.4,337.2,2.2,8.2,227.8,Beginner,Afternoon,Creative,76.3
14.4,27.8,61.3,19.6,247.2,5.3,9.8,123.8,Intermediate,Afternoon,Analytical,87.0
16.9,37.6,55.1,14.6,422.3,3.0,7.2,91.2,Beginner,Evening,Cognitive,62.9
11.7,24.6,49.7,15.6,285.2,2.5,6.8,96.0,Intermediate,Evening,Cognitive,80.4
,43.3,80.4,15.2,277.1,3.3,4.8,27.2,Beginner,Evening,Cognitive,73.6
11.1,35.1,69.1,14.1,318.6,7.6,8.5,156.7,Intermediate,Morning,Cognitive,87.5
12.5,37.7,64.0,19.7,201.5,10.1,7.9,68.2,Intermediate,Afternoon,Analytical,84.2
12.8,23.8,,11.9,338.1,3.3,6.2,83.2,Beginner,Evening,Analytical,72.1
18.0,40.7,76.1,15.7,270.5,3.1,,188.2,Intermediate,Morning,Cognitive,90.9
11.8,22.7,58.4,13.5,223.9,5.9,7.0,87.8,Beginner,Evening,Analytical,78.4
,28.7,42.9,17.7,327.2,4.3,7.3,,Intermediate,Morning,Cognitive,72.5
19.4,37.8,62.7,16.4,327.1,2.7,6.6,86.9,Beginner,Evening,Analytical,71.8
13.2,33.0,47.7,19.5,417.3,5.0,7.2,89.5,Intermediate,Afternoon,Creative,66.4
10.7,22.6,62.7,18.2,329.0,5.5,4.7,82.2,Beginner,Morning,Analytical,70.9
12.0,36.8,73.4,16.2,328.6,3.5,6.4,109.0,Intermediate,Afternoon,Cognitive,83.1
21.9,32.0,43.3,18.2,322.1,3.6,7.5,36.7,Beginner,Afternoon,Creative,66.0
12.4,27.5,51.0,18.5,191.1,7.4,5.9,165.7,Intermediate,Afternoon,Cognitive,83.5
14.5,20.7,68.6,13.3,323.8,2.4,7.6,288.5,Beginner,Afternoon,Creative,76.1
13.2,32.6,55.0,18.3,317.6,2.9,10.1,,Expert,Evening,Creative,76.3
10.1,29.0,64.2,16.9,312.8,3.1,5.3,64.6,Expert,Afternoon,Analytical,88.9
,30.9,64.2,17.5,278.3,7.4,,160.5,Beginner,Afternoon,Analytical,85.2
9.8,20.5,68.9,14.8,348.3,0.0,8.8,27.4,Intermediate,Morning,Creative,84.6
18.8,27.5,53.5,13.4,271.2,5.6,10.1,73.9,Beginner,Evening,Creative,72.3
15.4,32.9,34.5,12.9,755.8,3.9,,174.9,Beginner,Morning,Creative,50.1
24.9,41.3,64.0,5.8,339.4,7.6,7.0,,Intermediate,Afternoon,Cognitive,80.5
12.2,28.8,44.3,13.9,390.1,4.7,6.0,161.9,Intermediate,Evening,Analytical,69.9
11.6,38.7,69.4,23.3,296.8,-0.3,7.8,34.3,Intermediate,Morning,Cognitive,81.3
21.1,34.7,59.6,18.5,386.9,7.2,7.0,168.9,Beginner,Afternoon,Analytical,71.0
19.2,31.4,57.0,17.0,330.6,3.5,8.3,86.7,Beginner,Morning,Cognitive,75.6
16.5,23.9,66.9,18.9,316.2,-0.1,4.4,156.5,Beginner,Evening,Analytical,73.1
10.5,24.2,42.6,15.2,277.3,3.2,7.5,74.5,Intermediate,Afternoon,Creative,76.7
22.0,33.7,,14.8,339.8,4.1,5.7,113.6,Intermediate,Evening,Creative,66.6
14.7,26.8,64.5,15.1,296.2,1.9,8.4,70.5,Intermediate,Evening,Analytical,80.1
13.3,26.3,62.5,13.8,318.6,0.9,5.3,113.8,Beginner,Afternoon,Creative,70.6
,28.9,55.1,14.0,358.9,4.6,7.9,48.8,Beginner,Afternoon,Creative,71.0
14.9,29.0,55.2,16.0,318.5,1.5,6.1,68.8,Beginner,Afternoon,Cognitive,78.7
10.3,35.4,75.4,16.2,335.9,1.9,6.3,81.9,Beginner,Afternoon,Analytical,83.4
15.2,27.0,69.1,20.0,395.7,6.7,8.3,,Beginner,Afternoon,Creative,66.4
11.9,34.8,53.4,19.1,348.1,3.3,5.8,97.3,Expert,Evening,Analytical,82.2
3.0,32.6,73.5,11.5,286.0,1.6,,125.0,Expert,Afternoon,Cognitive,91.0
11.5,20.0,67.6,15.1,299.7,2.2,7.1,199.6,Intermediate,Morning,Analytical,74.4
12.9,31.8,64.9,12.7,327.0,4.8,6.0,52.8,Intermediate,Afternoon,Cognitive,83.3
,14.0,65.3,8.2,426.1,4.8,4.9,57.7,Beginner,Afternoon,Cognitive,69.8
17.3,24.6,48.5,16.3,253.3,5.3,7.5,122.0,Expert,Morning,Cognitive,83.9
11.9,32.8,75.1,17.7,329.5,5.6,7.4,21.9,Beginner,Afternoon,Creative,80.4
16.9,29.9,69.5,16.2,388.2,4.7,7.2,134.7,Expert,Afternoon,Cognitive,79.0
10.1,19.4,62.5,17.3,350.7,5.2,7.8,120.9,Intermediate,Afternoon,Analytical,87.1
18.6,23.3,62.4,15.0,313.4,3.0,4.0,152.7,Beginner,Afternoon,Analytical,65.5
9.9,14.3,59.1,12.9,234.0,1.8,5.9,254.3,Expert,Afternoon,Creative,81.0
5.6,21.9,54.3,14.9,395.6,6.7,7.4,,Beginner,Evening,Creative,69.6
19.9,33.5,65.3,20.1,296.3,5.8,8.6,87.6,Intermediate,Evening,Cognitive,81.8
11.6,26.7,,17.1,272.4,3.4,7.4,177.7,Intermediate,Afternoon,Cognitive,75.5
22.0,31.0,61.5,11.4,332.5,2.7,8.8,119.3,Beginner,Morning,Cognitive,72.3
17.3,30.1,61.0,16.4,755.1,8.6,6.0,215.7,Intermediate,Evening,Creative,49.0
18.2,30.2,63.9,19.8,340.2,2.2,6.1,227.2,Intermediate,Afternoon,Creative,76.4
19.2,36.1,69.4,18.3,301.8,4.5,6.4,165.0,Intermediate,Morning,Analytical,86.7
15.5,28.8,64.0,19.9,332.4,2.7,6.9,62.9,Beginner,Morning,Cognitive,74.2
15.5,35.5,66.9,11.5,710.4,3.2,4.3,127.0,Expert,Morning,Cognitive,69.8
20.1,15.1,40.6,16.4,296.6,2.5,,39.9,Beginner,Morning,Analytical,74.7
15.4,36.7,,15.0,323.4,-0.3,6.9,54.0,Beginner,Morning,Analytical,79.7
12.1,22.3,60.8,17.8,278.8,4.8,6.1,187.7,Beginner,Evening,Analytical,71.8
17.3,23.6,63.7,13.5,270.6,5.3,5.8,89.5,Beginner,Afternoon,Analytical,80.1
6.5,25.8,54.7,13.4,347.6,2.7,7.4,12.9,Beginner,Afternoon,Cognitive,81.2
20.3,36.5,71.5,16.0,300.3,9.2,7.9,147.5,Expert,Evening,Creative,86.0
20.4,24.7,62.5,13.2,318.7,4.6,7.2,130.2,Beginner,Evening,Cognitive,77.5
19.8,26.1,52.6,16.8,281.4,4.3,7.2,,Beginner,Evening,Analytical,69.4
19.6,24.2,54.3,9.9,291.7,4.8,6.9,81.8,Beginner,Evening,Creative,73.1
14.7,31.5,69.0,19.5,295.8,2.8,7.0,121.1,Intermediate,Afternoon,Cognitive,81.0
14.6,34.5,59.1,7.6,290.6,2.0,8.0,124.4,Expert,Evening,Analytical,90.9
10.1,40.2,60.0,18.7,299.5,2.5,9.4,144.1,Beginner,Afternoon,Creative,75.8
22.0,44.4,58.0,14.3,329.9,2.9,9.2,15.1,Beginner,Morning,Creative,77.3
13.1,33.9,,11.7,389.5,5.1,5.4,54.1,Beginner,Afternoon,Creative,67.2
16.4,32.2,64.8,16.5,657.7,3.2,3.8,147.0,Beginner,Afternoon,Cognitive,60.1
16.0,22.7,48.1,18.7,303.3,5.2,7.8,40.0,Beginner,Evening,Analytical,72.7
9.6,41.5,50.2,19.5,288.4,1.5,7.0,,Intermediate,Afternoon,Cognitive,83.6
8.0,31.3,60.0,19.4,231.0,2.7,6.9,160.5,Beginner,Afternoon,Cognitive,82.9
,28.3,53.6,13.4,286.3,2.6,7.6,83.6,Intermediate,Morning,Cognitive,84.8
13.2,32.3,38.4,16.6,265.1,-3.6,,159.8,Beginner,Morning,Creative,81.5
14.6,26.2,52.5,10.7,322.7,3.1,4.6,133.6,Expert,Morning,Analytical,80.3
19.3,16.0,57.2,16.2,403.4,1.9,5.3,134.0,Expert,Afternoon,Cognitive,78.6
15.9,33.4,56.0,17.0,300.2,4.9,5.4,-52.7,Intermediate,Evening,Analytical,76.6
18.0,38.1,67.2,14.9,247.4,5.5,8.0,108.3,Beginner,Morning,Creative,81.8
16.8,33.3,37.7,10.5,310.2,1.2,9.8,84.1,Beginner,Afternoon,Cognitive,62.7
13.7,30.0,52.3,14.2,298.0,3.5,6.3,111.5,Intermediate,Morning,Analytical,83.8
11.0,30.1,68.0,21.7,383.1,1.4,10.9,94.5,Intermediate,Morning,Creative,80.2
16.1,31.0,53.3,17.2,225.8,4.6,4.2,48.1,Intermediate,Afternoon,Cognitive,80.7
15.3,30.8,47.9,14.5,270.4,2.6,6.2,99.9,Expert,Morning,Cognitive,76.2
18.7,29.6,,15.5,358.0,2.9,7.3,95.1,Expert,Afternoon,Analytical,80.4
,30.2,64.5,17.2,241.5,3.6,3.2,174.1,Beginner,Morning,Analytical,77.9
13.8,39.3,,11.4,348.7,4.6,9.3,111.6,Intermediate,Morning,Cognitive,84.2
14.1,32.8,52.8,11.5,286.7,4.1,6.0,85.7,Beginner,Afternoon,Cognitive,75.6
11.3,30.6,64.8,13.8,371.3,4.8,7.1,45.2,Beginner,Afternoon,Creative,67.5
20.8,34.0,,14.5,317.6,5.4,7.7,283.6,Intermediate,Morning,Creative,85.9
19.6,34.0,,21.4,312.0,3.7,4.6,179.7,Beginner,Afternoon,Cognitive,67.0
10.1,35.7,60.9,16.2,349.9,1.9,10.6,129.9,Expert,Evening,Analytical,92.5
18.2,25.5,,14.4,321.0,0.8,7.2,34.9,Beginner,Afternoon,Analytical,74.8
7.6,27.1,71.7,16.2,258.2,2.5,,28.9,Intermediate,Morning,Cognitive,96.9
18.9,25.1,,9.9,294.0,4.4,5.3,220.3,Intermediate,Afternoon,Creative,79.5
12.2,34.6,57.1,13.3,238.6,1.2,7.3,216.7,Intermediate,Afternoon,Cognitive,80.5
16.4,34.3,70.6,13.8,276.8,6.1,4.6,136.5,Beginner,Morning,Analytical,81.2
7.3,22.4,52.4,12.9,213.1,1.9,7.2,71.4,Expert,Evening,Cognitive,76.6
10.2,32.3,58.6,19.7,436.9,3.8,9.1,87.1,Intermediate,Evening,Cognitive,80.1
,38.2,54.2,18.0,318.7,7.0,8.7,,Intermediate,Evening,Creative,76.7
12.2,28.6,59.8,12.4,346.7,3.6,,244.7,Beginner,Evening,Analytical,66.8
11.6,31.9,60.7,12.2,278.2,1.8,6.6,107.8,Intermediate,Afternoon,Analytical,78.6
20.6,34.4,60.0,12.2,346.3,-1.0,,168.7,Expert,Afternoon,Cognitive,82.2
23.8,22.1,59.1,15.4,358.7,4.8,8.8,177.2,Intermediate,Afternoon,Analytical,69.0
18.7,30.9,61.3,16.6,366.8,4.6,9.3,42.9,Expert,Evening,Analytical,78.9
10.6,37.6,72.6,17.2,315.9,5.2,9.4,124.7,Intermediate,Afternoon,Analytical,88.0
22.1,26.4,39.9,13.0,370.8,4.2,5.6,103.1,Beginner,Morning,Analytical,58.0
8.8,35.0,79.2,15.5,289.6,2.9,8.1,197.3,Beginner,Afternoon,Creative,81.2
13.8,30.2,56.5,15.8,338.7,2.4,4.9,156.2,Beginner,Evening,Creative,78.6
15.2,26.0,59.2,19.6,322.4,4.1,6.3,116.8,Intermediate,Morning,Creative,83.7
22.7,29.4,,18.3,261.2,6.0,5.2,128.8,Intermediate,Afternoon,Creative,79.6
18.7,26.8,66.1,11.7,228.5,-1.9,5.3,78.8,Beginner,Evening,Creative,65.6
13.1,24.7,65.4,10.3,305.1,5.9,7.4,63.1,Intermediate,Afternoon,Analytical,82.6
11.2,28.5,72.5,15.7,305.2,3.4,6.0,74.6,Intermediate,Evening,Cognitive,84.0
19.0,30.4,58.4,14.1,306.5,3.7,7.4,149.7,Intermediate,Afternoon,Cognitive,76.8
12.9,29.0,69.2,13.1,372.5,5.4,5.2,175.1,Beginner,Morning,Creative,71.9
15.9,28.4,,13.7,388.8,3.7,7.7,157.9,Beginner,Evening,Analytical,61.8
9.5,31.4,64.2,17.7,352.9,4.5,6.4,26.0,Beginner,Morning,Creative,78.1
17.3,33.2,65.6,11.5,349.4,0.7,6.6,139.4,Beginner,Afternoon,Cognitive,75.3
17.0,23.1,71.5,21.5,316.0,3.4,5.0,156.8,Beginner,Morning,Analytical,78.2
,28.5,67.1,13.8,328.8,5.0,8.5,222.3,Beginner,Morning,Analytical,84.4
19.1,18.2,62.0,17.9,341.5,3.2,7.2,39.8,Intermediate,Afternoon,Analytical,80.6
,29.0,56.8,14.0,327.0,3.3,7.8,184.4,Beginner,Afternoon,Cognitive,68.6
18.0,30.9,,11.4,349.6,4.3,5.1,215.6,Expert,Afternoon,Cognitive,80.5
13.5,33.4,56.8,15.6,322.3,4.9,8.0,54.3,Beginner,Evening,Creative,70.5
15.7,30.9,47.0,12.2,295.2,7.0,7.1,159.0,Beginner,Morning,Creative,78.2
15.3,33.3,77.4,16.4,333.1,4.9,,18.3,Beginner,Morning,Cognitive,76.6
14.4,30.4,70.0,15.9,308.2,6.7,9.1,118.5,Beginner,Afternoon,Creative,69.3
15.7,25.9,62.5,13.9,392.6,3.8,7.6,57.7,Expert,Afternoon,Cognitive,90.0
20.0,23.3,68.1,16.5,298.6,-0.7,7.7,160.9,Beginner,Evening,Analytical,69.8
19.3,28.4,67.5,19.1,463.0,3.1,4.1,,Expert,Morning,Creative,77.1
10.3,25.4,50.1,15.7,402.0,2.4,8.6,99.0,Expert,Evening,Cognitive,81.2
,29.3,66.4,13.8,263.4,3.9,7.7,156.6,Intermediate,Afternoon,Cognitive,87.6
19.8,27.0,72.7,17.2,382.6,3.4,8.9,68.8,Intermediate,Afternoon,Cognitive,82.2
14.4,32.5,53.2,17.3,313.7,4.5,6.1,121.2,Intermediate,Morning,Creative,74.3
17.0,30.3,44.7,15.1,348.3,2.7,5.9,161.7,Beginner,Afternoon,Creative,63.1
17.0,32.7,48.4,20.1,398.8,4.4,9.4,100.1,Intermediate,Morning,Analytical,81.2
11.6,32.7,59.0,15.1,281.2,4.7,8.4,127.9,Beginner,Morning,Creative,72.9
13.5,28.9,47.8,20.5,296.8,4.1,4.9,104.7,Beginner,Afternoon,Creative,62.3
18.0,29.3,58.3,14.0,357.7,1.1,7.0,205.8,Intermediate,Evening,Creative,72.6
13.0,33.0,53.5,18.6,301.7,5.8,8.5,204.7,Intermediate,Afternoon,Analytical,80.0
18.9,44.7,60.0,15.3,208.8,5.2,7.3,115.1,Expert,Afternoon,Analytical,95.3
20.2,24.1,54.9,16.8,368.2,3.6,6.2,113.0,Beginner,Afternoon,Analytical,78.0
19.6,30.3,59.6,9.9,338.5,0.4,6.0,59.4,Expert,Afternoon,Creative,83.0
22.9,22.8,66.0,22.5,318.8,4.6,,255.4,Beginner,Evening,Cognitive,73.5
14.6,29.9,50.4,17.0,326.3,2.9,8.5,167.0,Beginner,Afternoon,Creative,69.2
15.7,26.0,62.8,19.1,727.8,2.9,5.5,343.5,Beginner,Morning,Analytical,52.3
16.3,29.3,51.5,11.9,370.6,3.8,3.8,,Intermediate,Morning,Creative,71.0
14.8,30.9,59.9,16.5,277.0,6.9,6.4,117.1,Beginner,Afternoon,Creative,68.5
17.2,27.1,59.2,15.5,326.2,4.3,7.7,103.9,Intermediate,Afternoon,Cognitive,85.9
8.2,19.3,63.6,12.8,379.3,3.8,8.0,209.5,Expert,Morning,Cognitive,88.5
15.8,38.6,61.8,19.9,378.2,3.0,5.5,87.5,Intermediate,Evening,Creative,69.4
9.5,35.0,72.4,16.4,244.9,4.1,7.4,109.1,Intermediate,Afternoon,Analytical,90.7
11.1,29.2,59.7,15.8,294.9,4.0,,,Expert,Afternoon,Creative,84.3
17.9,24.6,53.7,17.9,263.3,5.2,,55.0,Intermediate,Morning,Creative,76.2
14.2,30.5,69.3,13.4,352.0,2.9,,168.1,Intermediate,Afternoon,Creative,79.4
17.8,32.2,63.3,16.5,274.6,2.4,8.3,153.0,Beginner,Evening,Analytical,77.8
14.1,34.6,68.8,16.3,397.7,3.1,7.1,87.5,Expert,Evening,Analytical,95.5
,35.2,58.8,16.4,384.8,3.8,7.8,189.9,Intermediate,Morning,Analytical,82.2
14.0,36.3,,19.1,307.7,4.0,6.3,49.6,Beginner,Morning,Analytical,75.7
7.2,19.6,82.4,14.7,256.8,4.0,5.9,97.8,Beginner,Afternoon,Analytical,95.7
15.9,28.2,54.0,14.4,280.6,2.0,6.6,209.6,Expert,Afternoon,Creative,67.6
6.3,36.0,48.4,14.2,342.6,3.8,7.9,112.1,Beginner,Afternoon,Analytical,71.3
,24.5,67.2,14.0,362.6,5.4,10.8,31.0,Expert,Evening,Creative,81.2
11.5,37.3,50.5,19.3,318.1,6.5,8.9,134.6,Beginner,Afternoon,Creative,67.7
11.0,40.9,,15.8,191.6,6.0,9.3,103.1,Intermediate,Morning,Creative,89.5
12.8,37.1,61.2,19.1,354.0,3.9,6.8,151.4,Beginner,Evening,Cognitive,67.3
10.8,34.0,58.6,16.8,219.0,3.7,6.2,185.8,Intermediate,Morning,Analytical,85.9
,27.3,56.4,13.4,214.0,6.5,3.7,116.0,Expert,Evening,Analytical,87.2
21.2,31.7,75.9,11.5,369.9,3.8,6.1,-22.3,Intermediate,Afternoon,Creative,85.8
12.3,21.9,58.9,11.6,260.7,5.7,4.9,153.5,Intermediate,Evening,Cognitive,86.4
6.1,25.3,51.0,13.3,332.5,3.9,8.2,59.4,Beginner,Morning,Analytical,80.7
13.6,25.7,69.8,19.1,324.6,-0.8,6.7,,Beginner,Morning,Creative,77.0
10.5,30.4,52.8,19.9,279.7,5.3,5.0,171.9,Beginner,Afternoon,Cognitive,69.0
11.5,27.6,,16.3,330.3,5.9,7.8,183.8,Intermediate,Afternoon,Creative,77.8
17.8,31.6,51.0,18.8,292.5,3.3,,170.9,Beginner,Morning,Cognitive,68.3
13.2,35.3,62.1,14.3,322.4,1.7,5.3,101.5,Beginner,Evening,Creative,68.7
10.4,25.7,60.4,14.1,300.7,7.0,9.3,113.0,Intermediate,Evening,Analytical,78.7
16.8,30.9,59.7,18.3,294.9,3.7,,145.6,Intermediate,Afternoon,Creative,79.8
19.6,27.5,61.5,16.5,287.0,3.3,7.9,,Intermediate,Morning,Creative,72.5
17.1,31.1,,18.2,275.1,4.9,6.8,60.6,Beginner,Afternoon,Cognitive,75.4
5.2,34.1,67.0,16.2,362.6,9.5,,175.3,Beginner,Afternoon,Cognitive,76.6
,35.5,49.6,14.9,297.4,5.0,8.4,11.1,Expert,Afternoon,Analytical,79.1
15.2,34.0,53.3,15.4,263.4,4.4,5.4,-5.2,Beginner,Evening,Creative,69.9
14.0,32.5,69.2,16.9,299.6,4.1,9.7,20.9,Expert,Morning,Cognitive,90.0
,21.5,52.2,16.7,293.6,7.3,5.1,151.2,Expert,Morning,Analytical,82.8
11.1,23.5,64.9,13.2,300.3,5.1,5.4,157.3,Intermediate,Morning,Analytical,85.5
,25.1,68.4,15.6,355.7,5.7,9.4,132.1,Beginner,Evening,Cognitive,72.6
23.0,32.2,43.6,11.4,597.4,4.6,,142.0,Expert,Afternoon,Cognitive,62.7
15.1,22.3,55.9,15.0,301.0,5.1,7.5,148.4,Intermediate,Morning,Creative,78.3
17.6,32.0,,13.2,352.2,3.4,7.6,79.8,Intermediate,Morning,Analytical,87.9
15.0,31.6,58.5,6.9,342.2,4.3,,100.5,Beginner,Morning,Cognitive,75.1
15.2,18.4,56.0,22.6,285.6,2.6,9.8,69.8,Beginner,Morning,Analytical,80.9
14.8,23.5,68.3,13.7,368.3,3.0,10.3,158.8,Beginner,Afternoon,Creative,77.5
10.5,36.3,71.0,13.2,365.5,5.0,4.2,85.2,Intermediate,Morning,Cognitive,91.4
8.9,34.2,,20.9,362.0,2.6,6.3,143.2,Intermediate,Morning,Analytical,75.6
16.5,24.9,77.7,12.5,335.1,4.3,8.0,,Beginner,Evening,Cognitive,72.2
15.8,23.8,42.2,11.6,311.3,3.3,6.8,216.0,Intermediate,Afternoon,Creative,76.6
18.8,15.3,44.9,15.4,266.3,1.8,6.2,124.2,Beginner,Afternoon,Creative,73.1
17.9,38.8,55.5,14.5,250.8,4.5,7.8,,Intermediate,Morning,Creative,82.5
11.8,30.2,56.7,14.1,315.8,5.6,8.0,168.5,Expert,Afternoon,Creative,70.3
19.5,41.3,57.1,13.2,320.7,1.4,9.5,52.6,Beginner,Afternoon,Cognitive,74.5
18.1,28.8,54.7,15.4,306.9,5.2,4.4,86.6,Beginner,Morning,Cognitive,76.3
17.8,31.7,52.7,20.9,314.4,1.8,5.5,103.7,Beginner,Morning,Analytical,72.2
,35.3,57.8,11.2,388.2,6.7,5.9,152.7,Intermediate,Evening,Analytical,74.4
23.2,39.8,54.1,18.5,401.4,5.1,10.6,166.6,Intermediate,Evening,Cognitive,66.4
17.8,33.0,66.8,20.6,264.7,1.4,9.3,159.2,Expert,Morning,Cognitive,92.4
,30.0,60.3,14.1,334.4,5.7,7.4,72.3,Beginner,Morning,Analytical,82.0
19.3,30.2,57.8,17.1,322.6,2.8,6.9,118.9,Expert,Evening,Cognitive,83.1
12.7,23.7,59.3,15.6,353.7,2.1,7.7,94.9,Beginner,Morning,Creative,78.3
12.7,27.7,71.1,10.8,406.7,5.4,8.8,142.1,Intermediate,Afternoon,Creative,76.9
17.7,30.3,55.2,19.7,429.4,6.4,6.6,22.4,Beginner,Evening,Creative,68.2
11.6,38.3,,16.1,356.0,5.0,7.4,118.6,Expert,Evening,Analytical,74.5
17.4,27.4,50.2,14.4,322.0,3.3,6.5,14.2,Intermediate,Afternoon,Cognitive,73.4
,36.4,57.7,11.4,301.9,4.3,4.9,54.9,Intermediate,Morning,Analytical,75.2
,29.5,64.8,17.6,444.3,2.8,4.3,217.9,Expert,Morning,Analytical,83.4
15.1,37.5,68.8,16.5,281.6,3.7,6.0,221.6,Beginner,Evening,Cognitive,69.9
20.2,34.1,76.5,17.8,361.1,4.8,6.4,81.0,Beginner,Evening,Analytical,67.5
,33.7,67.4,17.7,306.8,1.1,7.7,149.6,Expert,Afternoon,Creative,81.7
15.3,35.9,51.2,13.6,253.1,4.9,7.4,,Beginner,Evening,Cognitive,79.9
16.3,35.0,58.0,5.7,405.8,1.2,4.9,201.9,Beginner,Afternoon,Creative,63.8
16.8,36.4,38.4,15.7,232.9,1.5,7.0,134.8,Intermediate,Afternoon,Creative,84.4
13.7,42.8,56.9,15.5,212.6,5.3,6.2,57.1,Intermediate,Evening,Cognitive,81.0
16.4,39.7,53.9,16.5,355.0,2.3,6.6,70.8,Beginner,Afternoon,Creative,77.9
10.8,32.8,36.9,20.6,304.8,2.0,7.1,143.8,Beginner,Afternoon,Creative,71.2
11.8,27.3,81.1,15.9,341.6,3.4,8.9,10.4,Beginner,Morning,Creative,87.4
12.3,32.2,56.2,18.1,319.6,2.8,6.3,17.1,Intermediate,Afternoon,Cognitive,82.6
16.9,18.4,38.9,17.1,350.0,4.5,9.5,170.7,Expert,Afternoon,Cognitive,84.1
15.6,35.0,57.3,11.8,305.2,4.3,5.0,278.5,Expert,Morning,Cognitive,81.3
14.5,23.6,76.5,12.1,365.1,2.0,5.7,82.6,Intermediate,Evening,Analytical,81.2
17.8,36.7,79.1,19.5,366.6,0.6,6.9,110.3,Beginner,Afternoon,Creative,73.5
16.5,41.9,60.6,13.4,397.4,3.6,5.2,,Expert,Evening,Analytical,69.6
13.8,21.3,61.0,17.1,383.2,6.2,5.0,134.7,Intermediate,Morning,Analytical,74.0
10.9,29.7,72.3,12.9,314.7,3.9,7.1,68.7,Beginner,Afternoon,Creative,77.5
11.7,23.6,58.5,18.2,354.8,3.3,5.0,113.8,Expert,Morning,Cognitive,78.4
9.1,19.6,64.6,16.7,340.9,7.5,5.6,167.9,Intermediate,Evening,Analytical,72.9
15.6,29.4,68.4,15.1,341.1,5.5,,,Intermediate,Morning,Cognitive,74.2
11.6,33.8,49.2,18.0,253.8,0.5,9.6,120.6,Intermediate,Afternoon,Cognitive,79.5
13.0,34.5,75.4,16.8,357.7,3.4,6.7,182.1,Beginner,Evening,Creative,77.0
14.5,30.9,51.2,13.8,610.4,4.4,7.2,217.2,Beginner,Afternoon,Analytical,63.5
19.2,20.0,53.7,16.0,411.0,1.9,5.3,27.8,Intermediate,Evening,Analytical,59.8
18.7,30.7,61.0,18.0,378.3,3.4,5.4,-16.4,Beginner,Evening,Cognitive,69.8
14.8,21.0,69.4,19.3,327.5,4.0,,51.5,Intermediate,Morning,Creative,83.4
20.1,21.4,66.8,15.6,314.9,3.6,5.5,191.0,Intermediate,Morning,Analytical,77.6
7.0,24.0,59.5,21.4,269.8,1.6,8.1,104.4,Intermediate,Morning,Cognitive,84.5
22.5,36.3,62.8,13.8,410.9,6.9,6.1,,Intermediate,Morning,Cognitive,69.0
17.8,33.3,70.7,11.3,266.7,4.5,7.2,197.8,Intermediate,Evening,Cognitive,75.7
15.4,31.9,60.1,11.8,226.6,2.3,7.3,45.2,Expert,Evening,Creative,92.6
11.4,24.8,51.9,16.0,365.0,5.8,8.1,279.8,Intermediate,Morning,Creative,78.6
13.2,27.7,54.0,16.0,324.3,3.8,9.5,113.7,Beginner,Afternoon,Cognitive,79.1
,21.8,69.1,16.4,333.2,6.0,7.9,152.1,Beginner,Afternoon,Cognitive,72.6
17.5,38.2,51.9,14.0,329.3,3.8,6.6,77.7,Beginner,Morning,Creative,68.4
17.7,43.2,44.3,22.7,267.1,1.0,8.2,62.1,Beginner,Afternoon,Cognitive,75.8
12.1,33.3,57.0,20.5,338.4,1.9,7.5,121.5,Beginner,Morning,Cognitive,77.0
11.3,34.4,59.2,12.6,303.9,6.3,3.6,83.4,Beginner,Afternoon,Creative,78.2
15.8,29.0,68.6,15.7,296.9,6.1,5.2,125.5,Intermediate,Afternoon,Cognitive,79.3
18.1,20.3,45.4,16.1,391.2,1.3,6.7,-7.8,Expert,Afternoon,Cognitive,76.6
15.0,24.9,63.5,18.1,359.6,6.8,6.1,37.6,Beginner,Morning,Cognitive,80.0
20.9,27.2,71.5,11.4,205.0,6.1,6.8,89.0,Intermediate,Evening,Creative,83.1
15.1,27.7,51.8,10.9,330.8,2.7,3.4,51.7,Intermediate,Afternoon,Creative,66.6
15.0,26.3,60.8,12.3,373.3,3.8,8.3,302.4,Beginner,Evening,Creative,71.3
17.7,30.3,38.5,20.5,257.7,-0.4,6.9,131.0,Expert,Afternoon,Analytical,91.3
19.9,24.9,68.7,14.0,276.8,2.6,8.8,136.0,Intermediate,Evening,Analytical,85.0
9.6,43.0,,18.4,370.0,3.6,7.0,54.5,Beginner,Evening,Analytical,77.9
10.5,21.8,59.8,17.8,297.3,4.6,7.3,78.2,Intermediate,Afternoon,Analytical,88.9
13.7,35.3,46.7,15.5,221.1,3.8,,89.8,Beginner,Afternoon,Creative,78.1
27.6,28.4,66.7,18.5,380.0,4.3,5.2,188.8,Intermediate,Evening,Cognitive,72.1
14.0,32.8,57.6,12.3,311.3,2.1,7.2,34.9,Beginner,Afternoon,Creative,73.4
14.5,33.0,32.2,14.6,338.7,4.6,7.0,99.4,Expert,Evening,Analytical,60.0
17.5,30.9,67.8,9.3,317.5,7.4,4.5,,Intermediate,Evening,Creative,74.4
18.9,23.2,71.6,16.3,376.0,4.9,8.4,-18.7,Intermediate,Afternoon,Cognitive,77.5
15.7,28.0,73.4,13.6,265.1,4.1,7.1,20.3,Beginner,Morning,Analytical,83.5
19.7,31.0,,22.6,353.2,2.5,6.2,35.8,Intermediate,Morning,Cognitive,84.0
10.2,30.6,40.8,16.2,385.9,3.3,5.7,108.9,Intermediate,Evening,Cognitive,66.2
11.9,23.9,55.9,18.5,252.5,1.4,8.1,92.7,Intermediate,Morning,Cognitive,84.8
19.6,37.7,65.2,18.0,283.0,1.1,6.0,175.8,Intermediate,Morning,Analytical,88.3
15.0,15.0,50.6,15.8,402.2,3.9,7.4,-13.2,Intermediate,Afternoon,Creative,76.6
10.0,28.5,44.1,19.0,374.1,5.1,6.7,95.1,Expert,Afternoon,Analytical,78.6
9.7,24.5,67.2,16.1,279.0,2.3,6.2,190.5,Intermediate,Morning,Analytical,83.5
11.8,31.1,56.5,17.4,259.3,6.4,5.1,25.5,Expert,Morning,Creative,88.8
,36.1,66.2,23.1,334.1,2.9,9.0,113.1,Expert,Afternoon,Creative,85.1
16.9,21.6,60.2,16.6,336.5,3.8,5.5,165.0,Intermediate,Morning,Creative,73.4
13.7,44.1,,14.4,317.0,5.9,5.7,204.4,Beginner,Evening,Creative,65.6
16.5,31.2,59.4,13.9,436.7,3.4,9.0,44.8,Intermediate,Morning,Cognitive,79.5
13.3,32.3,,15.8,352.3,5.3,6.8,142.3,Expert,Evening,Analytical,72.8
19.9,21.4,55.4,16.4,278.0,5.1,7.5,122.5,Beginner,Evening,Analytical,69.2
25.2,29.7,49.0,16.2,672.6,2.7,9.3,104.9,Intermediate,Afternoon,Analytical,59.7
13.4,35.8,64.8,11.3,322.9,2.7,,46.1,Expert,Morning,Creative,87.2
16.9,31.3,72.5,9.2,286.2,6.4,6.2,44.1,Beginner,Afternoon,Analytical,83.6
16.6,30.8,55.0,13.1,365.1,6.6,,342.8,Intermediate,Afternoon,Cognitive,74.0
15.6,29.7,78.7,16.2,393.8,5.3,4.6,190.8,Beginner,Morning,Analytical,71.3
17.6,21.7,63.8,16.2,330.8,2.3,,124.1,Beginner,Evening,Analytical,74.8
16.9,21.7,62.6,17.4,271.1,5.7,7.1,69.3,Intermediate,Afternoon,Cognitive,79.5
13.1,37.0,66.6,17.1,325.7,3.4,6.9,153.7,Beginner,Evening,Cognitive,70.1
20.3,35.3,69.8,14.5,272.2,1.5,8.0,47.0,Beginner,Morning,Analytical,78.0
15.8,36.2,55.5,12.9,331.3,2.7,7.8,139.5,Expert,Morning,Creative,84.1
13.5,25.1,65.5,17.6,357.7,3.6,8.0,170.2,Beginner,Evening,Creative,75.3
24.8,29.1,,16.7,221.2,6.2,9.4,110.3,Expert,Afternoon,Analytical,94.1
14.5,37.4,56.2,12.7,355.8,2.4,,84.0,Expert,Afternoon,Analytical,93.9
16.0,22.6,,17.9,301.3,2.1,8.3,89.1,Beginner,Afternoon,Analytical,81.7
15.7,36.8,52.3,18.9,291.9,3.0,7.0,178.2,Beginner,Morning,Analytical,74.9
14.5,26.5,55.1,18.4,253.6,3.8,6.7,117.1,Intermediate,Afternoon,Creative,73.7
16.8,24.9,56.5,18.9,266.3,5.3,7.0,219.3,Intermediate,Morning,Analytical,83.6
11.6,29.8,51.0,13.7,408.2,5.1,6.1,10.4,Beginner,Afternoon,Cognitive,75.5
17.4,23.3,59.4,18.6,362.5,-0.5,8.4,43.9,Intermediate,Afternoon,Creative,75.7
,18.6,63.3,15.5,384.7,3.3,8.6,125.0,Beginner,Evening,Creative,69.9
9.8,30.5,64.3,22.1,277.1,4.2,6.0,147.1,Expert,Afternoon,Cognitive,89.9
22.3,33.2,51.9,18.7,409.9,2.3,6.8,116.0,Beginner,Morning,Analytical,66.3
10.0,37.3,53.9,17.3,316.7,2.4,4.3,204.1,Beginner,Afternoon,Analytical,72.0
7.2,33.6,68.5,21.1,280.6,5.2,6.9,63.3,Beginner,Morning,Analytical,79.8
10.1,41.8,53.9,14.5,266.1,5.4,7.1,121.0,Expert,Morning,Analytical,99.5
22.0,38.2,68.2,17.7,267.6,3.6,5.3,185.0,Intermediate,Morning,Analytical,85.0
7.8,34.4,52.7,22.7,282.7,4.8,6.2,226.9,Expert,Afternoon,Cognitive,90.1
11.2,32.8,63.8,18.4,275.3,4.9,5.3,107.7,Beginner,Morning,Analytical,87.1
9.2,37.4,67.5,16.5,365.2,1.8,4.6,281.1,Beginner,Afternoon,Cognitive,77.8
13.9,16.7,33.5,15.2,450.1,1.8,9.2,125.5,Beginner,Evening,Cognitive,62.4
13.3,27.1,68.7,13.1,307.6,3.2,4.6,221.8,Intermediate,Afternoon,Cognitive,76.7
13.1,18.8,,15.1,308.6,2.6,7.2,99.3,Intermediate,Morning,Analytical,89.5
22.4,34.0,56.9,13.5,227.1,2.8,8.5,110.8,Intermediate,Morning,Analytical,77.2
10.2,25.5,63.5,15.3,273.7,3.8,9.1,190.3,Beginner,Afternoon,Creative,73.4
14.6,48.1,51.6,15.7,239.0,3.8,5.4,169.1,Expert,Evening,Creative,80.6
16.4,26.9,63.6,19.0,360.7,-1.1,8.9,119.0,Beginner,Morning,Cognitive,77.0
11.1,30.6,84.6,14.8,416.7,4.2,7.2,57.4,Expert,Evening,Creative,85.9
16.9,27.6,38.0,14.2,265.9,3.5,7.9,277.6,Beginner,Afternoon,Cognitive,60.4
13.4,27.1,55.0,18.7,309.8,4.5,9.6,103.6,Intermediate,Afternoon,Creative,79.2
,22.5,68.0,18.1,307.6,2.7,7.9,124.3,Beginner,Evening,Analytical,77.7
14.6,22.3,72.6,15.3,354.2,2.7,5.6,4.5,Intermediate,Afternoon,Analytical,86.9
6.8,16.9,46.2,17.8,325.3,3.2,3.9,86.4,Intermediate,Evening,Cognitive,72.8
20.2,33.3,53.6,15.2,425.7,6.1,8.0,,Intermediate,Afternoon,Cognitive,64.6
23.3,27.5,,15.4,282.5,3.2,7.6,111.3,Intermediate,Afternoon,Analytical,88.0
14.3,41.6,,20.7,365.0,6.2,5.8,279.1,Intermediate,Afternoon,Analytical,68.9
11.4,22.5,58.8,15.6,290.2,6.0,7.3,137.5,Intermediate,Morning,Analytical,84.4
21.0,38.9,45.7,14.8,239.9,3.3,5.0,84.5,Expert,Afternoon,Creative,88.7
22.6,39.4,57.5,16.1,391.3,3.0,7.5,222.7,Beginner,Morning,Creative,64.4
14.3,37.7,50.6,10.1,413.7,3.0,5.0,267.2,Intermediate,Morning,Creative,68.4
14.1,31.4,59.3,15.5,340.5,3.7,8.8,200.9,Intermediate,Afternoon,Creative,77.7
14.7,28.0,52.9,16.8,288.5,2.9,,,Beginner,Afternoon,Cognitive,79.1
8.3,37.7,58.3,21.9,263.1,5.5,7.4,109.0,Intermediate,Evening,Cognitive,81.0
13.8,25.3,49.6,16.3,348.0,2.7,7.6,21.6,Beginner,Afternoon,Creative,71.0
21.9,31.6,69.5,17.3,213.7,5.7,7.9,141.3,Beginner,Afternoon,Cognitive,82.3
14.3,29.7,56.7,17.0,363.6,2.1,7.4,143.8,Beginner,Morning,Creative,82.0
10.8,24.7,60.1,22.8,299.1,0.7,5.4,51.6,Beginner,Evening,Creative,76.7
,31.7,58.5,19.0,298.0,0.4,9.1,124.6,Intermediate,Afternoon,Analytical,89.0
12.3,34.5,60.1,11.6,266.3,2.9,7.7,,Intermediate,Evening,Creative,81.9
14.7,24.4,60.0,19.7,248.1,2.4,,103.1,Expert,Evening,Cognitive,84.6
9.9,32.8,68.1,13.2,317.1,2.3,8.5,139.5,Intermediate,Morning,Creative,80.8
10.9,16.6,57.1,14.0,329.8,6.0,8.4,-0.5,Beginner,Afternoon,Analytical,77.1
18.0,23.7,52.8,12.1,315.4,2.5,8.9,229.3,Expert,Evening,Cognitive,78.0
,27.3,60.4,21.5,374.7,0.1,,79.8,Expert,Morning,Analytical,88.2
11.9,32.1,53.9,19.6,323.0,5.1,5.7,102.2,Intermediate,Afternoon,Creative,61.1
15.5,35.2,59.3,19.7,355.8,6.7,,135.6,Intermediate,Evening,Creative,84.5
12.6,30.5,49.5,19.1,246.6,4.9,7.0,108.2,Expert,Morning,Creative,85.1
11.9,33.4,70.5,18.1,297.9,2.7,5.7,177.7,Intermediate,Evening,Creative,84.4
19.7,29.0,52.2,15.0,394.2,4.3,9.2,97.8,Expert,Evening,Cognitive,82.1
18.1,32.4,72.0,16.6,368.6,2.4,6.8,85.2,Beginner,Afternoon,Creative,83.5
14.9,32.1,59.4,14.5,336.7,2.1,7.3,176.0,Beginner,Morning,Analytical,76.3
15.6,26.9,68.6,13.4,301.1,3.6,,-43.9,Intermediate,Morning,Cognitive,87.4
15.0,27.9,52.3,14.1,273.2,3.9,6.9,43.5,Intermediate,Morning,Cognitive,85.2
16.9,33.6,40.3,23.1,293.5,3.6,,134.6,Expert,Evening,Cognitive,77.2
11.8,40.9,43.5,14.9,351.9,7.3,,,Expert,Evening,Analytical,71.3
18.5,37.2,85.0,19.0,220.9,4.1,4.8,170.8,Beginner,Afternoon,Analytical,78.5
16.4,23.2,54.0,22.2,409.8,5.9,7.0,-43.4,Beginner,Afternoon,Analytical,65.1
13.9,23.2,71.0,18.3,381.9,8.5,2.3,91.0,Expert,Morning,Analytical,79.0
13.0,26.8,47.0,13.6,380.8,3.1,6.4,171.6,Intermediate,Evening,Creative,67.9
18.4,30.6,61.8,13.8,350.7,4.3,7.2,58.4,Beginner,Afternoon,Creative,73.3
14.4,30.3,63.5,16.4,325.4,5.6,7.2,106.0,Intermediate,Evening,Analytical,75.2
12.2,37.4,88.4,22.8,338.9,4.2,9.5,147.1,Intermediate,Afternoon,Analytical,95.1
13.5,37.8,56.8,20.3,301.7,3.4,6.7,123.9,Intermediate,Evening,Creative,71.1
18.1,30.0,52.9,17.6,425.9,8.7,9.3,149.3,Intermediate,Afternoon,Creative,74.8
8.6,28.6,63.5,15.4,313.1,6.4,7.4,109.6,Beginner,Afternoon,Analytical,82.7
13.6,33.1,50.8,17.1,296.2,-0.2,6.2,154.2,Expert,Afternoon,Cognitive,83.6
19.3,36.4,64.1,16.6,306.7,6.7,7.3,155.6,Intermediate,Evening,Cognitive,73.7
14.3,33.3,59.5,16.5,283.8,7.2,7.2,171.2,Intermediate,Afternoon,Analytical,82.0
16.1,27.4,,13.4,360.5,6.4,7.3,167.8,Beginner,Afternoon,Cognitive,66.9
,26.3,64.9,13.3,294.0,5.5,6.0,179.1,Intermediate,Morning,Creative,71.9
18.6,23.3,61.1,17.0,313.7,7.1,5.9,91.0,Beginner,Morning,Cognitive,77.4
13.2,31.2,67.6,12.5,386.8,5.8,,94.4,Beginner,Afternoon,Analytical,82.1
14.5,33.7,76.5,14.1,373.5,5.2,8.6,,Intermediate,Morning,Cognitive,87.4
18.6,34.4,55.0,16.1,268.8,4.3,5.8,237.5,Beginner,Morning,Cognitive,73.8
18.8,36.9,55.9,17.0,379.0,1.9,6.8,133.7,Intermediate,Afternoon,Cognitive,75.6
14.6,38.9,46.5,19.3,249.2,1.3,7.6,,Beginner,Morning,Creative,67.9
14.8,21.8,65.2,12.2,244.9,5.5,8.2,208.8,Intermediate,Evening,Creative,82.8
,32.4,53.6,12.2,303.7,5.5,7.3,209.2,Beginner,Afternoon,Creative,70.1
20.5,32.6,63.5,19.9,334.6,3.9,8.7,204.7,Beginner,Afternoon,Analytical,73.8
19.3,29.6,71.7,21.0,308.8,2.3,6.9,63.1,Beginner,Morning,Cognitive,72.7
17.8,25.0,,12.9,341.9,1.7,,55.3,Expert,Morning,Creative,78.6
10.7,38.7,55.3,13.5,301.2,3.3,10.8,68.4,Expert,Afternoon,Creative,87.8
13.9,26.5,70.1,17.6,217.0,5.4,7.1,187.1,Beginner,Evening,Cognitive,89.0
14.1,16.8,67.1,16.1,310.5,8.5,7.6,103.4,Intermediate,Evening,Analytical,76.3
,30.1,66.0,16.2,244.0,4.0,5.6,83.9,Intermediate,Morning,Cognitive,82.4
14.0,28.6,56.1,13.7,320.2,4.6,6.7,95.0,Expert,Afternoon,Analytical,79.9
20.0,41.1,45.6,18.2,257.4,6.3,7.3,,Beginner,Morning,Cognitive,77.6
12.7,32.9,52.9,15.3,345.9,3.9,8.0,78.2,Intermediate,Evening,Creative,70.0
13.0,28.2,49.9,15.2,387.7,4.7,6.7,90.0,Beginner,Evening,Creative,71.5
16.9,28.8,65.8,12.6,233.5,5.6,8.1,101.7,Beginner,Afternoon,Creative,82.7
21.3,28.7,62.8,18.4,217.9,6.2,6.4,,Expert,Afternoon,Analytical,90.5
14.2,43.3,54.0,14.9,305.0,4.1,8.5,20.5,Intermediate,Evening,Cognitive,83.0
4.7,34.1,55.7,15.9,376.5,3.0,7.6,120.5,Beginner,Afternoon,Analytical,69.5
8.7,21.6,64.8,19.6,327.8,4.4,7.6,98.6,Beginner,Afternoon,Creative,70.1
16.2,28.5,56.8,12.9,298.7,0.6,6.3,156.5,Intermediate,Evening,Analytical,69.2
9.1,29.9,54.2,15.7,266.2,4.6,6.9,113.1,Intermediate,Afternoon,Analytical,90.4
11.5,23.4,79.8,11.3,356.2,5.7,6.4,64.9,Beginner,Afternoon,Analytical,68.2
,19.3,,14.4,396.9,7.4,8.3,249.0,Expert,Evening,Cognitive,72.3
5.2,33.6,66.7,19.9,226.5,5.8,5.0,212.7,Beginner,Afternoon,Analytical,93.9
13.5,25.2,63.9,11.4,334.7,-1.1,5.9,134.7,Beginner,Afternoon,Analytical,72.5
,37.5,44.8,16.7,447.2,6.8,8.8,155.5,Expert,Morning,Analytical,80.1
9.0,30.0,53.2,20.8,289.7,6.9,7.3,75.3,Beginner,Afternoon,Creative,71.2
11.8,27.2,68.2,17.6,310.5,2.2,8.8,132.5,Beginner,Morning,Creative,75.9
10.7,15.5,58.7,14.2,318.3,3.2,8.2,279.3,Intermediate,Afternoon,Cognitive,78.9
16.9,37.3,45.4,12.7,299.6,6.9,8.4,194.4,Expert,Afternoon,Creative,74.4
19.8,31.8,63.9,10.2,374.9,4.1,7.6,56.6,Beginner,Evening,Cognitive,61.6
13.5,27.3,,20.7,410.1,2.8,6.0,144.3,Expert,Afternoon,Creative,70.7
12.6,24.7,64.4,14.7,234.8,2.5,7.1,124.9,Intermediate,Evening,Cognitive,83.8
13.3,39.6,86.9,10.6,273.3,9.3,5.1,151.2,Beginner,Morning,Cognitive,83.8
10.6,23.6,63.8,12.9,382.3,5.6,6.8,226.9,Intermediate,Evening,Cognitive,72.2
9.8,27.8,,12.8,753.1,3.4,6.2,130.1,Beginner,Afternoon,Creative,56.0
8.4,33.4,57.5,14.5,341.8,6.9,4.2,107.9,Intermediate,Afternoon,Analytical,79.8
9.7,38.7,48.8,23.2,354.8,3.8,7.6,52.6,Intermediate,Morning,Creative,73.3
21.5,28.7,70.2,18.8,324.8,6.4,7.5,,Expert,Afternoon,Analytical,77.5
12.2,25.6,53.9,17.5,344.1,5.2,8.9,126.5,Beginner,Afternoon,Creative,79.3
3.2,29.4,57.7,19.6,303.7,3.3,5.2,,Intermediate,Afternoon,Analytical,83.7
12.7,35.4,77.9,21.5,308.6,5.0,8.6,68.9,Intermediate,Evening,Creative,84.0
8.6,36.8,56.6,17.6,315.2,5.1,3.5,174.4,Beginner,Evening,Cognitive,63.3
15.2,21.7,,20.3,299.6,5.6,6.8,-37.3,Beginner,Evening,Cognitive,74.4
14.8,30.7,63.9,14.1,343.4,7.3,10.0,236.0,Beginner,Afternoon,Cognitive,65.3
15.2,21.4,54.5,13.4,334.9,8.4,7.0,121.7,Intermediate,Evening,Analytical,81.1
14.8,35.3,63.4,12.9,226.7,4.8,5.9,128.4,Intermediate,Evening,Analytical,87.0
13.5,32.5,52.8,16.9,309.8,0.2,6.9,106.6,Beginner,Morning,Cognitive,75.8
9.2,24.5,69.0,8.1,321.0,5.8,,148.4,Expert,Afternoon,Analytical,87.7
14.7,39.2,72.5,20.0,396.5,3.5,6.6,84.3,Expert,Morning,Cognitive,96.0
19.1,32.0,60.5,14.5,305.7,0.6,7.6,128.6,Intermediate,Morning,Creative,72.6
22.3,31.4,73.4,18.5,324.8,5.4,7.6,200.9,Beginner,Morning,Analytical,69.4
14.0,28.9,61.6,11.8,316.2,4.9,7.8,96.6,Intermediate,Morning,Analytical,84.6
14.5,30.0,,19.3,386.1,2.4,8.6,101.8,Beginner,Afternoon,Creative,76.5
17.0,27.7,89.5,20.1,260.3,1.6,10.0,,Beginner,Afternoon,Analytical,86.3
21.0,25.6,84.8,16.3,280.8,6.8,7.1,177.5,Intermediate,Morning,Analytical,92.2
13.1,37.4,58.2,17.6,277.4,5.0,7.5,110.9,Beginner,Evening,Analytical,80.2
17.8,27.0,62.9,12.9,320.7,2.4,5.2,93.3,Beginner,Evening,Creative,75.6
11.7,26.8,49.5,16.1,245.3,5.3,8.4,130.8,Beginner,Evening,Cognitive,73.3
,29.2,68.0,18.9,393.3,3.2,9.0,183.8,Beginner,Afternoon,Cognitive,91.3
18.9,38.5,63.9,15.1,340.8,5.1,8.0,,Beginner,Afternoon,Creative,72.2
9.8,36.8,52.3,20.6,349.3,4.6,4.9,164.9,Expert,Morning,Creative,84.4
12.9,27.6,71.9,10.7,425.1,-1.1,,141.2,Beginner,Morning,Creative,78.2
18.8,37.4,57.3,15.0,302.8,4.2,7.1,143.8,Beginner,Morning,Cognitive,74.0
17.5,30.6,,10.2,362.8,3.7,5.7,121.1,Beginner,Afternoon,Creative,67.5
19.1,24.9,64.0,16.9,349.1,2.5,10.2,121.9,Expert,Evening,Cognitive,81.1
18.4,27.1,55.3,15.4,746.3,1.5,7.6,307.5,Intermediate,Morning,Creative,44.4
13.6,38.2,59.7,15.5,354.6,3.6,,27.0,Beginner,Morning,Analytical,69.9
23.8,42.5,,18.2,294.5,3.3,8.4,71.5,Expert,Morning,Cognitive,79.4
15.5,31.9,53.9,15.1,341.2,5.3,7.2,18.7,Beginner,Afternoon,Cognitive,77.2
2.8,26.6,66.8,24.4,287.7,3.7,5.2,228.7,Beginner,Afternoon,Creative,85.9
13.9,29.3,54.2,18.4,296.6,4.2,8.2,195.6,Beginner,Afternoon,Analytical,75.4
13.1,25.4,50.3,16.1,319.3,4.7,10.0,-10.3,Beginner,Morning,Cognitive,75.2
18.2,26.3,59.2,14.0,310.7,3.1,6.4,141.7,Beginner,Afternoon,Creative,71.7
13.2,25.7,86.8,13.3,275.3,2.0,6.2,106.8,Intermediate,Morning,Analytical,90.6
19.4,29.5,67.8,17.3,206.5,8.4,8.3,155.7,Beginner,Afternoon,Cognitive,77.4
17.2,30.7,,14.4,334.8,3.8,8.4,140.1,Intermediate,Morning,Creative,86.6
11.0,29.1,54.8,19.0,338.4,3.6,8.7,111.5,Beginner,Evening,Analytical,68.3
14.4,28.7,56.2,15.8,338.2,6.8,6.8,116.3,Beginner,Afternoon,Cognitive,72.4
11.9,34.6,45.2,15.8,415.3,7.8,6.8,181.1,Intermediate,Afternoon,Cognitive,73.5
15.7,28.6,78.0,16.3,243.2,6.9,3.1,84.3,Expert,Afternoon,Analytical,93.9
11.9,29.0,62.7,15.5,397.7,3.2,7.1,96.9,Beginner,Afternoon,Creative,70.7
15.3,28.9,61.8,16.8,444.6,4.7,6.2,158.8,Intermediate,Morning,Creative,68.6
13.9,39.3,62.0,22.2,796.6,5.2,3.7,261.2,Beginner,Afternoon,Analytical,45.3
14.4,27.1,80.9,17.6,302.5,8.5,9.8,137.6,Beginner,Afternoon,Cognitive,80.1
23.2,33.6,,17.3,342.7,4.8,7.4,91.1,Beginner,Afternoon,Analytical,80.1
13.6,25.5,58.1,18.4,281.4,4.9,4.3,19.7,Beginner,Afternoon,Analytical,70.4
7.3,32.1,78.0,15.7,286.2,2.0,7.6,22.2,Beginner,Evening,Analytical,89.3
19.1,33.3,58.7,13.1,406.2,1.5,9.8,107.8,Beginner,Evening,Cognitive,67.4
19.0,36.5,,6.9,355.0,6.7,8.8,130.0,Intermediate,Morning,Analytical,71.9
7.1,27.7,44.7,9.8,358.0,4.7,8.4,98.8,Beginner,Afternoon,Analytical,73.4
12.2,23.3,58.1,18.2,263.9,4.9,5.2,56.9,Intermediate,Morning,Cognitive,89.8
16.7,25.3,62.9,17.1,246.3,6.1,6.2,,Beginner,Afternoon,Cognitive,83.0
17.1,35.8,68.2,15.6,372.7,5.7,5.7,129.8,Intermediate,Afternoon,Analytical,82.8
15.0,42.5,50.8,23.1,341.1,5.4,7.0,201.4,Intermediate,Morning,Creative,77.8
15.1,35.0,57.7,15.9,305.1,5.3,8.2,75.3,Beginner,Evening,Analytical,73.7
11.2,22.4,51.9,8.9,406.8,4.3,7.7,118.5,Beginner,Afternoon,Cognitive,68.5
5.4,34.8,71.1,18.3,349.7,4.4,5.6,77.4,Intermediate,Afternoon,Cognitive,96.8
23.2,24.3,72.8,19.5,277.5,5.8,6.7,156.1,Expert,Morning,Cognitive,94.0
11.1,27.9,,18.2,223.1,2.1,8.6,112.5,Beginner,Afternoon,Creative,88.4
15.7,31.1,63.5,19.5,349.9,1.9,7.8,179.3,Beginner,Evening,Cognitive,69.1
14.4,32.1,78.7,10.7,296.5,4.2,7.6,127.1,Expert,Afternoon,Creative,93.8
18.6,30.4,53.1,16.3,313.1,4.3,5.7,127.2,Beginner,Evening,Cognitive,64.6
15.5,26.4,62.2,13.5,308.9,5.4,7.2,68.8,Intermediate,Morning,Cognitive,90.1
15.6,36.4,49.4,17.6,391.5,3.6,,69.8,Beginner,Afternoon,Analytical,71.8
4.5,26.8,65.7,20.6,362.1,2.4,5.8,147.6,Beginner,Evening,Creative,83.6
11.7,37.5,62.8,14.9,315.2,5.2,4.8,133.8,Intermediate,Afternoon,Analytical,80.6
18.0,21.8,35.5,18.0,313.8,6.7,9.6,240.8,Intermediate,Morning,Creative,59.5
17.6,31.3,71.1,13.4,334.4,4.7,9.7,54.2,Beginner,Afternoon,Cognitive,83.3
11.2,22.6,68.6,15.9,385.9,1.1,5.5,179.5,Intermediate,Afternoon,Cognitive,81.9
8.7,25.0,54.4,14.5,324.1,4.6,5.8,127.8,Intermediate,Afternoon,Creative,77.1
15.5,26.9,62.8,21.4,291.3,0.1,6.5,,Intermediate,Evening,Analytical,85.5
3.4,39.1,45.1,12.8,259.8,3.9,8.8,-40.5,Beginner,Evening,Creative,79.1
10.4,37.8,52.3,16.3,315.7,-0.0,7.9,81.9,Intermediate,Afternoon,Creative,76.3
22.0,35.2,76.7,20.1,260.1,3.1,9.1,89.4,Intermediate,Morning,Creative,89.9
20.8,30.2,48.5,10.2,337.1,5.0,9.5,89.3,Intermediate,Afternoon,Cognitive,72.9
16.9,31.1,60.1,17.3,342.7,3.4,7.7,174.1,Intermediate,Evening,Creative,70.7
16.2,37.6,46.0,16.3,379.5,6.3,7.4,92.5,Beginner,Evening,Cognitive,69.2
7.2,34.2,63.4,14.0,309.5,4.4,9.0,136.4,Intermediate,Morning,Analytical,88.4
12.0,30.1,,19.6,371.6,1.8,8.6,36.4,Intermediate,Afternoon,Cognitive,81.1
13.8,38.9,67.2,21.1,400.6,5.8,8.6,143.3,Beginner,Morning,Analytical,79.0
12.1,34.9,64.7,18.0,323.7,5.4,7.7,42.0,Intermediate,Morning,Analytical,93.2
13.6,31.5,,15.1,431.8,6.5,8.6,160.6,Beginner,Afternoon,Analytical,72.2
20.2,27.2,54.5,11.7,391.8,5.4,,,Intermediate,Afternoon,Cognitive,72.4
12.8,26.7,49.4,16.5,296.0,4.9,6.1,30.0,Beginner,Morning,Creative,67.7
13.6,28.0,54.1,15.5,467.2,2.0,6.5,235.4,Intermediate,Evening,Cognitive,69.2
18.0,32.7,46.5,15.7,316.6,5.6,10.4,92.7,Expert,Evening,Analytical,77.3
9.3,35.0,60.8,14.5,390.0,3.7,5.4,141.7,Intermediate,Evening,Creative,75.1
11.6,21.3,58.6,14.2,351.4,5.6,8.4,165.9,Expert,Morning,Cognitive,89.8
12.0,18.3,64.8,16.1,335.2,8.5,10.0,,Expert,Afternoon,Analytical,83.8
15.2,24.3,43.8,12.3,385.4,6.4,7.6,77.9,Beginner,Afternoon,Analytical,67.5
13.6,27.6,59.9,19.1,327.5,4.6,6.5,94.6,Intermediate,Morning,Creative,79.7
13.7,37.2,72.1,13.7,316.2,4.1,7.8,147.5,Intermediate,Afternoon,Cognitive,81.9
12.3,28.3,65.7,16.3,317.7,3.2,6.3,155.0,Expert,Evening,Creative,78.9
10.7,31.5,41.0,15.0,262.8,-0.6,5.6,203.7,Beginner,Morning,Creative,73.4
17.4,32.5,59.9,18.0,373.3,4.1,9.0,194.6,Expert,Evening,Creative,81.5
13.6,23.9,52.7,17.8,287.0,3.0,8.9,193.9,Intermediate,Evening,Creative,73.7
17.5,38.8,60.1,17.5,330.5,4.6,6.5,172.4,Intermediate,Evening,Cognitive,74.9
10.6,26.0,56.2,12.5,321.0,3.0,6.3,,Beginner,Evening,Creative,56.5
12.3,39.4,77.4,15.4,350.4,4.4,7.3,95.8,Beginner,Afternoon,Analytical,79.2
14.1,29.2,60.9,20.8,643.1,6.5,6.9,142.3,Intermediate,Evening,Analytical,61.8
14.5,28.0,63.2,15.0,306.6,4.3,5.8,27.4,Beginner,Afternoon,Analytical,77.9
18.0,23.3,59.6,19.1,340.7,1.8,4.7,203.9,Expert,Evening,Creative,76.7
13.3,31.2,64.7,16.0,336.4,2.3,4.8,122.9,Beginner,Morning,Analytical,71.8
18.0,43.5,57.8,15.1,266.9,5.4,5.2,140.0,Intermediate,Morning,Cognitive,77.3
16.5,32.5,67.7,16.6,314.5,5.5,,-48.8,Beginner,Afternoon,Creative,77.4
14.6,31.6,56.1,13.5,383.5,2.3,7.3,80.5,Intermediate,Morning,Creative,76.2
11.2,26.0,73.8,18.7,442.9,3.9,5.8,178.4,Intermediate,Afternoon,Creative,82.1
18.0,33.6,65.0,13.4,234.6,5.8,5.8,139.8,Beginner,Afternoon,Cognitive,86.1
11.3,30.9,58.5,17.7,361.4,7.4,5.1,80.3,Beginner,Evening,Creative,64.3
14.9,29.6,68.4,19.2,325.3,4.4,5.1,113.0,Beginner,Afternoon,Creative,71.8
14.8,33.0,64.9,17.3,290.4,3.6,5.1,,Intermediate,Afternoon,Analytical,84.3
14.2,19.1,68.3,14.3,298.6,3.3,,105.9,Intermediate,Morning,Analytical,86.9
13.4,29.4,60.9,16.6,273.0,4.3,8.6,127.3,Intermediate,Afternoon,Creative,81.8
11.7,22.8,57.6,13.8,251.9,6.8,9.3,119.6,Intermediate,Afternoon,Cognitive,87.3
8.5,30.2,61.4,15.4,339.3,4.3,7.1,132.5,Intermediate,Afternoon,Analytical,77.1
20.6,25.7,55.0,14.4,409.2,5.0,8.6,192.2,Beginner,Morning,Creative,79.2
13.0,26.1,69.8,13.7,337.6,1.2,5.8,268.9,Beginner,Morning,Analytical,79.8
14.5,22.0,74.7,17.9,328.6,7.2,7.9,208.6,Beginner,Afternoon,Analytical,85.5
14.5,36.7,65.8,19.0,288.8,6.7,5.7,134.0,Expert,Afternoon,Cognitive,93.8
19.4,25.9,,19.2,273.5,3.4,7.7,191.6,Expert,Afternoon,Creative,84.3
,26.3,71.3,16.7,321.1,3.8,5.8,30.3,Beginner,Evening,Analytical,68.5
15.6,39.2,57.3,20.4,268.5,6.4,5.9,118.9,Intermediate,Morning,Creative,76.8
14.4,33.4,68.4,14.0,376.2,9.9,6.9,78.0,Expert,Afternoon,Cognitive,74.5
,17.8,47.2,19.9,291.1,0.6,9.4,85.8,Intermediate,Afternoon,Cognitive,85.8
9.2,38.3,61.9,18.7,277.8,3.0,8.3,177.6,Beginner,Morning,Analytical,78.8
7.9,39.9,48.2,16.1,432.5,3.2,5.9,202.0,Beginner,Afternoon,Cognitive,68.8
11.8,39.3,58.9,16.7,384.9,6.1,5.4,40.2,Intermediate,Afternoon,Analytical,75.6
6.6,34.0,45.6,19.1,260.2,4.7,5.8,109.4,Expert,Afternoon,Creative,77.3
19.3,23.4,70.9,18.0,275.9,3.0,8.0,80.9,Intermediate,Evening,Analytical,94.6
16.7,29.7,56.1,16.8,310.3,1.2,7.3,160.1,Beginner,Morning,Analytical,72.4
14.0,21.3,69.1,14.6,312.0,6.0,8.0,186.7,Beginner,Evening,Cognitive,72.0
19.4,24.8,59.2,13.2,526.4,3.6,6.2,408.5,Intermediate,Afternoon,Creative,60.1
10.7,23.3,41.6,16.3,386.8,1.7,7.5,191.8,Expert,Afternoon,Creative,83.0
11.7,26.2,55.2,12.6,330.5,2.6,7.4,188.7,Intermediate,Evening,Analytical,74.0
7.3,31.0,54.7,18.2,318.2,3.1,8.9,59.9,Intermediate,Evening,Creative,74.3
18.1,27.3,59.9,10.7,289.6,3.4,9.4,79.5,Beginner,Afternoon,Creative,71.7
11.8,27.1,75.1,16.9,267.4,1.9,8.4,123.4,Expert,Evening,Analytical,89.7
15.1,28.3,76.7,15.2,288.8,1.9,8.9,274.1,Intermediate,Afternoon,Analytical,84.6
19.0,39.0,57.7,14.7,276.2,8.7,7.0,124.6,Beginner,Afternoon,Creative,72.2
20.5,43.0,47.4,15.2,257.0,4.7,6.0,205.9,Intermediate,Morning,Analytical,79.9
14.9,27.3,52.6,7.4,373.9,3.2,7.0,94.9,Beginner,Morning,Cognitive,76.8
16.5,32.0,,14.7,366.5,4.8,6.8,118.6,Beginner,Evening,Creative,72.1
11.4,25.0,58.9,13.4,301.3,4.3,6.7,,Beginner,Morning,Analytical,76.8
21.7,34.6,44.2,13.4,385.9,2.2,7.0,90.4,Beginner,Morning,Creative,67.5
,27.1,55.0,25.4,349.5,0.2,6.7,,Beginner,Evening,Creative,70.6
15.3,25.7,73.1,11.8,266.0,2.9,6.3,42.4,Intermediate,Morning,Cognitive,89.3
13.4,42.0,62.9,17.2,247.1,3.6,6.8,10.3,Intermediate,Morning,Cognitive,85.8
19.8,21.9,,13.6,335.3,3.8,,104.3,Intermediate,Afternoon,Creative,77.9
15.8,15.3,56.1,13.3,343.8,0.3,5.7,153.0,Beginner,Afternoon,Cognitive,71.1
18.0,34.4,55.4,12.0,255.4,9.0,,74.4,Beginner,Evening,Analytical,79.6
,27.8,65.4,19.4,293.7,8.8,8.6,259.6,Intermediate,Afternoon,Creative,75.6
,26.1,61.4,19.6,362.7,4.9,7.1,119.9,Beginner,Afternoon,Cognitive,71.3
18.7,46.4,67.7,14.1,398.5,4.1,3.4,124.6,Beginner,Afternoon,Creative,72.0
16.4,34.4,65.5,18.7,324.2,2.9,3.7,59.9,Expert,Afternoon,Creative,85.3
11.2,29.6,60.2,12.9,322.8,5.2,7.2,157.7,Intermediate,Afternoon,Analytical,85.4
11.0,25.8,63.8,14.8,297.4,3.8,8.0,,Expert,Evening,Analytical,87.2
15.6,32.7,,18.0,394.4,6.5,9.7,131.9,Intermediate,Afternoon,Analytical,73.3
18.6,19.6,59.5,13.0,347.8,5.8,6.4,138.8,Beginner,Afternoon,Cognitive,79.8
21.6,26.9,73.4,13.8,277.9,2.3,6.2,134.6,Intermediate,Morning,Cognitive,78.3
7.9,29.8,60.1,16.1,359.1,2.6,5.2,,Beginner,Afternoon,Cognitive,77.9
15.1,31.3,57.8,16.1,285.0,5.9,7.9,206.5,Intermediate,Morning,Analytical,81.8
17.0,29.1,62.1,12.8,272.4,5.4,,101.3,Beginner,Afternoon,Creative,70.8
16.2,25.8,48.3,22.7,297.6,1.8,6.3,223.6,Expert,Evening,Analytical,81.5
19.0,35.5,62.2,13.5,277.0,3.1,,47.6,Beginner,Afternoon,Cognitive,80.8
17.6,20.1,77.0,18.9,274.8,3.7,,174.4,Expert,Morning,Cognitive,97.0
11.1,28.3,51.9,17.8,250.0,3.9,8.5,131.2,Expert,Evening,Cognitive,88.0
10.9,26.9,62.7,13.6,285.1,3.9,6.4,125.5,Intermediate,Morning,Analytical,86.5
16.2,36.1,,17.4,293.3,5.8,7.0,84.5,Intermediate,Afternoon,Cognitive,94.0
19.0,27.2,59.5,13.5,252.4,4.3,8.3,160.2,Intermediate,Afternoon,Analytical,76.1
15.6,32.6,59.3,16.2,347.0,4.2,6.6,152.2,Expert,Morning,Creative,86.1
8.7,32.0,67.1,18.5,231.7,2.5,5.9,227.2,Intermediate,Evening,Analytical,87.0
10.8,19.0,49.0,14.3,300.9,4.3,5.1,160.2,Intermediate,Morning,Cognitive,85.2
17.8,29.6,66.9,17.2,353.1,3.9,5.4,95.5,Intermediate,Evening,Creative,78.0
13.6,19.5,60.7,14.3,376.6,3.0,6.0,94.2,Expert,Morning,Cognitive,87.2
15.5,32.1,42.4,16.5,291.3,1.7,8.4,139.4,Intermediate,Morning,Creative,79.7
19.3,25.6,63.8,16.3,370.7,6.6,5.9,209.1,Intermediate,Morning,Cognitive,78.7
10.2,37.1,61.1,14.9,301.6,7.6,6.7,143.2,Intermediate,Morning,Analytical,92.4
13.3,28.9,51.3,10.5,432.8,4.5,5.5,181.4,Expert,Afternoon,Cognitive,69.6
,25.4,61.6,18.3,247.0,6.9,7.1,,Intermediate,Afternoon,Analytical,79.2
16.4,37.2,46.8,22.0,269.7,4.5,7.4,7.3,Beginner,Evening,Analytical,70.0
18.1,24.8,53.2,16.4,328.1,1.2,7.5,147.3,Intermediate,Morning,Creative,72.9
,35.4,60.4,14.2,256.9,4.6,9.6,108.4,Expert,Afternoon,Analytical,96.1
15.0,32.8,43.1,16.6,284.6,3.3,7.0,193.7,Intermediate,Afternoon,Analytical,80.8
18.5,27.8,48.5,19.4,342.6,5.0,7.4,219.1,Expert,Afternoon,Analytical,72.8
7.6,22.0,50.0,19.8,329.6,7.1,6.2,228.2,Beginner,Afternoon,Creative,63.7
14.7,37.4,,18.7,318.2,3.0,10.3,109.7,Intermediate,Afternoon,Cognitive,80.1
10.1,33.0,,17.3,318.8,4.8,8.3,,Intermediate,Morning,Cognitive,79.6
12.4,25.4,51.1,18.0,196.9,5.7,8.3,100.8,Expert,Evening,Analytical,83.2
5.0,31.5,50.5,16.4,327.4,6.7,8.6,113.0,Beginner,Afternoon,Analytical,83.3
20.6,36.0,61.4,13.1,288.2,6.0,8.1,,Expert,Afternoon,Cognitive,82.7
13.6,30.7,61.1,14.9,301.5,1.8,8.7,64.7,Intermediate,Morning,Analytical,93.1
11.8,31.4,53.0,15.0,240.5,1.8,6.7,121.3,Beginner,Morning,Cognitive,77.1
16.3,36.2,78.3,16.9,353.7,5.5,10.4,-2.0,Beginner,Afternoon,Creative,73.8
10.8,39.2,,10.7,347.6,3.2,4.7,249.1,Beginner,Morning,Analytical,76.6
10.5,29.3,58.3,17.5,261.8,2.0,6.6,106.2,Intermediate,Morning,Analytical,84.0
21.0,22.0,56.1,10.0,329.0,6.4,9.6,94.5,Beginner,Evening,Cognitive,70.8
22.2,22.2,70.1,17.2,402.3,3.3,,152.7,Beginner,Afternoon,Cognitive,74.7
12.6,25.9,65.5,19.5,327.0,7.3,8.0,170.3,Expert,Afternoon,Creative,92.7
19.3,24.4,42.6,18.7,219.3,3.1,6.3,-1.8,Beginner,Morning,Analytical,79.1
16.4,19.9,53.0,13.3,291.5,2.5,,78.8,Beginner,Evening,Cognitive,84.1
9.3,41.1,55.5,17.9,326.3,3.9,6.5,205.3,Intermediate,Morning,Creative,83.0
11.3,33.2,59.9,18.1,425.8,5.5,8.8,172.5,Intermediate,Evening,Cognitive,72.9
,26.9,66.3,21.1,259.5,4.6,7.4,49.7,Intermediate,Evening,Cognitive,84.6
9.3,29.8,49.3,17.1,312.6,7.8,4.4,,Intermediate,Afternoon,Creative,65.2
24.1,19.3,59.2,19.1,266.6,4.3,5.8,165.4,Intermediate,Evening,Creative,72.3
12.7,36.9,77.0,14.7,364.0,3.6,5.5,71.5,Intermediate,Afternoon,Creative,76.4
21.3,18.3,60.3,13.4,301.7,7.0,9.1,119.7,Beginner,Morning,Creative,79.6
13.8,33.1,53.1,18.6,183.4,5.2,,18.0,Beginner,Morning,Creative,83.7
18.2,19.0,46.7,18.6,300.3,3.2,,168.7,Intermediate,Morning,Creative,70.6
20.6,27.5,,14.1,314.4,4.5,10.2,212.5,Beginner,Morning,Analytical,64.2
20.6,37.5,49.2,12.4,339.4,4.4,,99.6,Intermediate,Afternoon,Creative,75.8
12.7,20.2,56.1,16.4,329.1,3.6,5.7,119.7,Intermediate,Morning,Analytical,74.3
11.6,29.1,65.4,16.1,352.9,4.4,5.7,145.3,Beginner,Evening,Cognitive,71.9
14.7,33.8,60.4,16.7,313.8,1.4,5.5,106.4,Beginner,Afternoon,Cognitive,84.6
9.8,32.8,55.2,18.7,324.2,3.3,7.3,-4.0,Beginner,Afternoon,Creative,80.1
16.0,30.4,42.1,19.1,320.6,4.9,6.3,184.7,Intermediate,Evening,Cognitive,62.7
11.7,33.0,68.3,16.0,299.2,2.9,7.3,192.4,Intermediate,Morning,Creative,84.0
19.3,26.3,56.5,13.0,348.4,2.2,7.5,161.1,Intermediate,Afternoon,Creative,76.5
12.7,41.6,,13.8,548.0,3.9,7.1,389.6,Beginner,Evening,Analytical,57.0
8.0,20.3,50.9,14.2,317.8,3.1,7.2,,Intermediate,Morning,Cognitive,84.5
20.6,37.0,55.9,15.6,295.4,1.4,7.1,146.6,Expert,Afternoon,Creative,82.4
15.7,31.1,54.2,14.5,265.9,1.4,5.8,78.0,Beginner,Afternoon,Cognitive,75.7
15.1,33.7,46.7,15.3,337.7,4.8,4.8,67.5,Intermediate,Evening,Analytical,65.5
19.4,34.8,50.9,16.2,269.8,4.2,7.1,41.9,Expert,Afternoon,Cognitive,83.9
,33.3,59.9,14.1,328.0,4.6,5.8,140.7,Beginner,Afternoon,Analytical,73.9
12.0,25.1,63.0,17.0,326.6,3.4,8.5,125.3,Intermediate,Evening,Analytical,75.4
13.2,28.3,53.2,21.5,373.4,1.0,5.1,185.9,Beginner,Morning,Analytical,75.0
10.5,21.3,48.0,15.5,389.4,2.3,6.5,15.5,Intermediate,Evening,Creative,70.4
9.1,28.2,56.4,14.0,168.1,3.4,7.2,135.8,Beginner,Evening,Creative,82.8
17.3,31.9,67.8,16.9,309.9,4.9,8.9,223.6,Expert,Evening,Cognitive,83.2
16.6,33.6,50.6,13.6,215.0,0.5,6.4,127.1,Intermediate,Evening,Creative,72.0
18.0,32.3,60.1,15.6,378.1,-0.6,7.3,174.1,Intermediate,Afternoon,Creative,79.0
20.1,19.5,53.4,14.0,318.8,6.9,7.9,260.6,Intermediate,Evening,Cognitive,65.7
,26.6,71.3,12.8,377.6,5.2,8.1,,Intermediate,Afternoon,Analytical,78.9
18.5,26.0,54.9,13.4,332.9,2.2,7.6,34.5,Intermediate,Afternoon,Analytical,85.8
6.7,22.1,66.6,14.0,252.5,3.5,9.7,101.3,Expert,Morning,Cognitive,97.1
13.8,25.0,70.2,12.9,271.6,3.2,6.4,141.6,Expert,Evening,Creative,84.7
18.9,30.0,75.4,19.8,313.3,4.6,9.6,116.1,Intermediate,Afternoon,Cognitive,81.7
10.3,38.5,46.5,17.3,348.5,3.0,8.0,198.8,Expert,Evening,Cognitive,68.5
15.4,24.3,46.0,18.8,322.8,1.7,7.4,118.8,Intermediate,Morning,Creative,71.6
17.1,23.2,71.7,11.9,328.9,5.0,7.5,115.8,Intermediate,Evening,Cognitive,78.9
16.8,26.4,70.0,15.1,302.1,7.6,8.4,185.1,Intermediate,Evening,Creative,74.5
16.5,32.0,53.8,17.3,376.5,5.1,5.9,35.5,Beginner,Afternoon,Creative,73.1
17.4,37.3,27.6,21.0,327.3,4.2,7.2,149.3,Beginner,Morning,Cognitive,62.3
15.7,29.5,60.8,13.7,322.4,3.6,6.6,82.1,Beginner,Afternoon,Analytical,72.0
9.1,21.3,44.8,12.1,334.8,2.4,9.4,166.5,Intermediate,Morning,Creative,82.1
17.0,22.6,51.7,16.6,299.2,3.2,6.0,98.1,Beginner,Afternoon,Analytical,74.0
16.1,31.1,,14.0,302.5,4.8,,150.8,Intermediate,Morning,Creative,80.6
9.2,36.0,,21.1,344.1,6.4,6.3,87.2,Expert,Morning,Analytical,78.7
20.5,40.9,75.8,17.6,358.8,6.5,4.9,1.2,Beginner,Morning,Cognitive,75.0
17.1,22.9,56.3,15.1,364.0,4.3,5.7,,Intermediate,Morning,Creative,78.6
9.5,30.8,50.2,15.2,310.2,4.4,5.7,42.1,Beginner,Morning,Cognitive,72.9
11.7,23.8,69.2,15.6,326.2,4.1,9.5,209.8,Beginner,Evening,Cognitive,77.3
12.7,24.6,63.8,10.5,289.7,5.1,5.0,153.8,Intermediate,Afternoon,Cognitive,85.7
12.7,24.1,56.4,16.1,359.3,4.1,7.5,163.5,Intermediate,Afternoon,Creative,68.4
16.2,28.0,60.3,14.5,272.8,4.1,9.2,103.0,Intermediate,Afternoon,Cognitive,82.3
11.1,24.7,56.2,17.9,331.1,2.3,11.2,,Beginner,Afternoon,Cognitive,75.2
19.5,44.9,66.9,13.3,363.9,2.2,6.8,-22.0,Intermediate,Evening,Creative,73.5
19.2,27.2,76.9,18.0,326.3,2.6,7.2,143.6,Beginner,Morning,Cognitive,78.1
17.5,35.9,52.7,17.6,335.0,4.5,5.3,,Beginner,Morning,Creative,79.0
15.2,26.0,64.2,16.5,306.4,3.4,6.4,139.0,Beginner,Evening,Cognitive,67.1
18.7,43.4,44.7,19.8,227.3,9.2,,54.2,Beginner,Afternoon,Analytical,72.8
13.9,32.0,49.3,10.3,286.3,4.8,8.3,156.9,Beginner,Morning,Cognitive,80.4
12.1,35.0,65.6,17.3,322.2,7.1,8.8,130.9,Beginner,Morning,Analytical,76.7
19.8,26.5,59.3,15.9,285.5,7.0,8.0,41.1,Expert,Morning,Creative,87.4
16.3,35.9,,15.8,344.3,4.8,8.6,201.1,Beginner,Evening,Analytical,67.0
12.3,32.0,60.1,13.1,246.8,3.9,9.9,108.2,Beginner,Morning,Creative,93.4
13.3,27.7,,11.7,223.1,2.2,6.3,67.1,Beginner,Evening,Cognitive,89.6
12.1,23.5,45.5,18.7,354.8,2.8,8.1,182.2,Intermediate,Evening,Analytical,76.2
23.1,28.6,77.5,18.4,304.4,5.7,6.0,,Beginner,Afternoon,Cognitive,77.5
15.0,28.1,65.7,21.4,337.3,4.5,3.9,,Expert,Morning,Analytical,85.7
15.6,35.2,,21.9,293.9,2.7,7.4,211.8,Expert,Morning,Creative,79.1
,28.6,60.0,11.4,348.2,3.6,7.2,143.9,Beginner,Afternoon,Creative,76.1
10.1,18.5,77.5,15.5,387.9,4.7,6.9,157.1,Intermediate,Afternoon,Creative,82.8
19.4,33.9,69.6,16.8,391.4,4.0,6.0,113.3,Beginner,Afternoon,Creative,79.0
12.6,37.8,56.3,18.9,287.6,3.5,7.2,,Intermediate,Afternoon,Cognitive,92.4
22.3,20.0,67.6,20.3,298.9,3.9,7.6,100.2,Intermediate,Evening,Cognitive,80.5
,40.8,52.7,12.9,328.5,-0.8,9.9,-21.8,Beginner,Afternoon,Cognitive,76.0
19.2,38.4,57.2,14.4,413.5,4.0,,160.3,Beginner,Afternoon,Cognitive,70.7
5.0,26.2,74.7,20.1,262.4,1.9,7.9,155.5,Intermediate,Evening,Cognitive,94.2
10.3,23.3,,11.0,262.7,4.7,,30.8,Intermediate,Morning,Creative,88.5
,36.3,66.6,12.8,363.4,4.3,5.6,,Beginner,Morning,Cognitive,69.2
,21.8,71.7,17.3,286.7,5.5,5.5,-59.5,Intermediate,Morning,Cognitive,91.7
17.4,26.0,65.5,22.2,353.0,5.5,6.6,248.1,Intermediate,Morning,Cognitive,79.1
16.3,22.1,,11.0,290.7,7.4,7.1,85.7,Expert,Afternoon,Creative,77.2
11.0,30.0,76.6,16.2,337.6,0.0,7.3,89.1,Beginner,Morning,Creative,86.6
14.9,38.8,65.2,17.7,294.5,3.7,5.8,164.7,Intermediate,Afternoon,Creative,71.4
18.2,32.2,65.9,20.4,269.8,-0.1,3.6,148.0,Intermediate,Evening,Creative,79.2
6.6,36.1,60.6,17.3,327.3,5.0,6.4,28.2,Beginner,Morning,Cognitive,78.1
9.9,27.9,71.1,10.5,259.4,3.7,8.4,122.8,Intermediate,Afternoon,Cognitive,84.9
13.7,30.6,79.1,12.1,342.8,3.1,6.4,,Intermediate,Morning,Analytical,90.7
15.1,22.6,56.2,20.1,308.3,4.5,6.9,69.9,Expert,Morning,Cognitive,88.3
14.8,29.4,70.7,17.3,251.9,1.9,4.6,167.4,Beginner,Afternoon,Creative,66.5
18.6,25.5,60.3,12.6,335.0,7.7,7.2,43.6,Intermediate,Evening,Creative,68.5
16.9,29.0,40.0,17.5,333.9,3.5,7.6,156.1,Beginner,Afternoon,Cognitive,73.7
17.8,28.6,46.0,16.9,202.4,4.2,6.1,30.4,Expert,Morning,Analytical,77.6
9.4,28.1,64.2,8.5,317.5,3.7,8.4,94.5,Beginner,Afternoon,Creative,83.0
15.6,42.6,70.1,9.7,320.5,5.8,8.8,22.2,Expert,Morning,Analytical,82.2
13.8,40.6,,16.9,324.6,1.6,10.2,168.1,Expert,Morning,Creative,81.4
20.8,38.5,67.7,22.1,229.1,5.7,5.6,195.0,Beginner,Afternoon,Creative,74.1
15.7,40.8,,16.8,337.7,3.0,7.4,222.4,Expert,Morning,Cognitive,93.9
12.3,38.5,,8.7,345.7,3.0,5.2,95.2,Expert,Afternoon,Creative,95.0
18.4,29.9,57.4,11.2,273.1,5.8,7.9,73.6,Beginner,Afternoon,Analytical,73.7
,29.3,58.7,17.9,250.0,3.5,7.7,180.8,Intermediate,Afternoon,Analytical,82.4
11.7,31.4,76.4,18.2,271.0,5.2,,123.7,Intermediate,Morning,Cognitive,89.8
13.6,28.7,47.3,15.4,326.4,5.3,7.4,81.6,Beginner,Evening,Creative,64.4
,23.8,72.4,14.5,258.1,3.3,6.7,80.9,Beginner,Afternoon,Analytical,85.2
19.9,31.8,60.2,18.4,252.3,4.5,5.2,,Beginner,Evening,Cognitive,69.8
15.8,20.6,51.7,19.3,425.0,3.0,6.6,193.3,Beginner,Morning,Analytical,72.6
17.9,30.8,45.5,18.1,319.7,4.0,10.1,56.7,Intermediate,Afternoon,Cognitive,81.8
13.0,24.0,,13.1,304.4,4.9,7.9,199.1,Beginner,Afternoon,Analytical,80.9
16.3,29.5,51.4,18.7,286.5,2.1,5.8,,Expert,Morning,Creative,81.8
20.2,31.1,,14.9,298.8,4.9,6.5,193.0,Intermediate,Morning,Analytical,75.4
13.6,27.9,50.3,14.2,410.1,4.6,4.1,107.6,Beginner,Afternoon,Analytical,73.2
15.5,20.2,79.7,14.1,360.8,1.0,5.4,170.3,Intermediate,Evening,Cognitive,83.5
9.5,22.9,61.0,16.1,439.3,2.5,9.5,70.2,Intermediate,Afternoon,Cognitive,80.7
11.9,32.7,46.5,17.7,339.6,2.6,,145.4,Expert,Morning,Cognitive,84.5
13.7,26.7,55.7,9.9,272.2,3.1,7.7,159.1,Beginner,Afternoon,Analytical,82.0
10.8,33.4,73.9,13.8,333.6,2.1,7.6,8.4,Beginner,Evening,Cognitive,76.2
20.3,30.1,50.2,14.6,347.4,5.9,9.1,218.2,Expert,Afternoon,Creative,89.1
11.6,28.8,56.4,19.1,350.7,6.1,7.5,32.8,Expert,Morning,Cognitive,94.6
18.1,32.1,71.9,13.4,297.9,2.4,6.6,185.0,Intermediate,Evening,Cognitive,80.8
15.7,26.0,63.4,15.0,410.2,1.7,6.9,90.4,Intermediate,Morning,Creative,81.2
15.1,32.4,47.8,18.4,256.5,4.0,6.6,166.1,Beginner,Afternoon,Cognitive,73.8
20.9,27.5,62.2,16.1,337.0,6.7,6.6,145.5,Intermediate,Afternoon,Cognitive,70.5
6.0,45.2,58.5,20.6,305.4,8.3,9.5,99.2,Beginner,Evening,Analytical,77.2
14.2,23.2,60.5,15.5,281.2,2.7,5.4,66.9,Beginner,Evening,Analytical,77.3
10.7,27.9,69.5,21.6,332.4,-0.5,6.2,105.3,Expert,Evening,Cognitive,86.5
,28.1,62.4,22.2,382.8,1.0,4.3,91.2,Beginner,Morning,Creative,71.6
10.2,21.9,59.1,17.4,340.2,0.4,8.5,142.1,Intermediate,Evening,Cognitive,79.5
15.1,34.4,58.6,17.3,333.7,4.8,7.5,125.1,Expert,Morning,Cognitive,76.0
12.1,27.4,70.8,17.7,219.0,4.2,9.6,72.3,Beginner,Morning,Cognitive,88.4
18.6,15.7,52.8,18.4,366.1,4.4,6.0,46.4,Expert,Afternoon,Analytical,89.0
14.1,34.2,38.3,16.4,299.7,6.3,5.8,95.2,Expert,Afternoon,Creative,79.4
13.7,26.2,57.7,19.5,346.7,7.3,5.3,115.1,Intermediate,Afternoon,Creative,72.6
13.7,29.4,63.8,17.5,366.0,5.7,7.7,74.8,Beginner,Afternoon,Creative,75.8
14.6,34.1,55.8,20.2,329.6,5.5,6.5,142.8,Beginner,Evening,Analytical,65.1
13.3,27.8,54.7,11.6,219.9,1.1,7.5,106.7,Intermediate,Morning,Analytical,83.9
11.6,27.8,56.4,16.6,390.8,3.0,6.4,179.0,Beginner,Morning,Cognitive,63.3
19.0,44.8,59.8,19.0,410.3,6.8,9.2,142.5,Beginner,Evening,Analytical,62.9
12.5,17.1,47.0,12.6,360.7,2.9,8.9,155.8,Expert,Morning,Cognitive,83.0
13.5,22.3,66.6,17.3,283.7,6.2,7.1,85.7,Beginner,Afternoon,Analytical,79.1
16.7,23.4,33.4,17.8,381.5,4.2,8.6,197.0,Intermediate,Afternoon,Cognitive,70.1
,40.7,65.4,21.2,305.9,5.6,6.8,135.4,Beginner,Afternoon,Analytical,73.2
11.4,26.1,,15.0,316.7,2.3,6.9,199.0,Intermediate,Afternoon,Creative,79.5
18.0,31.4,65.0,16.6,379.9,5.5,3.8,172.5,Expert,Morning,Cognitive,78.1
17.2,27.2,,14.3,352.4,2.7,7.8,,Beginner,Evening,Analytical,61.6
15.7,33.6,62.9,15.6,202.4,4.5,7.0,83.7,Beginner,Morning,Analytical,80.6
13.3,29.9,54.6,20.9,330.4,3.9,8.3,126.1,Intermediate,Afternoon,Cognitive,73.5
13.4,31.5,76.0,15.9,379.3,6.4,8.1,102.8,Intermediate,Morning,Analytical,91.0
14.2,37.7,63.6,13.9,251.8,5.7,5.9,77.7,Intermediate,Afternoon,Creative,78.5
10.1,32.6,48.2,15.5,368.9,0.5,,56.5,Beginner,Afternoon,Cognitive,72.1
14.8,25.6,43.1,14.4,236.5,2.4,6.3,235.5,Beginner,Evening,Cognitive,65.2
18.6,31.9,53.9,14.7,309.3,2.7,8.6,38.8,Expert,Afternoon,Cognitive,86.3
18.5,44.5,68.1,14.4,347.1,5.4,9.4,4.5,Expert,Afternoon,Cognitive,85.7
,33.4,71.5,14.5,307.3,3.0,8.2,143.1,Intermediate,Evening,Cognitive,97.1
19.3,30.9,61.8,12.4,613.7,1.8,10.0,143.0,Expert,Afternoon,Creative,66.3
22.6,21.8,60.8,16.2,249.3,1.3,7.8,102.1,Intermediate,Afternoon,Cognitive,80.6
13.7,34.3,56.7,13.1,360.8,5.5,5.5,37.8,Intermediate,Afternoon,Creative,72.1
17.8,35.2,59.8,19.4,322.6,-0.1,4.9,,Beginner,Afternoon,Creative,80.3
5.9,31.9,72.2,15.1,277.4,6.1,5.6,137.0,Intermediate,Evening,Creative,73.9
,30.7,56.5,17.2,341.9,1.4,,177.1,Intermediate,Morning,Cognitive,81.3
15.4,47.0,66.6,17.2,316.5,3.1,6.0,153.1,Beginner,Afternoon,Creative,77.2
11.0,35.1,54.7,10.5,394.0,1.7,7.1,102.6,Intermediate,Afternoon,Cognitive,78.4
23.2,37.4,70.1,15.2,349.2,2.2,6.7,23.3,Intermediate,Evening,Creative,82.1
17.4,30.4,65.8,21.2,340.6,3.6,7.1,72.2,Intermediate,Evening,Cognitive,82.3
18.9,29.2,69.7,13.7,286.4,3.7,10.7,,Intermediate,Afternoon,Analytical,86.7
,33.8,78.8,22.8,327.3,0.9,8.3,53.8,Expert,Afternoon,Analytical,94.3
11.0,29.2,34.2,17.6,291.2,3.2,7.4,197.7,Beginner,Afternoon,Creative,66.8
,29.7,67.5,17.6,316.9,4.2,8.6,203.4,Intermediate,Afternoon,Analytical,80.1
16.0,32.8,64.7,16.7,382.3,4.9,5.8,89.2,Intermediate,Evening,Creative,76.8
12.4,26.9,64.5,19.1,305.7,-0.1,5.7,168.5,Intermediate,Evening,Creative,75.3
,31.3,62.4,19.3,247.7,3.0,8.4,135.5,Beginner,Evening,Creative,77.2
17.8,30.5,62.4,15.9,344.7,-0.1,,85.0,Beginner,Morning,Analytical,76.9
15.0,35.8,63.4,14.7,359.3,3.0,7.2,125.7,Expert,Evening,Creative,72.7
7.7,26.3,69.1,11.7,399.4,3.1,5.3,2.2,Intermediate,Evening,Analytical,81.5
21.9,18.0,68.3,18.4,363.2,5.3,6.3,25.7,Expert,Afternoon,Analytical,83.9
14.1,28.1,59.8,16.2,306.4,5.9,6.4,145.4,Intermediate,Afternoon,Cognitive,75.3
25.8,32.4,58.1,13.5,333.0,2.0,6.3,176.5,Intermediate,Evening,Analytical,69.7
17.6,35.8,60.2,14.3,339.5,4.6,10.2,174.3,Expert,Afternoon,Cognitive,79.3
14.2,25.8,55.9,15.8,341.7,5.3,10.2,56.8,Intermediate,Evening,Creative,73.2
16.8,33.3,77.8,13.1,196.3,2.5,8.7,172.9,Beginner,Afternoon,Creative,77.6
6.9,36.8,47.3,16.1,291.3,5.5,7.1,159.7,Intermediate,Afternoon,Cognitive,75.8
19.1,34.5,67.5,11.1,343.9,4.3,6.1,147.5,Expert,Evening,Creative,81.6
25.3,25.3,67.4,14.4,375.0,3.5,5.4,111.6,Beginner,Afternoon,Cognitive,70.7
6.6,25.9,54.7,12.5,288.3,4.3,7.5,88.6,Beginner,Evening,Cognitive,81.9
13.9,32.6,,16.6,299.3,0.8,8.9,164.1,Beginner,Afternoon,Creative,80.5
14.6,39.8,,13.1,308.1,4.3,8.2,167.8,Expert,Afternoon,Cognitive,87.2
18.5,30.1,56.7,14.3,313.3,2.3,7.2,107.5,Beginner,Morning,Cognitive,76.9
23.4,29.0,73.1,22.8,362.7,4.1,8.0,145.7,Intermediate,Afternoon,Cognitive,80.4
,21.8,71.2,18.6,283.1,3.2,,147.8,Intermediate,Afternoon,Creative,93.4
,27.8,52.9,17.8,363.2,4.6,6.6,113.8,Intermediate,Evening,Creative,69.2
15.7,25.7,48.9,19.9,390.9,6.4,5.5,78.4,Intermediate,Morning,Creative,77.6
16.8,30.2,61.7,17.5,300.3,4.3,6.5,124.2,Beginner,Afternoon,Creative,78.2
16.3,20.9,47.6,11.8,298.5,6.0,7.5,171.9,Intermediate,Morning,Creative,85.4
19.9,28.0,31.0,12.1,327.9,2.0,6.4,68.0,Intermediate,Afternoon,Analytical,73.0
13.3,23.9,55.1,7.9,290.7,6.9,5.3,,Expert,Evening,Analytical,71.6
18.3,35.6,81.7,16.6,315.6,2.0,7.2,75.9,Beginner,Afternoon,Cognitive,81.8
10.1,24.8,,12.8,246.5,1.5,7.5,229.1,Expert,Afternoon,Analytical,89.2
13.9,26.6,63.8,14.3,362.8,3.5,6.4,168.0,Intermediate,Afternoon,Creative,77.2
12.5,31.7,,15.0,403.2,3.1,7.0,93.5,Expert,Morning,Creative,90.9
15.4,27.3,59.6,14.2,286.3,0.8,3.2,38.8,Intermediate,Afternoon,Creative,71.9
13.7,44.2,56.7,15.9,237.7,1.7,,87.0,Intermediate,Afternoon,Cognitive,82.6
19.5,35.6,72.3,15.2,366.0,-3.2,7.4,101.7,Expert,Afternoon,Cognitive,98.1
11.5,30.1,60.4,14.9,299.1,1.3,9.1,100.2,Expert,Evening,Cognitive,85.3
8.1,32.2,59.1,11.4,286.6,2.7,6.7,79.7,Intermediate,Evening,Cognitive,86.3
9.6,15.9,68.0,16.7,313.9,7.0,8.1,122.0,Beginner,Evening,Cognitive,68.4
19.0,37.4,49.7,22.5,259.0,5.4,8.8,114.6,Beginner,Evening,Cognitive,67.5
11.1,33.1,,16.8,344.1,4.6,7.0,72.7,Beginner,Evening,Analytical,77.5
16.6,29.6,43.8,22.8,256.8,8.3,7.5,183.4,Beginner,Afternoon,Creative,71.8
13.8,33.4,65.7,14.3,260.8,0.4,7.2,187.4,Beginner,Morning,Analytical,84.8
18.3,34.1,58.4,15.2,260.1,3.9,4.6,120.9,Expert,Afternoon,Cognitive,84.8
,27.5,,15.9,328.2,8.1,7.6,176.8,Beginner,Evening,Creative,70.9
26.1,32.3,60.5,15.5,229.3,3.0,5.6,158.5,Intermediate,Morning,Creative,83.1
22.6,36.3,46.3,19.5,424.4,2.3,5.7,83.9,Beginner,Morning,Creative,56.0
13.7,32.7,56.4,9.4,301.2,5.6,7.8,146.0,Beginner,Morning,Analytical,80.4
13.2,28.5,69.0,14.6,214.2,2.9,8.9,,Beginner,Afternoon,Creative,79.6
27.5,31.8,57.4,21.0,267.0,6.5,8.2,63.6,Beginner,Afternoon,Cognitive,73.1
,38.3,71.9,14.5,349.9,5.7,7.9,156.5,Intermediate,Afternoon,Cognitive,80.6
14.8,34.7,55.5,18.8,387.4,3.6,7.5,150.8,Expert,Morning,Analytical,82.2
15.1,23.0,67.2,17.8,328.2,6.0,8.3,147.0,Beginner,Afternoon,Analytical,78.6
15.0,33.5,42.2,15.8,324.3,3.5,9.5,128.5,Intermediate,Morning,Cognitive,74.7
8.0,32.7,57.7,16.9,243.5,4.3,6.1,17.2,Intermediate,Morning,Analytical,93.1
17.0,37.0,56.1,15.7,394.4,5.2,,30.1,Expert,Afternoon,Creative,72.8
11.1,30.2,,9.6,347.8,3.2,8.1,,Intermediate,Afternoon,Analytical,78.6
20.7,27.8,71.1,17.4,336.1,7.0,,164.1,Intermediate,Afternoon,Creative,79.0
9.2,21.8,53.6,14.2,320.8,4.1,6.9,77.3,Intermediate,Afternoon,Creative,83.9
15.2,25.8,52.6,11.9,346.6,4.6,7.4,,Expert,Morning,Creative,79.7
6.1,37.2,,17.2,280.0,1.4,6.2,81.6,Beginner,Evening,Creative,86.2
6.4,31.2,61.6,17.0,367.0,2.7,4.1,191.2,Intermediate,Morning,Creative,79.4
11.6,29.4,67.8,18.9,360.2,4.3,9.1,20.4,Expert,Morning,Cognitive,95.8
12.2,37.8,43.0,15.2,315.1,5.7,6.1,69.9,Intermediate,Evening,Cognitive,67.7
20.9,36.5,52.0,18.6,306.4,6.8,,140.8,Intermediate,Afternoon,Cognitive,73.1
14.8,25.6,,16.1,212.1,1.9,,101.0,Intermediate,Morning,Creative,93.2
20.2,37.2,68.5,17.0,233.4,2.3,2.6,169.6,Beginner,Morning,Analytical,77.7
13.5,20.0,49.3,17.3,347.3,1.5,9.3,135.8,Intermediate,Evening,Analytical,70.0
17.4,32.8,,12.0,365.2,5.0,10.3,206.6,Intermediate,Evening,Creative,69.9
12.1,32.0,50.0,17.1,373.5,6.8,,90.0,Intermediate,Morning,Analytical,70.9
11.8,36.9,,16.3,252.6,3.7,6.3,54.4,Intermediate,Afternoon,Creative,89.2
7.7,32.3,,15.2,434.7,4.1,7.7,106.5,Expert,Morning,Analytical,92.1
16.3,28.5,62.8,16.3,370.0,4.3,7.4,95.5,Beginner,Afternoon,Creative,66.0
16.0,29.0,62.6,23.6,291.3,3.1,8.5,79.8,Intermediate,Morning,Analytical,90.8
18.1,46.2,48.9,10.2,328.2,1.6,7.7,67.9,Intermediate,Afternoon,Analytical,72.5
15.9,30.5,,15.6,235.1,6.1,8.2,34.0,Intermediate,Morning,Cognitive,90.2
23.1,33.6,63.8,18.4,289.2,4.3,12.2,197.6,Beginner,Afternoon,Analytical,77.5
15.7,17.9,42.2,12.3,346.9,2.9,4.6,30.9,Intermediate,Afternoon,Analytical,74.3
19.0,25.0,47.2,17.1,323.1,10.0,,115.0,Expert,Afternoon,Creative,74.8
13.7,33.1,58.4,16.9,407.2,4.0,9.2,127.8,Intermediate,Morning,Analytical,86.1
11.4,20.3,51.7,11.2,246.0,0.6,5.4,141.5,Expert,Afternoon,Analytical,97.0
17.9,33.3,55.4,14.2,314.1,5.3,5.8,,Expert,Evening,Analytical,80.1
14.6,25.6,59.8,21.4,263.2,0.3,7.8,33.8,Beginner,Afternoon,Analytical,88.4
18.3,23.8,50.9,11.2,755.0,4.9,5.1,117.8,Beginner,Afternoon,Analytical,49.1
16.4,25.6,59.7,14.7,333.3,4.9,,116.8,Expert,Afternoon,Cognitive,84.8
11.8,39.2,63.0,15.5,320.4,6.8,7.4,119.6,Expert,Afternoon,Analytical,80.7
19.3,32.0,67.8,16.0,313.3,2.0,6.0,48.1,Beginner,Afternoon,Creative,73.6
11.5,24.5,47.5,14.8,276.1,3.4,,157.7,Beginner,Evening,Creative,72.7
,34.7,53.7,16.2,379.9,3.9,,65.9,Beginner,Morning,Analytical,81.2
20.1,35.0,65.9,15.9,328.5,5.7,5.6,220.4,Expert,Morning,Analytical,81.9
13.5,27.7,45.2,18.1,332.2,4.9,7.7,4.4,Beginner,Afternoon,Analytical,78.6
19.6,35.8,61.1,18.5,349.1,5.0,6.8,152.0,Intermediate,Evening,Cognitive,71.9
16.6,36.0,60.3,17.3,276.9,6.4,7.2,128.4,Expert,Evening,Creative,80.7
,35.1,34.1,16.7,419.8,3.6,8.1,109.4,Beginner,Afternoon,Cognitive,55.4
11.7,26.0,55.1,11.3,398.5,6.9,7.3,157.1,Intermediate,Afternoon,Cognitive,83.7
15.9,22.9,63.3,16.3,612.5,3.8,6.5,150.2,Beginner,Afternoon,Analytical,66.7
9.4,19.8,57.9,19.3,304.9,5.8,5.7,100.7,Expert,Afternoon,Analytical,85.0
21.8,26.1,55.3,11.2,352.0,3.0,7.7,54.5,Beginner,Afternoon,Creative,72.0
,27.8,61.6,12.0,376.0,5.2,10.0,200.1,Intermediate,Evening,Analytical,75.9
13.6,28.3,69.9,20.5,407.5,6.3,8.3,87.5,Intermediate,Afternoon,Creative,80.9
11.3,29.7,65.4,11.5,352.2,1.8,4.7,85.4,Beginner,Afternoon,Cognitive,76.9
17.7,40.4,52.4,15.7,326.8,5.9,4.0,198.4,Beginner,Afternoon,Creative,58.5
,28.0,45.4,14.3,326.9,4.4,5.9,,Intermediate,Afternoon,Creative,77.9
17.6,29.7,65.2,20.3,226.0,8.1,4.7,219.2,Beginner,Afternoon,Creative,74.0
26.8,19.1,48.2,16.9,298.5,3.5,,113.7,Expert,Afternoon,Cognitive,80.6
9.5,43.4,54.7,18.4,338.1,4.6,3.4,180.8,Expert,Morning,Cognitive,81.8
9.8,22.1,62.0,16.2,207.1,3.7,7.3,151.1,Intermediate,Morning,Analytical,88.8
,25.8,71.5,22.0,329.0,5.3,5.3,3.0,Intermediate,Afternoon,Analytical,80.7
15.5,34.2,72.9,13.8,279.4,-0.4,5.2,160.1,Intermediate,Evening,Creative,86.1
10.9,31.5,,17.0,398.9,1.2,6.0,55.8,Expert,Morning,Creative,88.0
12.0,39.9,54.9,19.8,305.8,5.3,6.0,105.3,Intermediate,Afternoon,Cognitive,75.9
17.5,34.3,48.0,20.5,306.8,4.1,6.6,221.8,Beginner,Morning,Cognitive,71.8
,29.5,79.6,15.2,313.1,-0.0,4.9,86.3,Beginner,Morning,Cognitive,86.7
,36.3,57.1,9.9,319.8,2.7,8.5,187.1,Intermediate,Evening,Creative,79.2
13.4,37.0,66.8,14.8,359.6,3.2,7.4,62.1,Intermediate,Evening,Creative,84.3
13.8,26.0,62.0,21.2,302.8,3.0,7.6,208.3,Intermediate,Morning,Cognitive,78.6
19.0,35.8,55.0,13.7,321.2,5.9,6.3,112.9,Beginner,Afternoon,Creative,73.6
11.4,28.7,54.6,16.9,548.9,6.5,8.6,285.3,Intermediate,Morning,Cognitive,71.0
12.1,29.4,46.2,15.1,320.4,-0.5,7.7,114.3,Beginner,Evening,Analytical,73.2
17.3,30.9,71.2,15.8,352.8,3.8,7.3,121.4,Beginner,Morning,Cognitive,73.2
,27.7,58.8,19.9,297.7,4.2,8.5,38.7,Intermediate,Morning,Creative,82.9
20.7,27.4,74.3,16.8,337.6,1.0,4.5,89.3,Beginner,Afternoon,Creative,64.6
16.9,35.9,55.5,22.1,385.4,6.5,7.3,76.5,Intermediate,Evening,Creative,69.0
15.5,20.8,57.0,18.9,350.1,4.7,6.0,41.5,Beginner,Morning,Creative,69.0
17.3,23.6,48.7,16.4,226.4,5.7,,124.7,Intermediate,Afternoon,Cognitive,83.1
13.9,34.0,56.9,15.7,347.8,3.1,8.2,204.2,Intermediate,Morning,Cognitive,80.8
13.9,29.6,47.6,17.0,262.3,2.4,9.1,66.5,Beginner,Evening,Analytical,70.1
7.9,35.9,,12.3,273.8,2.9,,220.4,Beginner,Morning,Cognitive,91.8
18.6,32.1,61.1,12.8,344.6,3.8,7.0,111.6,Expert,Evening,Analytical,88.3
15.8,22.0,74.7,18.3,271.5,3.1,6.5,92.8,Intermediate,Afternoon,Cognitive,88.4
18.1,30.4,45.4,18.8,264.5,5.8,,103.8,Intermediate,Afternoon,Cognitive,70.9
3.7,33.2,72.2,12.0,319.8,9.3,5.5,254.8,Beginner,Evening,Creative,75.8
14.8,31.4,50.2,18.6,289.3,5.2,9.5,142.4,Intermediate,Evening,Analytical,77.3
11.6,27.2,63.4,15.5,238.5,0.1,6.4,142.6,Intermediate,Afternoon,Creative,92.7
21.0,28.4,48.5,13.5,347.8,4.3,6.9,156.7,Intermediate,Morning,Creative,66.0
17.5,26.6,62.0,15.1,369.3,1.6,6.2,40.9,Intermediate,Afternoon,Cognitive,76.9
15.9,22.0,34.9,18.7,365.2,3.2,7.1,,Beginner,Afternoon,Cognitive,69.5
13.3,21.2,53.3,17.8,275.1,3.9,5.6,70.2,Beginner,Afternoon,Analytical,80.4
16.6,32.3,61.1,16.9,340.5,3.5,6.4,63.0,Expert,Afternoon,Analytical,82.5
11.3,24.8,77.6,17.1,295.3,1.9,7.2,92.0,Expert,Morning,Cognitive,100.0
14.6,33.5,38.7,12.6,256.6,5.0,6.8,105.5,Beginner,Afternoon,Analytical,71.0
12.7,26.4,60.0,17.6,282.6,0.0,3.3,120.1,Intermediate,Afternoon,Cognitive,77.6
24.1,22.1,54.8,14.6,179.0,4.8,10.7,101.6,Beginner,Morning,Cognitive,85.1
20.9,27.6,40.8,22.1,267.1,2.2,9.4,87.0,Beginner,Afternoon,Cognitive,76.0
19.3,42.6,48.8,14.9,246.7,4.6,5.3,80.6,Beginner,Afternoon,Analytical,72.3
9.0,29.4,55.3,22.7,330.1,1.3,6.1,122.1,Beginner,Afternoon,Creative,70.0
18.5,33.9,64.7,15.5,334.6,4.5,6.7,14.1,Intermediate,Morning,Analytical,81.1
15.8,31.0,60.9,15.7,235.5,6.8,8.0,121.5,Intermediate,Afternoon,Creative,83.8
19.9,21.6,46.9,15.1,361.4,2.8,7.7,196.3,Beginner,Morning,Analytical,61.5
,38.7,41.7,12.2,289.6,2.8,5.4,138.5,Beginner,Afternoon,Creative,70.8
15.0,28.5,64.2,20.0,266.5,4.9,10.5,164.4,Expert,Evening,Creative,85.9
15.9,22.1,58.0,16.3,230.5,4.4,6.4,202.8,Beginner,Afternoon,Analytical,77.4
7.8,26.9,76.1,17.9,280.0,1.2,9.7,157.5,Intermediate,Morning,Analytical,97.3
11.9,28.8,56.5,20.8,313.0,6.2,6.1,85.2,Beginner,Afternoon,Creative,66.8
16.5,34.5,71.4,15.6,369.8,5.6,8.6,90.2,Intermediate,Evening,Cognitive,75.2
19.6,25.9,65.4,15.7,314.7,6.6,7.6,126.8,Beginner,Morning,Creative,76.4
12.8,45.7,68.2,16.4,304.3,5.1,,,Beginner,Evening,Creative,76.2
14.8,24.4,64.3,12.2,349.0,7.8,7.9,271.6,Beginner,Afternoon,Cognitive,71.2
8.6,33.7,64.5,10.5,327.0,0.3,7.3,120.3,Beginner,Evening,Creative,75.8
20.8,18.2,37.1,11.5,244.7,7.0,8.4,209.9,Intermediate,Morning,Cognitive,69.3
19.5,29.3,57.6,19.7,298.2,3.2,5.8,110.1,Intermediate,Morning,Cognitive,84.1
17.6,32.2,53.4,15.0,291.2,2.9,6.9,124.2,Beginner,Evening,Analytical,69.3
16.6,23.3,72.7,18.4,312.5,2.6,8.2,117.3,Beginner,Afternoon,Creative,76.9
21.2,39.0,50.0,15.2,296.2,5.0,4.3,196.6,Intermediate,Morning,Creative,72.3
11.8,32.6,57.2,11.3,279.7,5.6,5.3,269.1,Intermediate,Afternoon,Cognitive,71.3
11.3,28.1,68.0,18.6,393.2,3.1,7.1,32.3,Expert,Morning,Creative,94.7
19.2,32.5,63.0,13.3,317.7,4.5,7.3,105.4,Intermediate,Evening,Cognitive,71.3
19.0,26.4,61.7,17.7,343.8,9.5,6.9,145.5,Intermediate,Afternoon,Creative,74.9
10.2,37.5,71.1,18.8,314.1,2.7,8.2,15.3,Intermediate,Evening,Creative,77.7
12.9,36.1,62.6,15.9,360.8,3.2,6.8,82.3,Expert,Evening,Cognitive,77.5
21.8,32.2,,17.4,315.5,6.8,8.5,145.4,Expert,Morning,Cognitive,87.2
16.6,33.7,47.0,11.7,368.6,0.8,7.5,90.4,Beginner,Afternoon,Creative,64.7
18.1,21.1,64.9,24.8,176.5,4.5,5.3,121.4,Beginner,Evening,Creative,77.1
10.4,38.8,,17.3,325.0,-0.8,7.2,150.0,Beginner,Afternoon,Cognitive,76.0
17.6,29.4,57.6,18.3,333.1,1.2,6.9,88.7,Intermediate,Evening,Analytical,82.3
9.3,36.2,70.8,18.8,335.2,1.6,6.0,62.6,Intermediate,Afternoon,Analytical,86.2
7.1,34.5,57.8,15.6,265.8,2.2,4.7,,Intermediate,Morning,Creative,81.4
17.9,36.1,55.6,16.2,283.9,1.5,5.2,-14.5,Beginner,Evening,Creative,61.3
20.7,23.7,57.2,19.3,267.8,4.4,5.7,152.4,Intermediate,Morning,Creative,68.3
14.0,24.5,57.5,14.9,344.4,6.8,8.6,110.2,Expert,Morning,Cognitive,92.0
12.8,43.5,50.1,17.2,365.2,8.1,,192.6,Beginner,Afternoon,Creative,68.1
21.8,20.9,76.8,17.4,237.8,1.9,8.8,158.7,Intermediate,Evening,Creative,92.2
14.2,23.4,54.5,13.8,330.3,5.5,5.5,124.6,Intermediate,Afternoon,Creative,77.5
14.7,30.3,67.8,17.3,276.8,6.4,5.9,141.5,Expert,Morning,Analytical,91.2
21.8,30.3,49.8,10.9,407.4,4.2,,,Expert,Afternoon,Creative,68.3
13.6,26.8,,18.8,348.1,5.4,6.6,141.6,Intermediate,Morning,Creative,76.7
12.4,33.7,61.7,20.7,302.4,4.9,7.4,107.5,Intermediate,Morning,Cognitive,91.4
18.3,35.4,60.3,18.7,313.3,4.9,7.9,76.9,Expert,Morning,Analytical,90.6
12.2,29.9,61.7,20.5,734.4,2.5,8.9,186.6,Intermediate,Afternoon,Cognitive,56.2
,28.4,64.2,13.7,322.9,0.0,3.7,159.8,Beginner,Evening,Creative,81.7
9.7,29.9,57.7,15.3,230.6,3.3,10.0,85.9,Intermediate,Morning,Creative,92.3
15.7,27.0,58.2,16.4,395.9,2.5,5.4,,Beginner,Morning,Creative,69.8
15.3,19.8,65.8,16.4,360.6,3.4,7.2,154.3,Beginner,Evening,Creative,73.3
18.9,31.8,48.6,14.7,638.4,5.9,8.4,164.3,Expert,Afternoon,Creative,58.4
18.4,34.6,47.0,13.3,350.0,6.9,8.0,130.7,Intermediate,Evening,Cognitive,66.9
17.2,29.1,61.8,21.2,536.7,4.3,8.7,,Intermediate,Morning,Creative,75.8
16.6,16.4,39.9,13.5,288.0,1.6,,186.3,Beginner,Morning,Creative,66.7
14.7,26.6,43.2,21.0,313.9,3.2,7.6,130.3,Beginner,Afternoon,Analytical,73.6
17.4,35.4,78.1,17.5,350.0,2.5,8.1,21.7,Beginner,Afternoon,Analytical,78.1
10.6,21.4,75.5,16.6,343.5,4.2,5.1,167.8,Beginner,Afternoon,Creative,69.8
5.6,34.2,54.3,17.6,366.9,3.1,5.9,81.1,Intermediate,Afternoon,Creative,73.1
19.6,27.3,70.0,20.6,343.7,5.8,5.5,,Beginner,Morning,Creative,77.8
17.7,29.9,70.3,8.1,786.4,2.3,3.4,174.4,Intermediate,Afternoon,Creative,59.1
14.5,25.9,,17.1,406.2,8.4,5.6,252.2,Beginner,Afternoon,Creative,71.3
19.3,23.2,59.2,16.4,335.1,1.1,5.4,151.4,Expert,Afternoon,Creative,86.3
12.1,38.6,66.3,16.6,303.2,4.6,5.6,235.2,Beginner,Afternoon,Cognitive,68.9
12.2,34.9,68.0,18.8,311.0,0.8,,123.6,Beginner,Afternoon,Cognitive,81.0
11.6,33.9,66.4,14.2,223.7,6.1,5.9,164.0,Beginner,Morning,Cognitive,84.9
17.3,35.5,44.5,12.5,321.0,4.1,8.3,227.6,Intermediate,Morning,Analytical,67.7
8.7,33.0,80.3,11.8,289.2,4.4,4.6,169.2,Intermediate,Afternoon,Creative,89.3
11.9,35.7,84.0,13.3,284.8,2.2,6.0,144.7,Intermediate,Morning,Analytical,98.3
16.2,26.0,40.9,18.1,318.1,6.2,6.4,37.8,Intermediate,Afternoon,Analytical,83.2
10.2,38.3,65.1,17.5,215.1,5.3,8.8,59.2,Beginner,Evening,Analytical,76.3
12.4,37.7,80.5,18.6,311.1,2.9,7.1,137.9,Intermediate,Afternoon,Cognitive,91.8
6.2,32.3,70.0,14.6,330.2,4.0,7.4,180.7,Intermediate,Morning,Creative,77.1
17.4,28.3,70.1,14.8,243.2,2.2,5.4,111.9,Beginner,Evening,Creative,73.4
12.2,22.7,45.6,21.0,387.7,2.1,8.3,160.5,Beginner,Morning,Analytical,73.8
10.6,31.4,67.9,19.1,342.1,2.8,6.9,69.3,Beginner,Morning,Cognitive,80.2
9.8,40.1,62.4,18.3,384.5,3.5,4.4,81.9,Beginner,Afternoon,Analytical,71.1
13.3,23.0,67.8,10.5,341.7,4.0,8.1,148.8,Intermediate,Afternoon,Analytical,80.1
8.7,36.1,49.6,21.9,338.0,3.9,7.4,123.5,Beginner,Morning,Creative,76.0
22.8,27.2,49.3,15.7,396.1,2.3,6.5,97.2,Beginner,Afternoon,Cognitive,61.3
5.5,27.7,58.6,16.5,385.8,5.5,6.5,88.0,Beginner,Afternoon,Creative,81.4
13.2,22.9,,17.3,417.1,6.2,5.4,30.0,Expert,Morning,Analytical,80.0
15.4,25.5,58.4,16.5,313.8,5.8,8.7,118.6,Expert,Morning,Creative,91.2
11.9,33.9,55.2,15.5,280.3,5.4,8.1,32.5,Beginner,Afternoon,Analytical,75.5
15.8,34.6,58.0,16.4,262.1,-1.0,5.4,101.5,Beginner,Afternoon,Cognitive,77.1
11.8,31.4,53.3,17.9,271.1,2.0,7.1,109.9,Beginner,Morning,Creative,78.5
,27.0,59.5,18.5,353.9,1.0,5.9,205.8,Intermediate,Morning,Creative,76.1
,23.4,45.8,19.7,456.3,0.5,5.1,56.9,Beginner,Afternoon,Creative,68.7
5.6,30.4,65.1,12.7,395.4,6.3,9.3,148.8,Intermediate,Evening,Creative,70.6
9.8,27.8,62.6,14.4,311.0,7.4,6.5,130.4,Intermediate,Morning,Creative,86.0
16.5,31.3,47.4,18.6,358.3,4.0,5.7,56.7,Expert,Afternoon,Cognitive,82.5
14.5,28.1,73.3,11.3,292.3,4.9,,123.8,Beginner,Morning,Cognitive,87.4
18.0,28.2,51.7,16.5,295.4,3.3,6.6,40.6,Expert,Morning,Creative,85.2
17.0,31.0,,13.6,268.3,6.3,3.8,123.7,Intermediate,Morning,Analytical,82.1
12.5,32.1,63.3,17.7,271.6,4.6,6.8,107.0,Beginner,Evening,Analytical,72.7
13.0,37.3,70.0,13.5,347.8,3.0,8.8,173.3,Beginner,Afternoon,Creative,75.6
13.5,28.0,61.8,14.9,394.1,5.1,8.4,77.2,Beginner,Evening,Creative,67.7
,33.3,,15.1,372.1,3.6,7.7,-13.3,Beginner,Afternoon,Cognitive,67.7
17.8,40.8,69.9,16.7,392.9,4.4,10.6,85.3,Beginner,Evening,Cognitive,70.7
22.6,33.4,79.1,18.9,359.2,5.4,7.4,157.3,Intermediate,Morning,Creative,83.6
18.4,37.0,70.7,19.1,318.3,11.5,5.6,128.8,Intermediate,Morning,Creative,80.7
14.7,26.3,64.5,16.6,293.7,7.6,8.3,85.6,Expert,Evening,Analytical,85.2
10.9,25.7,46.5,12.7,348.8,4.3,7.2,,Beginner,Afternoon,Cognitive,68.0
15.8,29.0,35.8,23.7,236.0,2.1,7.1,103.2,Expert,Evening,Creative,78.7
14.8,29.7,58.7,15.7,289.8,-0.5,7.4,167.1,Beginner,Morning,Cognitive,70.9
14.6,36.4,52.9,16.8,280.6,6.6,6.4,121.4,Intermediate,Afternoon,Creative,73.0
14.2,25.6,53.2,16.7,382.2,6.2,9.8,160.4,Beginner,Afternoon,Creative,69.9
6.8,29.5,,17.1,251.1,2.7,4.6,166.1,Beginner,Morning,Creative,83.9
20.0,36.4,,13.5,366.5,3.8,8.2,200.4,Expert,Afternoon,Creative,86.4
14.8,31.3,53.8,17.3,339.4,4.4,7.2,73.2,Beginner,Afternoon,Analytical,72.6
9.3,29.9,69.0,21.5,340.0,5.2,7.7,154.3,Intermediate,Morning,Creative,91.0
16.9,31.4,60.3,10.0,296.6,7.3,6.4,46.1,Intermediate,Morning,Analytical,86.7
11.6,23.2,,16.1,246.8,1.4,9.3,153.6,Intermediate,Morning,Analytical,90.9
17.2,23.1,78.7,12.6,345.0,5.3,8.3,18.8,Intermediate,Morning,Creative,88.0
18.5,20.5,61.8,19.0,364.3,4.4,5.8,235.6,Intermediate,Afternoon,Cognitive,68.6
19.1,31.2,59.5,19.4,344.9,3.0,8.7,140.0,Beginner,Morning,Cognitive,60.0
14.4,35.5,65.2,15.6,312.8,5.6,7.5,133.5,Intermediate,Morning,Creative,86.1
13.3,34.6,78.0,16.2,263.1,3.8,6.1,21.3,Expert,Evening,Creative,87.8
12.5,36.9,59.5,13.4,288.8,3.8,4.5,180.7,Beginner,Afternoon,Creative,61.5
12.1,38.7,64.4,8.9,342.5,4.6,8.2,194.8,Beginner,Afternoon,Cognitive,79.9
14.9,30.9,58.9,15.2,280.5,3.1,,106.3,Intermediate,Afternoon,Cognitive,92.5
14.2,29.6,59.0,15.4,271.9,5.3,7.8,93.9,Intermediate,Evening,Creative,75.2
11.7,38.9,,16.1,247.7,3.2,9.2,97.4,Intermediate,Morning,Cognitive,87.8
10.4,25.8,54.4,6.2,346.8,7.4,5.8,223.6,Beginner,Afternoon,Analytical,77.8
14.6,22.9,,10.8,345.7,4.5,9.0,114.1,Intermediate,Afternoon,Cognitive,91.2
13.3,28.0,54.5,11.6,377.7,2.7,5.3,129.9,Beginner,Morning,Cognitive,72.2
10.4,27.3,44.6,16.2,212.8,4.6,9.2,177.0,Intermediate,Evening,Creative,83.7
18.3,30.3,61.3,17.8,378.6,6.0,9.7,-26.3,Intermediate,Evening,Analytical,77.8
22.1,24.9,70.2,12.5,375.7,0.8,8.3,115.1,Beginner,Evening,Creative,61.0
18.9,32.2,72.4,15.2,380.4,6.5,7.7,103.1,Intermediate,Morning,Cognitive,91.9
12.1,26.6,48.1,14.3,326.0,4.7,8.3,129.1,Expert,Morning,Analytical,85.7
14.8,37.4,71.1,22.1,331.1,3.9,6.5,168.4,Intermediate,Evening,Creative,64.6
21.2,22.8,80.6,14.8,330.9,2.6,5.0,178.5,Expert,Afternoon,Cognitive,85.8
10.3,29.2,53.2,14.7,274.3,4.7,5.9,,Intermediate,Morning,Analytical,95.1
18.1,28.0,58.3,13.6,276.5,2.2,10.4,111.3,Intermediate,Afternoon,Creative,85.2
9.2,31.4,47.7,10.3,331.3,0.0,5.3,121.5,Beginner,Morning,Analytical,77.6
21.7,35.6,78.5,17.9,307.5,2.6,8.4,165.5,Beginner,Morning,Cognitive,91.8
13.3,31.6,45.1,15.2,355.8,3.5,6.8,188.9,Beginner,Evening,Creative,61.7
23.9,29.2,56.0,14.8,302.2,5.2,6.5,35.7,Intermediate,Morning,Cognitive,81.4
21.9,34.1,67.8,16.5,246.6,3.6,9.5,142.5,Expert,Morning,Analytical,98.5
14.6,35.1,53.2,11.3,248.9,1.7,7.1,,Beginner,Morning,Cognitive,86.6
12.1,31.6,50.1,21.3,281.9,2.7,8.4,242.9,Intermediate,Afternoon,Analytical,74.2
15.8,32.3,59.5,10.5,356.3,4.0,10.6,53.9,Intermediate,Morning,Creative,82.8
14.3,33.9,83.9,21.3,294.0,5.3,6.7,50.4,Intermediate,Afternoon,Cognitive,94.1
13.4,20.1,57.4,16.0,334.9,5.6,7.7,84.4,Beginner,Afternoon,Creative,84.4
8.4,27.9,57.9,14.8,236.4,1.3,8.1,155.6,Intermediate,Evening,Creative,79.0
12.9,32.3,48.8,18.0,328.1,4.1,,,Beginner,Morning,Creative,79.3
10.6,28.3,63.9,15.0,321.9,5.5,7.7,87.1,Beginner,Evening,Creative,75.5
17.2,28.3,68.8,18.8,379.5,2.3,8.7,181.0,Expert,Morning,Cognitive,93.1
19.0,32.2,53.9,16.9,327.7,7.6,8.2,93.9,Beginner,Afternoon,Cognitive,67.2
18.0,32.4,,18.1,358.1,3.0,7.2,171.1,Beginner,Afternoon,Creative,64.3
16.4,32.8,54.0,19.1,417.3,6.0,2.7,36.4,Expert,Morning,Creative,70.1
11.6,25.2,41.1,15.5,322.0,5.4,4.8,62.1,Beginner,Afternoon,Analytical,72.2
,21.5,64.6,18.9,396.7,2.6,9.8,95.1,Intermediate,Morning,Creative,80.5
18.2,34.8,80.7,17.6,326.2,4.0,5.6,,Beginner,Morning,Analytical,83.3
12.7,25.5,48.0,20.0,293.3,6.7,8.8,69.7,Beginner,Afternoon,Analytical,74.9
15.5,25.1,,14.9,314.6,2.9,5.2,68.7,Beginner,Afternoon,Creative,87.5
14.4,24.6,73.1,20.1,294.7,4.4,5.6,147.1,Beginner,Morning,Cognitive,89.4
,36.9,59.0,13.7,296.5,1.0,8.0,169.1,Intermediate,Morning,Analytical,82.3
,31.3,45.7,10.0,291.3,4.7,9.3,73.4,Intermediate,Morning,Cognitive,79.4
17.4,32.1,60.4,11.9,304.8,3.2,,39.5,Intermediate,Afternoon,Creative,74.3
8.1,34.1,74.9,15.0,355.5,5.0,7.5,,Expert,Afternoon,Creative,87.3
15.7,29.7,54.9,16.8,435.2,2.3,,,Beginner,Morning,Creative,63.1
14.4,36.1,62.3,16.0,334.4,4.6,3.8,57.0,Intermediate,Morning,Creative,72.4
14.3,22.8,49.5,18.4,326.0,3.3,6.4,220.5,Intermediate,Afternoon,Analytical,74.0
8.7,23.5,59.0,12.4,389.2,-1.3,7.2,67.3,Expert,Evening,Analytical,85.6
10.6,23.2,63.9,21.2,301.7,4.2,6.9,104.1,Beginner,Afternoon,Cognitive,85.0
14.7,32.5,61.3,20.0,376.6,6.5,10.3,105.1,Intermediate,Evening,Cognitive,84.5
19.5,33.0,55.7,18.8,277.0,1.8,4.7,,Expert,Morning,Analytical,85.8
,27.2,64.4,19.8,297.3,2.7,6.5,228.9,Beginner,Evening,Creative,72.7
13.4,28.6,66.7,11.3,340.8,6.7,9.5,64.0,Expert,Morning,Cognitive,85.2
22.1,37.6,,18.1,350.4,5.1,8.0,224.2,Beginner,Evening,Analytical,69.7
13.8,25.8,57.1,18.2,306.7,3.3,5.4,102.0,Intermediate,Morning,Cognitive,85.7
14.5,31.8,53.8,18.9,331.1,4.6,3.7,102.1,Expert,Afternoon,Analytical,77.1
14.5,25.9,79.6,18.5,311.8,2.7,6.4,81.1,Intermediate,Afternoon,Creative,77.7
9.6,36.6,61.4,17.3,359.6,8.9,5.5,160.9,Intermediate,Afternoon,Analytical,77.1
17.3,33.8,,17.2,312.7,5.8,6.3,239.0,Beginner,Evening,Cognitive,67.4
12.4,21.6,45.2,19.6,308.9,7.4,,86.1,Expert,Afternoon,Analytical,77.1
14.9,28.4,50.7,14.1,369.6,4.2,5.5,101.9,Intermediate,Evening,Cognitive,76.1
16.8,17.5,53.6,17.1,330.5,1.5,6.0,207.8,Beginner,Afternoon,Cognitive,62.1
22.8,35.4,64.4,14.3,353.4,5.0,8.4,52.9,Intermediate,Afternoon,Cognitive,74.4
9.7,42.3,56.4,15.5,444.9,6.5,,73.1,Intermediate,Morning,Creative,74.5
18.5,16.9,60.2,8.0,220.7,6.6,9.2,202.2,Beginner,Evening,Creative,78.6
18.5,21.4,45.7,13.4,268.6,0.6,8.2,145.3,Beginner,Afternoon,Analytical,75.5
,31.0,74.0,14.7,273.6,4.4,6.0,68.1,Beginner,Afternoon,Analytical,79.1
17.4,29.9,52.6,14.7,277.3,0.8,7.8,157.3,Intermediate,Afternoon,Cognitive,74.9
21.6,27.5,62.4,15.0,391.2,2.8,7.2,27.5,Intermediate,Afternoon,Creative,84.3
11.9,19.6,54.7,12.4,186.6,5.2,4.4,185.1,Intermediate,Evening,Analytical,76.9
,31.9,56.8,15.0,344.1,6.7,10.2,2.0,Expert,Morning,Analytical,85.3
16.6,35.3,52.1,19.3,243.4,4.4,5.4,58.7,Expert,Morning,Creative,79.4
17.1,47.1,63.0,15.1,321.3,1.7,6.8,142.5,Intermediate,Morning,Cognitive,80.8
,37.8,50.2,19.9,333.0,5.2,6.3,44.3,Beginner,Evening,Analytical,67.9
15.7,22.2,,19.7,365.3,2.3,7.2,,Intermediate,Morning,Cognitive,79.9
17.1,29.9,58.8,14.2,306.7,3.4,7.3,154.0,Intermediate,Morning,Creative,73.2
11.4,33.6,66.3,17.7,311.3,4.2,7.9,75.7,Intermediate,Morning,Creative,74.4
15.7,25.9,67.3,12.1,217.5,2.7,,112.9,Intermediate,Afternoon,Analytical,88.9
,34.7,56.8,12.8,434.0,5.3,8.6,170.3,Beginner,Afternoon,Analytical,69.7
10.1,34.2,63.7,16.3,504.3,5.5,6.0,278.0,Expert,Morning,Creative,74.0
13.0,37.4,55.5,17.5,341.9,6.1,6.2,211.1,Beginner,Evening,Cognitive,70.6
16.1,34.8,73.2,20.8,373.7,6.9,4.4,69.6,Intermediate,Evening,Cognitive,81.1
16.7,31.7,56.4,15.5,316.6,3.7,7.3,60.2,Beginner,Morning,Creative,84.2
9.9,26.2,58.0,16.5,341.2,1.5,9.3,199.0,Expert,Afternoon,Analytical,76.0
11.2,22.2,55.3,16.3,355.8,1.7,6.6,142.8,Beginner,Afternoon,Creative,73.7
17.9,31.3,52.7,21.4,246.3,7.5,9.6,104.9,Beginner,Morning,Analytical,71.5
17.0,27.6,80.3,20.0,346.5,7.2,,,Beginner,Morning,Cognitive,88.8
18.5,28.2,64.9,17.2,423.8,6.7,5.0,168.8,Beginner,Afternoon,Analytical,78.9
20.5,36.7,,18.4,407.3,2.8,9.1,96.8,Beginner,Afternoon,Cognitive,82.9
17.2,38.2,,17.0,396.6,7.4,6.7,166.7,Intermediate,Morning,Creative,63.2
13.3,22.6,71.1,19.2,415.5,3.7,5.5,196.0,Intermediate,Evening,Analytical,83.0
15.5,28.7,54.5,18.6,257.0,4.7,7.4,126.2,Beginner,Afternoon,Cognitive,70.3
21.6,27.4,61.2,15.1,293.8,5.7,7.5,38.5,Beginner,Afternoon,Analytical,78.9
26.1,31.9,82.0,16.3,274.4,6.5,8.4,154.1,Expert,Morning,Cognitive,85.4
16.9,16.4,50.4,16.5,494.8,5.1,6.5,186.4,Intermediate,Afternoon,Cognitive,60.7
17.1,21.2,65.4,16.5,332.2,6.8,5.0,192.0,Intermediate,Morning,Creative,78.2
17.9,29.3,62.9,14.5,249.3,4.0,6.6,129.9,Intermediate,Afternoon,Creative,93.9
15.1,34.7,65.3,17.0,264.9,3.6,7.0,17.0,Beginner,Evening,Analytical,81.7
19.7,30.5,57.2,14.5,325.4,3.4,8.7,92.7,Beginner,Evening,Cognitive,70.5
19.0,34.0,54.1,14.2,251.9,1.7,4.7,90.2,Beginner,Afternoon,Creative,71.1
16.4,31.2,,15.6,413.4,-1.6,6.4,171.2,Expert,Afternoon,Analytical,78.5
13.7,37.7,55.4,16.8,359.5,6.1,7.4,144.7,Expert,Evening,Creative,78.7
8.9,38.9,36.7,19.7,335.7,3.5,9.3,,Intermediate,Afternoon,Analytical,89.2
17.9,25.4,51.8,18.1,267.3,5.5,6.0,79.2,Beginner,Morning,Creative,63.8
15.9,35.3,56.8,19.3,253.9,5.2,5.8,132.8,Beginner,Afternoon,Creative,65.3
12.0,33.0,49.2,21.3,337.5,4.3,8.0,-17.6,Beginner,Morning,Cognitive,83.2
10.5,45.0,61.5,14.2,326.9,5.9,3.6,,Intermediate,Evening,Cognitive,79.1
17.6,25.2,,18.1,255.8,6.1,6.2,31.0,Beginner,Afternoon,Creative,74.5
8.6,29.3,59.6,18.3,317.3,2.1,7.9,224.3,Expert,Afternoon,Cognitive,74.3
16.2,23.8,81.7,16.8,317.4,7.1,7.5,148.0,Beginner,Morning,Creative,78.0
18.4,24.2,72.3,18.7,356.9,5.7,7.3,145.6,Expert,Afternoon,Analytical,93.3
17.2,32.3,65.9,16.3,425.3,2.2,4.5,46.5,Intermediate,Evening,Creative,68.7
13.4,31.2,78.1,18.0,216.0,2.7,5.1,112.3,Intermediate,Morning,Creative,88.7
10.0,33.2,59.3,11.8,360.1,1.5,9.0,159.6,Intermediate,Afternoon,Analytical,82.5
17.3,33.1,59.4,16.0,285.2,5.3,6.9,67.7,Intermediate,Evening,Analytical,76.8
19.8,28.6,49.4,18.1,341.1,3.6,6.7,92.6,Intermediate,Afternoon,Cognitive,75.3
,28.5,72.8,19.1,326.5,-1.0,5.8,186.4,Intermediate,Afternoon,Analytical,75.7
17.0,24.2,,13.4,345.0,2.9,7.0,55.7,Intermediate,Afternoon,Cognitive,91.8
21.3,25.8,69.1,15.8,257.8,3.2,6.3,94.1,Expert,Afternoon,Creative,91.6
,29.7,74.2,12.8,368.5,4.2,8.3,70.9,Intermediate,Morning,Analytical,84.1
13.4,31.2,,14.8,322.0,0.9,5.4,140.3,Intermediate,Morning,Creative,63.6
19.2,34.3,83.4,16.9,389.6,4.2,8.3,166.5,Expert,Afternoon,Cognitive,78.5
12.0,33.7,59.0,19.1,399.6,7.0,9.5,216.4,Beginner,Evening,Analytical,67.5
9.8,39.3,83.6,18.7,331.8,4.4,7.9,143.7,Beginner,Morning,Cognitive,87.0
18.2,24.2,,16.7,369.5,5.2,,194.8,Intermediate,Morning,Cognitive,78.3
13.4,28.6,67.7,14.0,365.2,7.1,8.2,142.0,Intermediate,Afternoon,Analytical,74.7
13.7,24.7,56.6,15.6,386.9,3.8,6.3,38.0,Expert,Evening,Analytical,80.0
12.5,37.7,61.6,23.6,383.3,3.7,6.2,122.4,Intermediate,Morning,Cognitive,86.2
13.1,27.0,40.9,11.8,261.8,4.7,7.2,123.3,Intermediate,Evening,Analytical,74.7
20.6,36.9,69.3,12.4,333.9,2.2,6.6,184.0,Intermediate,Morning,Cognitive,75.7
21.6,38.7,34.4,16.5,250.6,2.6,6.3,114.3,Beginner,Evening,Creative,61.2
22.2,32.5,57.0,18.1,293.9,-0.1,8.0,97.7,Intermediate,Afternoon,Creative,87.0
19.4,31.8,75.4,18.6,295.9,8.6,7.2,68.9,Expert,Afternoon,Analytical,92.3
16.9,30.2,,16.9,732.1,5.7,,177.4,Beginner,Afternoon,Analytical,50.8
9.3,28.1,44.7,11.4,308.5,2.1,8.5,114.6,Intermediate,Evening,Creative,75.3
14.2,27.4,46.6,15.3,312.0,6.0,8.8,155.8,Intermediate,Morning,Cognitive,80.5
,29.1,54.0,10.7,370.0,2.4,7.9,71.1,Beginner,Morning,Cognitive,75.0
13.3,40.9,60.8,17.2,364.0,4.1,8.0,260.4,Beginner,Afternoon,Cognitive,70.8
21.1,23.7,68.8,17.4,333.8,4.1,6.7,65.7,Expert,Evening,Analytical,80.3
15.2,31.2,66.0,15.6,357.5,3.1,5.2,43.3,Beginner,Evening,Cognitive,74.1
4.3,34.3,,12.5,352.3,2.4,7.3,150.6,Beginner,Afternoon,Analytical,74.4
17.6,28.3,66.2,13.5,418.2,6.4,9.3,43.3,Beginner,Afternoon,Analytical,68.5
20.1,32.5,67.3,11.1,309.6,4.2,7.4,,Intermediate,Morning,Analytical,83.0
14.8,21.0,,15.8,282.4,7.4,9.5,78.4,Intermediate,Evening,Creative,75.5
19.9,38.0,84.8,25.5,330.2,1.9,9.6,,Intermediate,Evening,Cognitive,77.4
8.3,36.8,67.3,15.7,272.5,3.1,6.9,129.3,Beginner,Afternoon,Analytical,80.4
,29.4,69.7,14.7,301.6,3.9,6.3,188.5,Expert,Afternoon,Cognitive,92.6
15.8,24.7,78.8,16.7,342.5,6.2,6.4,145.4,Beginner,Evening,Creative,69.4
,34.8,68.5,12.5,294.6,2.4,6.8,122.9,Beginner,Evening,Cognitive,90.2
20.4,23.1,54.5,12.7,308.6,5.1,5.5,132.3,Intermediate,Afternoon,Creative,77.9
17.6,24.0,72.4,14.1,306.4,4.7,7.8,61.9,Beginner,Afternoon,Analytical,71.9
10.2,29.7,56.0,18.7,298.3,6.9,8.4,78.0,Expert,Afternoon,Analytical,81.7
15.9,39.1,50.2,17.0,265.2,5.0,4.2,133.2,Expert,Afternoon,Creative,85.0
17.4,33.8,51.0,15.5,370.6,0.4,9.7,155.7,Beginner,Afternoon,Analytical,67.6
,26.1,72.3,18.2,388.5,2.0,6.2,100.5,Expert,Morning,Cognitive,85.2
14.8,19.9,66.2,21.1,367.6,2.1,6.6,107.2,Intermediate,Afternoon,Cognitive,74.7
13.7,30.2,70.6,18.2,367.1,3.1,7.5,,Expert,Afternoon,Creative,82.0
12.4,31.5,66.3,12.9,299.2,6.6,5.7,142.6,Beginner,Afternoon,Cognitive,76.3
17.0,29.6,61.9,10.3,328.8,3.5,6.1,120.2,Intermediate,Morning,Analytical,82.5
10.4,40.8,63.2,10.8,281.0,4.1,5.8,157.1,Beginner,Evening,Analytical,73.2
16.7,29.2,65.9,18.6,313.3,3.6,7.0,82.9,Expert,Afternoon,Analytical,80.8
17.2,16.3,54.0,13.7,317.7,5.1,6.1,116.7,Beginner,Morning,Cognitive,72.4
19.3,27.6,47.1,18.5,250.7,2.6,7.6,210.7,Intermediate,Afternoon,Analytical,86.6
10.5,32.7,55.1,14.6,326.6,3.7,5.0,242.2,Beginner,Evening,Cognitive,69.6
9.0,32.3,65.4,17.2,293.5,3.6,7.7,,Beginner,Evening,Creative,77.5
16.1,28.9,53.5,18.1,333.3,3.9,5.3,198.9,Intermediate,Morning,Analytical,72.2
13.9,27.9,81.3,13.7,308.2,2.9,8.5,196.1,Expert,Evening,Creative,86.1
26.6,18.0,64.4,18.5,337.3,1.3,8.2,169.2,Intermediate,Morning,Cognitive,80.1
16.8,30.5,61.2,14.0,354.9,5.9,3.8,13.4,Expert,Evening,Cognitive,79.5
15.2,28.0,53.9,13.9,257.3,3.8,8.3,34.8,Beginner,Morning,Creative,84.4
14.3,31.5,69.2,18.5,304.0,6.3,3.1,89.6,Intermediate,Morning,Analytical,88.9
10.1,32.9,47.9,17.9,287.6,5.0,5.2,90.0,Intermediate,Afternoon,Analytical,82.8
17.3,37.4,63.2,17.4,378.9,5.0,8.5,65.2,Beginner,Afternoon,Analytical,66.5
14.7,24.3,,12.7,404.9,6.3,6.2,153.4,Intermediate,Afternoon,Creative,75.3
14.7,22.2,61.2,14.8,322.1,9.2,9.3,156.7,Intermediate,Evening,Cognitive,77.3
15.4,26.6,64.9,18.1,340.2,6.6,8.1,227.5,Intermediate,Evening,Creative,79.4
15.9,25.6,48.5,22.9,246.3,5.8,6.4,83.6,Intermediate,Afternoon,Cognitive,84.8
8.0,25.0,43.3,21.4,335.2,4.6,6.1,80.9,Intermediate,Afternoon,Analytical,79.4
18.3,38.7,50.7,14.6,307.1,6.5,9.3,,Beginner,Morning,Analytical,70.7
11.6,30.9,68.8,14.0,387.9,2.5,6.3,42.7,Beginner,Morning,Cognitive,76.9
14.4,41.8,63.7,21.2,308.6,5.2,4.2,232.2,Intermediate,Afternoon,Analytical,81.3
20.1,30.0,56.0,17.8,279.0,6.6,5.6,98.5,Beginner,Morning,Creative,72.5
,23.0,79.7,14.6,252.9,5.9,7.2,115.2,Beginner,Afternoon,Cognitive,79.0
8.2,25.2,72.9,16.4,329.1,3.8,5.8,128.2,Intermediate,Afternoon,Analytical,83.0
15.1,36.1,70.4,12.3,292.8,4.9,10.6,111.1,Intermediate,Morning,Analytical,87.5
16.1,23.2,52.8,19.0,380.9,3.3,6.0,103.5,Beginner,Afternoon,Analytical,75.5
9.0,33.3,70.3,20.2,351.7,2.5,6.1,261.3,Intermediate,Morning,Analytical,81.5
,27.9,63.4,20.6,315.0,6.9,,125.2,Intermediate,Afternoon,Cognitive,76.8
15.5,24.4,52.8,19.4,351.4,3.1,8.3,148.9,Beginner,Evening,Cognitive,62.3
15.8,38.3,59.0,15.0,407.2,3.1,6.6,90.4,Intermediate,Afternoon,Analytical,76.5
11.3,26.5,49.6,18.7,262.0,3.2,8.2,156.9,Intermediate,Morning,Creative,88.0
,25.0,52.9,20.4,288.2,2.6,8.7,121.9,Intermediate,Afternoon,Creative,73.5
18.4,29.5,48.6,18.8,417.1,2.6,7.5,135.0,Intermediate,Morning,Creative,74.7
15.5,27.0,,18.6,282.3,0.5,7.5,148.7,Beginner,Afternoon,Creative,79.5
12.9,43.3,59.3,16.6,353.1,0.9,5.2,173.0,Intermediate,Afternoon,Cognitive,77.8
13.3,36.4,50.6,13.3,379.4,3.6,4.7,162.0,Beginner,Afternoon,Cognitive,76.4
15.9,26.5,65.2,21.6,319.2,4.9,4.8,118.6,Expert,Evening,Creative,82.1
15.2,27.1,60.0,15.9,354.5,0.6,,120.3,Expert,Afternoon,Cognitive,83.1
18.6,17.9,70.5,19.6,305.3,4.4,,53.3,Intermediate,Morning,Creative,87.7
13.1,30.8,61.3,23.4,410.8,6.6,6.1,109.5,Beginner,Morning,Analytical,71.3
10.1,25.5,45.6,18.7,297.9,3.1,8.5,,Beginner,Evening,Analytical,78.4
16.4,30.5,55.0,19.5,272.3,2.0,7.8,175.0,Beginner,Morning,Creative,74.7
13.1,18.2,48.4,13.2,364.4,3.9,7.1,-22.1,Intermediate,Afternoon,Cognitive,78.6
,29.8,65.6,13.8,355.5,5.0,,138.6,Beginner,Afternoon,Creative,73.7
15.0,40.2,70.8,19.8,327.5,2.9,6.4,73.6,Intermediate,Afternoon,Cognitive,78.2
17.6,30.3,44.6,14.4,321.7,5.9,6.3,166.6,Beginner,Evening,Analytical,63.9
10.9,25.4,58.8,12.0,295.2,4.9,7.9,,Expert,Afternoon,Cognitive,84.0
15.6,29.9,71.5,11.0,283.3,7.5,8.3,117.1,Beginner,Afternoon,Creative,84.8
12.2,29.6,44.4,15.4,289.7,0.6,6.4,,Expert,Evening,Analytical,78.1
